:020000040800F2
:10000000004002208D7801081D790108DD6101089A
:1000100000000000000000000000000000000000E0
:10002000000000000000000000000000A3800108A4
:100030000000000000000000B1810108C961010852
:100040001D7901081D7901081D7901081D79010834
:100050001D7901081D6201081D7901081D7901083B
:100060001D7901081D7901081D7901081D79010814
:100070001D7901081D7901081D7901081D79010804
:100080001D7901081D7901081D7901081D790108F4
:100090001D7901081D7901081D7901081D790108E4
:1000A0001D7901081D7901081D79010829620108DF
:0C00B00059620108896201081D790108ED
:1000C00010B5064C2378002B07D1054B002B02D02E
:1000D000044800E000BF0123237010BD000A002087
:1000E0000000000040C20208044B10B5002B03D0F2
:1000F0000349044800E000BF10BDC04600000000F6
:10010000040A002040C2020802780B78002A03D0BB
:10011000013001319A42F7D0D01A70470023C25CF7
:100120000133002AFBD1581E7047000002B471460B
:1001300049084900095C49008E4402BC7047C0462A
:1001400003B47146490840004900095A49008E44E9
:1001500003BC7047002243088B4274D303098B42CF
:100160005FD3030A8B4244D3030B8B4228D3030C87
:100170008B420DD3FF22090212BA030C8B4202D329
:100180001212090265D0030B8B4219D300E0090A51
:10019000C30B8B4201D3CB03C01A5241830B8B425A
:1001A00001D38B03C01A5241430B8B4201D34B0343
:1001B000C01A5241030B8B4201D30B03C01A5241A8
:1001C000C30A8B4201D3CB02C01A5241830A8B422D
:1001D00001D38B02C01A5241430A8B4201D34B0216
:1001E000C01A5241030A8B4201D30B02C01A52417A
:1001F000CDD2C3098B4201D3CB01C01A524183092E
:100200008B4201D38B01C01A524143098B4201D367
:100210004B01C01A524103098B4201D30B01C01A92
:100220005241C3088B4201D3CB00C01A524183080C
:100230008B4201D38B00C01A524143088B4201D339
:100240004B00C01A5241411A00D201465241104699
:100250007047FFE701B5002000F0F0F802BDC0468E
:100260000029F7D076E7704703460B437FD400227E
:1002700043088B4274D303098B425FD3030A8B423A
:1002800044D3030B8B4228D3030C8B420DD3FF22A4
:10029000090212BA030C8B4202D31212090265D072
:1002A000030B8B4219D300E0090AC30B8B4201D325
:1002B000CB03C01A5241830B8B4201D38B03C01A6C
:1002C0005241430B8B4201D34B03C01A5241030BE3
:1002D0008B4201D30B03C01A5241C30A8B4201D394
:1002E000CB02C01A5241830A8B4201D38B02C01A3F
:1002F0005241430A8B4201D34B02C01A5241030AB6
:100300008B4201D30B02C01A5241CDD2C3098B429A
:1003100001D3CB01C01A524183098B4201D38B0117
:10032000C01A524143098B4201D34B01C01A5241BA
:1003300003098B4201D30B01C01A5241C3088B42FF
:1003400001D3CB00C01A524183088B4201D38B00EA
:10035000C01A524143088B4201D34B00C01A52418C
:10036000411A00D201465241104670475DE0CA0F63
:1003700000D04942031000D34042534000229C4623
:1003800003098B422DD3030A8B4212D3FC2289012D
:1003900012BA030A8B420CD3890192118B4208D303
:1003A000890192118B4204D389013AD0921100E065
:1003B0008909C3098B4201D3CB01C01A5241830979
:1003C0008B4201D38B01C01A524143098B4201D3A6
:1003D0004B01C01A524103098B4201D30B01C01AD1
:1003E0005241C3088B4201D3CB00C01A524183084B
:1003F0008B4201D38B00C01A5241D9D243088B42A1
:1004000001D34B00C01A5241411A00D20146634643
:1004100052415B10104601D34042002B00D54942A7
:10042000704763465B1000D3404201B5002000F0E6
:1004300005F802BD0029F8D016E770477047C0469E
:100440008446100062468C461900634600E0C046B0
:100450001FB501F015FD002801D40021C8421FBDC1
:1004600010B501F065FC4042013010BD10B501F03F
:1004700007FD002801DB002010BD012010BDC04693
:1004800010B501F0FDFC002801DD002010BD0120A9
:1004900010BDC04610B501F08DFC002801DC002025
:1004A00010BD012010BDC04610B501F083FC00282E
:1004B00001DA002010BD012010BDC04684460800AE
:1004C0006146FFE71FB500F04BFA002801D4002178
:1004D000C8421FBD10B500F0D7F94042013010BD31
:1004E00010B500F03DFA002801DB002010BD01200E
:1004F00010BDC04610B500F033FA002801DD002021
:1005000010BD012010BDC04610B500F0E3F9002871
:1005100001DC002010BD012010BDC04610B500F068
:10052000D9F9002801DA002010BD012010BDC04615
:10053000994201D1801A04D002D201204042704772
:1005400001207047002B11D1002A0FD1002900D1C2
:10055000002802D00021C943080007B4024802A1C4
:100560004018029003BDC046D5FEFFFF03B46846A5
:1005700001B5029800F0BCF8019B9E4602B00CBC8D
:100580007047C046F0B5CE469946030C9C4613040E
:1005900047461B0C1D000E0061460404240C80B568
:1005A0000700100C4B436543414360432C0CC018BB
:1005B00020188C46834203D980235B029846C444AA
:1005C000494679435643030C2D042D0C8919634485
:1005D00000044019C918C0BCB946B046F0BDC046B9
:1005E0009E2110B5C905041CFFF798FF002803D110
:1005F000201C00F0E7FC10BD9E21201CC90500F066
:1006000041FB00F0DFFC80231B069C466044F2E7C0
:1006100070B500220C4B04000D00FFF745FF0028C9
:1006200004D12000290002F0F1FA70BD064B00222F
:100630002000290001F04AFF02F0E8FA80231B069F
:100640009C466044F1E7C0460000E04170B50500FB
:100650000C000022002328002100FFF707FF0028DC
:1006600008D12800210000F00FF802000B00100054
:10067000190070BD80231B06E118280000F004F863
:10068000002342428B41F2E770B500220B4B0D0074
:10069000040001F059FCFFF7BBFF060002F01CFB51
:1006A0000022074B01F050FC02000B002000290043
:1006B00001F00CFFFFF7ACFF310070BD0000F03D12
:1006C0000000F04170B50600080002F0D5FA0022E3
:1006D000064B01F039FC0D000400300002F0FCFA7A
:1006E0002B00220000F0D6FC70BDC0460000F04197
:1006F000F0B557464E464546DE46E0B504000D00CF
:100700009246994683B08B4230D82DD04946504608
:1007100002F0F4FB29000600200002F0EFFB331A80
:100720009846203B34D49B4653465A469340424613
:100730001F00534693401E00AF423BD8AF4200D14A
:1007400079E05B46A41BBD41002B00DA76E0002275
:1007500000230092019301235A4693400193012301
:1007600042469340009329E08242CFD900220023E1
:10077000009201930C9B002B01D01C605D600098DF
:10078000019903B0F0BCBB46B246A946A046F0BDF5
:1007900042469B4620239B1A5246DA4041461300AC
:1007A0004A468A40170042461F43534693401E0064
:1007B000AF42C3D900220023009201934346002B8D
:1007C000D8D0FB0772081A4346467B080EE0AB42BE
:1007D00001D1A2420CD8A41A9D41012024196D41D7
:1007E0000021013E24184D41002E06D0AB42EED927
:1007F000013E24196D41002EF8D1009801995B4605
:1008000000196941002B24DB2B005A464446D34093
:100810002A00E2401C005B461500002B2ADB260064
:100820009E40330026004746BE403200801A994160
:10083000009001919EE7A342BCD882E74246202364
:1008400000219B1A0022009101920122DA400192BC
:1008500085E7424620239B1A2A0046469A402300F9
:10086000F340444613432A00E2401C005B46150057
:10087000002BD4DA42462F002023260097409B1AF3
:10088000DE403B003343CDE770B5420045024E02E7
:100890004C00C30F6D0A0120120E760A240EC90FF8
:1008A000FF2A06D0FF2C03D0A24201D1B54206D0C8
:1008B00070BD002DFCD1FF2CFAD1002EF8D18B4257
:1008C00006D00120002AF3D12800431E9841EFE70B
:1008D0000020EDE770B5420045024E024C00C30F08
:1008E0006D0A120E760A240EC80FFF2A1BD0FF2CA9
:1008F0000ED0002A1BD1002C01D1002E1CD0002DBF
:100900000CD083421CD00221581E0840013870BD13
:10091000002E22D1002AF4D1002DF2D10028F6D1E8
:1009200001204042F3E7002D17D1FF2CF0D0002C1E
:10093000E7D1002EE5D1E6E70020002DE7D0E2E781
:10094000A24205DCEADBB54202D8E7D30020DEE7AD
:100950004342584140000138D9E702204042D6E7DF
:1009600070B5420045024E024C00C30F6D0A120ED4
:10097000760A240EC80FFF2A0BD0FF2C0DD0002AB8
:100980001FD1002C16D1002E14D10020002D10D024
:1009900009E0002D0CD1FF2C13D1002E08D1002A24
:1009A00008D0834212D00221581E0840013800E0CE
:1009B000022070BD002DF4D10028FAD10120404260
:1009C000F7E7002CEDD1002EEBD1ECE7A24205DCDD
:1009D000F2DBB54202D8EFD30020EAE743425841A8
:1009E00040000138E5E7C04643025B0AF0B54F46D8
:1009F00046469946D646C30F45009846C0B54B4675
:100A00000F1C2D0E00D1CBE0FF2D00D1CFE08022B6
:100A1000DB00D2041A430023914600269A467F3D0C
:100A20007C027B00640A1B0EFF0F002B00D1A9E0A3
:100A3000FF2B11D08022E400D204144342467F3BB6
:100A40005B197A400020D2B25D1C0A2E13DD3A00F9
:100A50000B2E47D047463FE02B00FF33002C1ED122
:100A600002221643424601357A40D2B2FF350A2EA1
:100A700000DDE4E00220022E1CDC013E012E42D803
:100A800002283DD0012866D100200021C00508437E
:100A9000D2071043E0BCBA46B146A846F0BD0322D7
:100AA0001643424601357A40D2B2FF350A2E00DDA8
:100AB000E4E003200121B140A626F60031420AD12C
:100AC0009026B600314216D1B93EFF3E0E421AD0F2
:100AD000A146824600E0170053463A00022B0FD091
:100AE0004C4650460328CDD18021C90321434902F9
:100AF000FF20490ACAE780210022FF20C903C5E779
:100B0000FF200021C2E7200C49462404240C2700C2
:100B10000E0C0904090C74434F4346434843390CF7
:100B2000001909188C4203D980204002844666448B
:100B30003F0408043F0CC0198401671EBC41090C26
:100B4000800E8919044389010C43090171D50123E1
:100B500061081C400C432B007F33002B51DD6107E3
:100B600004D00F212140042900D00434210103D5F1
:100B7000434B1C402B008033FE2BC1DCA101490AF2
:100B8000D8B283E7002C2CD1012342461E432B0010
:100B90007A400120D2B25D1C0A2E00DD57E76AE7D9
:100BA000002B10D10123042600259A4638E7002B9C
:100BB00004D102230826FF259A4631E703230C2699
:100BC000FF259A462CE7484602F07AF94A46431F29
:100BD00076259A4000236D42914600269A462D1AAA
:100BE0001EE7200002F06CF94246431F9C402B1A7E
:100BF000763B7A400020D2B25D1C0A2E00DD26E74B
:100C000039E70121CB1A1B2B00DD3DE79E35210082
:100C1000AC40D940631E9C4121434B0704D00F23B5
:100C20000B40042B00D004314B0104D501200021DE
:100C30002CE71D008FE789010020490A26E70223DF
:100C40000F2E0CD180214B46C9030B420DD00C4214
:100C50000BD1214349023A00FF20490A16E70B2E27
:100C600000D0F7E6A1469A4636E780214B46C903F5
:100C7000194349024246FF20490A07E70323DFE7F9
:100C8000FFFFFFF7F0B5C64643025B0A4500DA00F6
:100C9000C40F48024F009446420A1E00904600B519
:100CA0002D0E3F0EC90F8009FF2F59D00122514050
:100CB0008C4239D0EA1B002A58DD002F68D0FF2D66
:100CC00000D1D1E08023DB0418431B2A00DCE3E0E1
:100CD00001236246D31A5A0100D4ACE09B019E095D
:100CE000300002F0EDF8330005388340854200DC27
:100CF000C6E0B24A2D1A13405A0704D00F221A40F8
:100D0000042A00D004335A0100D497E06A1CFE2D57
:100D100000D184E09B015E0AD2B2D0053043E407E3
:100D2000204380BCB846F0BDEA1B002A41DD002FFD
:100D30006BD0FF2D00D197E08023DB0418431B2AE2
:100D400000DCCCE0012363445A0174D50135FF2D4A
:100D500065D001229A491A405B080B401343CBE748
:100D600000281FD08C4222D02A00FF3A002A35D01A
:100D70007A1B002D00D099E06346002B00D1DDE006
:100D8000531E012A00D105E1FF2A6BD01A0094E01E
:100D9000002873D0511E012A00D1DFE0FF2A63D062
:100DA0000A0092E701225140A14200D082E72A00C6
:100DB000FF3A002A36D07A1B002D00D1AAE0FF2F7F
:100DC00000D1DAE080236146DB0419438C461B2AFC
:100DD00000DCD4E001233D001B18B5E7FE276A1CA8
:100DE000174271D1002D00D09EE06346002B00D148
:100DF000D5E00022002800D18FE71B1A5E0100D445
:100E0000D6E063460C00C31A76E7002836D0511EA0
:100E1000012A00D19AE0FF2A26D00A008FE7FF229C
:100E200000267AE7FE276A1C174262D0FF2AF6D016
:100E30001500604443085A0700D05FE7DB08FF2D28
:100E400012D05B025E0AEAB267E76246002A00D16E
:100E500093E0002808D08022D203134204D04046F9
:100E6000104201D10C004346002BD8D08026F60357
:100E70001E437602FF22760A4FE743461500DEE75F
:100E80002022401B0130121A19009340C1405A1E03
:100E9000934100250B432FE720239B1A0100984024
:100EA0000300D1405A1E93410B4312E7FF2FD9D0C4
:100EB00080236446DB041C43A4461B2A52DD012325
:100EC0000C003D00C31A06E763461E1A730139D4AD
:100ED000002E00D004E70024002200261DE7202376
:100EE0009B1A010098400300D1405A1E93410B43C6
:100EF00029E7002DA9D16346002B56D000220028F7
:100F000000D10AE7030063445A0194D52B4A013506
:100F1000134090E76346002BAFD0531E012A15D033
:100F2000FF2A2AD01A0052E76246002A91D10028EF
:100F300098D180260024FF22F603EEE60C004346FB
:100F400015007CE763460C00C61AC9E6030063443B
:100F500001255A0100D46EE70225FAE66346012511
:100F60001B1AB8E664462023D4409B1A62469A4076
:100F700013005A1E93412343A2E7434674E7614698
:100F80002023D1409B1A62469A4013005A1E934177
:100F90000B4320E763460C000125C31A9BE600289B
:100FA00099D00C0046460022B7E646460022B4E639
:100FB000002B00D03FE700240026AEE6FFFFFFFB3A
:100FC000FFFFFF7D41024200C30F490A0020120EBD
:100FD0007E2A03DD9D2A02DD094A98187047802089
:100FE00000040143952A07DC9620821AD14048422A
:100FF000002BF3D10800F1E7963A9140F7E7C0469D
:10100000FFFFFF7F70B5041E0ED001F059FF9E2335
:1010100001001B1A962B0CDC08282CD008398C40B8
:101020006402640AD8B201E000200024C005204315
:1010300070BD992B0ADD020020001B329040020097
:10104000501E82410520401AC4401443052916DC75
:1010500022000F480240650709D00F252C40042CC0
:1010600005D00432540102D59F2302405B1A92013D
:10107000540AD8B2DAE764029620640AD6E74A1F17
:1010800094402200024802406507F0D0E5E7C046E0
:10109000FFFFFFFBF0B54F464646D6460400C0B5FD
:1010A0001F000B0310004E005B0ACD0F610F7A008A
:1010B0001943E3003C03FF0FBC46640A470F274374
:1010C000760D520DC000B9468046B71A654500D16D
:1010D0009BE0002F00DC84E0002A00D1BEE0C84A7B
:1010E000964200D124E180224C4612041443A146CA
:1010F000382F00DD67E11F2F00DDD6E120224C46AE
:10110000D21B9440A2464446FC402000544604436F
:1011100040469040421E90414A46FA400443891A94
:101120001C1BA342924152428B1A9A4653461B0201
:1011300000D4D4E053465A02530A9A465346002B31
:1011400000D104E1504601F0BBFE0300083B202221
:101150002000D21A5146D040994002009C400A43D8
:10116000B34200DA02E19B1B591C1F2900DDA7E0F6
:101170002023100026005B1A9C409840CE40CA40B5
:10118000631E9C413043924600260443630709D006
:101190000F232340042B05D0231DA342A441644206
:1011A000A2441C0053461B0200D49BE0944B013622
:1011B0009E4200D1B8E053469249E4080B40190022
:1011C0005B07234372054C02240B520D1205ED07F9
:1011D00022432A4318001100E0BCBA46B146A84693
:1011E000F0BD002F48D0971B002E00D00EE10C0060
:1011F0001C4300D1B7E17C1E012F00D126E2804DB7
:10120000AF4200D1D5E1270007E1002F00DCB2E0BA
:10121000002A47D07A4A964200D189E080224C4683
:1012200012041443A146382F6BDC1F2F00DC6EE143
:101230003A004846203AD0408446202F07D040222A
:101240004846D21B9040020040461043804640462C
:10125000421E904162460400144357E04A4602434E
:1012600000D103E17A1E012F00D193E1644CA74223
:1012700000D18AE117003BE7634C721C224200D088
:10128000E0E00A001A43002E00D074E1002A00D1E9
:10129000D0E14A46024300D0E3E14A07DB081343AA
:1012A000C90829E04A46024300D17DE17A1E012F98
:1012B00000D1E0E0524CA74200D166E11700B2E74E
:1012C00010001F3BD840202903D040235B1A9A40CE
:1012D0001443631E9C41002300269A46044363077F
:1012E00000D055E75246E3085207134352463700F1
:1012F000D108434A97421FD009037A050C0B520DBF
:1013000064E742464C461443621E9441E4189C42F2
:101310009241524292468A4453461B02DFD5384BD3
:1013200001369E4200D0B3E03200002400234DE796
:101330004A07DB081343C9081A000A4300D100E238
:10134000802424030C4324032D4A240B3EE7200071
:1013500001F0B6FD030018331F2B00DCF7E6220076
:10136000083882400024B34200DBFCE6F61A254B25
:101370001A4092460AE7002F2BD0971B002E00D16F
:10138000B8E01F4CA24200D11CE180242404214378
:10139000382F00DD1EE11F2F00DD9EE120260C000E
:1013A000F61B1800B340B440F8405E1EB341F9404C
:1013B00004431C438944444444459B415B424B44A1
:1013C0009A461600A8E742464C461443621E9441D2
:1013D000A6E60D4C721C224200D0A8E00A001A4377
:1013E000002E00D00AE1002A00D15EE14A46024305
:1013F00000D061E14A07DB081343C9087CE7C04617
:10140000FF070000FFFF7FFFFE070000CF4CA24256
:1014100000D1CEE0802424042143382F5BDC1F2F31
:1014200000DDDCE020250C00ED1B1E00AB40AC40D5
:10143000FE405D1EAB413443F9401C434B465B1AF2
:1014400099464CE04A461C1A881AA34292415242DD
:10145000924602005046121A9246120278D453461F
:10146000234300D06AE60021002545E74A07DB0850
:101470001343C9083DE71C189C429B4149448A46D6
:101480005B429A44534601261B0200D427E70226FA
:101490005246AF4B01211A401300214062080A4313
:1014A000DC075B089A46144370E63A004C46203A43
:1014B000D440A446202F07D040224846D21B90405B
:1014C00002004046104380464046421E904162461C
:1014D0000400144324E619430C00631E9C41434658
:1014E0001C1BA0459B4149465B42CB1A9A46654668
:1014F00016001BE60C001C4300D1C7E07C1E012F28
:1015000000D1F9E0914EB7425CD0270040E720229D
:101510004C464046D21B9440F8400443404690401D
:10152000421E90414A46FA4004438918EEE6874C31
:10153000A24200D1F9E6181898429B4149445B4207
:10154000CB18DC0740085B089A4616000443C6E641
:101550004246D41AA04580414B464042591A0B1AC4
:101560009A466546EAE54B464A46C0085B0765462B
:101570000343D108BDE6002A00D08EE04B4603436A
:1015800017D1802100250903DAE64A07DB08134357
:10159000C908D1E61C1A4A46A3429B41891A5B42FC
:1015A000CB1A9A460126C1E54A07DB081343C9084E
:1015B0009FE64346D8084B464A465B0765460343C9
:1015C000D108B9E64346D8084B464A465B07034371
:1015D000D108B1E619430C00631E9C41EBE63C00C8
:1015E0000D00203CE540202F03D04024E41BA14007
:1015F0000B431C00631E9C412C4370E7002AE1D082
:101600004A460243C1D04A07DB0813438022C90877
:101610001203114208D04846C408144204D143467C
:101620002100DB08420713435A0FDB005207DB0897
:10163000134381E64B46034300D114E74B464A4629
:10164000C0085B0765460343D10855E6C41AA045A8
:1016500080414B464042591A0B1A9A46654601266C
:1016600064E51C1A4A46A34280418A1A4042121A73
:101670009246120249D54246D41AA04580414B46B3
:101680004042591A0B1A9A4665467FE54B464A4630
:10169000C0085B070343D1082BE64A46DB08024338
:1016A00038D14A071343C90846E64B464A46C008A4
:1016B0005B070343D1081FE61C189C429B41494429
:1016C0008A465B429A4453461B0200D407E65246C0
:1016D0001F4B01261A40924601E63C000E00203CBA
:1016E000E640202F03D04024E41BA1400B431C0004
:1016F000631E9C4134435EE6434483428041494437
:101700008A4640421C008244BCE65346234300D133
:10171000A9E6E4E54A0713438022C90812031142EF
:1017200009D04846C408144205D143466546210005
:10173000DB08420713435A0FDB00DB085207134351
:10174000FAE50023014A1C0040E5C046FF070000FF
:10175000FFFF7FFFF0B557464E464546DE46E0B5F3
:101760000C031F004B0081469246050085B0240BF8
:101770005B0DCE0F002B00D152E1D24A934200D133
:101780006EE1420FE400144380221204224390468B
:10179000CD4AC50093469B440023994600933C03E1
:1017A0007B005046240B5B0DFF0F002B00D11AE18C
:1017B000C44A934200D15EE1420FE40022438024F8
:1017C00024041443C04AC10094465A466344D31AC1
:1017D0009B46002033007B409A464B460F2B27D870
:1017E000BA4A9B00D3589F46B246009B022B16D0A4
:1017F000032B00D187E2012B00D0D5E0002300228B
:1018000000251B0513435246D20713432800190035
:1018100005B0F0BCBB46B246A946A046F0BD0022CA
:101820000025A84BEDE7BA46A0460D000090DCE786
:10183000444500D2C4E100D1BFE101235B429C4694
:101840002E0040460025E34423020C0E1C431B0CD3
:10185000994623040A021F0C494600920197FEF79D
:10186000FFFC02007A430B04310C804619438A4284
:1018700007D901235B429C460919E0448C4200D8F9
:1018800001E2881A4946FEF7EBFC019A360442430E
:101890000904360C03000E43B24204D93619013B49
:1018A000B44200D8E9E1B01A4246009E12041A433D
:1018B000330C1F00110C9046029313043204160CD3
:1018C00032001B0C5A4303967B434E437943170C5B
:1018D000BC469B1963449E4203D980267602B446D7
:1018E00061441E0C711816041B04360C9E198842A4
:1018F00002D312D1B54210D243465A1E009B9C46D9
:1019000065441F009D429B415B421B19C0188442E5
:1019100000D29EE100D199E19046AE1BB542AD41A7
:10192000401A6D42401B844200D1D2E14946FEF785
:1019300097FC019A0B044243310C050019438A427B
:1019400000D96CE1881A4946FEF78AFC019A3604F0
:1019500042430904360C03000E43B24200D953E15E
:101960000398B61A02002D041D43029F2B041B0C82
:101970005A437B439C46290C4843130C84446344DC
:101980007943984203D98020400284466144180C70
:1019900012041B04120C40189B18864200D200E16E
:1019A00000D1FBE001231D43494B5B44002B00DCCD
:1019B000AAE06A0700D03DE1E9084246D20106D517
:1019C0004246444B1A4080239046DB005B44424A27
:1019D000934200DD23E742465B05550752020D4363
:1019E000120B5B0D0DE75146214300D17CE0002C2A
:1019F00000D1FBE0200001F063FA02000B3A1D2346
:101A00009B1A52460100DA40534608398B408C40FD
:101A100019001443314B58449B4683440020D9E6B7
:101A200003002343984644D0002C00D1CFE020008F
:101A300001F046FA010002000B391D235B1A4946EA
:101A40001000D940083884400B004D462343984687
:101A50008540234B9B1A9B460023994600939EE6A4
:101A60000200224390461DD108229B4602230025F6
:101A70009146009393E65146214309D102234A46F9
:101A80001A43184B91469C4600240220E344A1E6E9
:101A900003234A461A43134B91469C465146032062
:101AA000E34497E60C229B460323A046914600930D
:101AB00075E60423994600239B46013300250093D5
:101AC0006DE6C046FF07000001FCFFFF884E0408DA
:101AD000FF030000FFFFFFFEFE070000F30300000E
:101AE0000DFCFFFF01F8FFFF4A4601231A43914610
:101AF000002401206EE6002380229A460025884BB0
:101B000012037EE601256D420122D21A382A00DD39
:101B100074E61F2A00DCBDE01F214942CB1A414672
:101B2000D9400B00202A04D041467E4A5A449140B5
:101B30000D4329004A1E9141194307231D0000222D
:101B40000D400B4200D1D0E00F2200230A40042AAE
:101B500000D1C7E00A1D8A42894149425B18110041
:101B60001A0200D4BEE001230022002549E68022AB
:101B700043461203134208D0144206D122431203F3
:101B8000BA460D00664B120B3BE680224346120319
:101B90001A431203B246624B120B32E6002B00D1FD
:101BA00002E7A6196A1EA64200D289E0864200D248
:101BB0009FE000D1AFE01500F4E6A94200D93CE671
:101BC0004346DE0758086B081E43ED073CE601F06C
:101BD00077F901000200153120321C2900DC2CE7C6
:101BE0004B46083883400025984632E701F068F9F3
:101BF00003001A00153220301C2A00DCFFE6544690
:101C0000083B00219C4005E73619013BB44200D94E
:101C1000A6E6B24200D8A3E6831E3619A0E609194B
:101C2000013D8C4200D98DE68A4200D88AE6851EA5
:101C3000091987E60F222A40042A00D1BCE6291D93
:101C4000A942AD416D42C908A844B6E6AF4200D9E9
:101C500062E6814204D800D05EE6AE4200D85BE680
:101C600002235B429C46009BE0449C4665449D42A7
:101C70009B415B421B19C0184FE6B24200D812E6E6
:101C8000831E36190FE68A4200D8FAE5831E98466D
:101C90000919F6E5244B28005B4441469D409940D4
:101CA000D0406B1E9D41434601432943D3404A0720
:101CB00000D155E70F220A40042A00D04AE74FE737
:101CC0001500864200D06DE6009A9A4200D069E67F
:101CD0006AE6164B5B44002B00DC13E7012500216C
:101CE000A8446AE65D075B021A0BC90800230D438E
:101CF00087E50099023D4A008A42BF417F423F1971
:101D0000F6190092DDE78022434612031A431203BC
:101D1000034B120B75E500999942EAD31500D3E7FE
:101D2000FF0700003E0400001E040000FF03000047
:101D3000F0B54E464546DE4657469046E0B517009C
:101D40001A03120B0500844619480E034C009146F5
:101D50005A00DB0F9B46360B640DC90F520D8442AF
:101D600019D0824210D0012094420ED14E450CD1A0
:101D70000120C44509D1594517D0002C05D13000A8
:101D80002843431E984100E00120F0BCBB46B24608
:101D9000A946A046F0BD330001202B43F5D1A24255
:101DA000F3D14B463B43F0D1E2E70020EDE7C046DC
:101DB000FF070000F0B54746CE46040018001600A5
:101DC0001B031B0B2D4D4A00994680B543000F03A2
:101DD000A446B0463F0B520DC90F5B0DC00FAA427F
:101DE00021D0AB4213D0002A22D13C43002B02D198
:101DF0004D462E4322D0002C10D0814222D002200A
:101E0000013908400138C0BCB946B046F0BD4D4666
:101E10002E4329D1002AF0D13C43EED10028F2D143
:101E200001204042EFE73D0025431DD19342EED013
:101E3000002BE2D14C462643DFD1E0E70020002C06
:101E4000E1D0DCE79A420ADCE8DB4F45D7D80ED078
:101E500000204F45D7D20029E2D00800D3E7434203
:101E6000584140000138CEE702204042CBE7C4454C
:101E7000C5D80020C445C6D2EDE7C046FF07000024
:101E8000F0B54746CE460400180016001B031B0B96
:101E90002C4D4A00994680B543000F03A446B04636
:101EA0003F0B520DC90F5B0DC00FAA420DD0AB42C4
:101EB00010D0002A27D13C43002B11D14D462E4390
:101EC0000ED10020002C15D00EE03D00254310D18E
:101ED000934218D14D462E430BD1002A02D13C43E8
:101EE000002C0BD0814214D0022001390840013867
:101EF00000E00220C0BCB946B046F0BD0028F9D1D0
:101F000001204042F6E7002BECD14C462643E9D1B4
:101F1000EAE79A4204DD4342584140000138E9E7CC
:101F20009A42EBDB4F45DFD806D000204F45E1D287
:101F30000029E5D00800DDE7C445D5D80020C44518
:101F4000D8D2F5E7FF070000F0B54546DE46574614
:101F50004E46E0B51F000B031B0B9B464D00CB0FFD
:101F600004009146984687B06D0D00D1CDE1CE4B6F
:101F70009D4200D1E9E15A46430FD200134380222B
:101F800012041A43C3009A46C84B93469C4600234A
:101F90000026654400933C037B004846240B5B0D00
:101FA000FF0F002B00D189E1BF4A934219D0420FA5
:101FB000E4002243802424041443BC4A00219446B4
:101FC000424663445B190193019B7A400133C00090
:101FD000D2B202930A2E1CDD3A000B2E5ED0474689
:101FE00056E04946B04B2143EB18019300292AD112
:101FF0008020022200012B0084461643424663449F
:102000007A40D2B202930A2E00DD31E20020002491
:102010000221022E26DC013E012E52D802294CD08C
:10202000012900D018E10023002400251B052343CB
:10203000D20713432800190007B0F0BCBB46B246D4
:10204000A946A046F0BD8021032209012B008C4641
:102050001643424663447A40D2B202930A2E00DD10
:1020600028E203210125B540AC46A6266346F600CA
:10207000354033420BD19026B600334218D1B93ED9
:10208000FF3E1E421DD0A3468246009100E017008D
:1020900000993A00022910D05C4650460329BFD16E
:1020A00080231B031C43240305007F4B240BBDE747
:1020B000802400227C4B2403B8E7002400257A4BBF
:1020C000B4E753461E04360C1F0C3300010C000409
:1020D000000C4343984603007B43994633004B432F
:1020E0009C4643460D001B0C9A467D43CC44D44489
:1020F0000095E14504D980235B0299464D44009543
:1021000063461B0C1D0063461B049C4643461B0490
:102110001B0C9846634643440393230C98463300B4
:102120002404240C63439C4623007B439946434686
:102130005E435F434E446346B2461E0C5644B1456F
:1021400003D980235B0299464F44330C99463B00E8
:102150004B4405936346AC461F043F0C3604F61906
:10216000B444634604935B461B0C9C465B461F04C9
:102170003F0C3B0043439946634643439A464B46D4
:1021800060461B0C9B4648437943514459448A4559
:1021900003D980235B029A4650440B0C9A464B4667
:1021A0001B041B0C99463B00634309044546494404
:1021B000994663465C436B439C464B461B0C9846D2
:1021C0006F433F1947445044BC4203D980235B020C
:1021D0009846C444049B009D98464544B542B64188
:1021E000734298464B461E04059B3C049946360CA8
:1021F000A4194C44A14683466E18C1448E428941BD
:10220000CB445D4649426D189C42A441C1459B4167
:10221000834580418D4289415B4264421C43404278
:10222000039B4942014370023F0C1843E419471EC7
:10223000B84164186444F60D61023043EC0D6E023F
:102240000C433043C90100D4F1E0012143080140AF
:102250000B43E007184364081549029B8C4663440E
:10226000002B00DC97E0410709D00F210140042931
:1022700005D0011D81428041404224180800E1013F
:1022800006D58021C9008C460A4B1C40029B634442
:1022900009498B4200DD10E76107C50864025B0550
:1022A0000D43240B5B0DC1E6FF07000001FCFFFF9F
:1022B000FF030000FFFFFFFEFE0700004B46234325
:1022C00059D0002C00D1A3E0200000F0F9FD01005E
:1022D00003000B391D22521A49461800D1404A46C4
:1022E00008388240844010000C43744AEB1A94462C
:1022F000424663440193019B7A4001330021D2B2EC
:1023000002930A2E00DD67E683E65B4603439A46A6
:102310002AD05B46002B6DD0584600F0D1FD01005D
:1023200003000B391D22521A210018005D46D140CE
:10233000083885400A0084402A439346A2465F4DF0
:102340000026ED1A0023009325E65B4603439A46D8
:1023500005D100239B460233082600931BE6032386
:1023600082460C26009316E600239B460133042682
:10237000002500930FE64246013301951E43019B61
:102380007A400133002400200121D2B202930A2EA8
:1023900000DD21E63DE60121C91A382900DD42E6CB
:1023A0001F2947DD1F2625007642F31ADD402B004A
:1023B000202905D04249029D8C466544AC4020430B
:1023C000411E8841184307231D0000240540034295
:1023D0004AD00F2300240340042B42D0031D834224
:1023E000804140422418180023023AD501230024DA
:1023F00000251BE600F064FD0100030015312033C9
:102400001C298FDD0838002284409246A34696E7B7
:1024100000F056FD01000300153120331C2900DCBB
:1024200058E702004C46083A002094405DE7019BC3
:10243000029311E7234B26009C460300029DCB40EC
:102440006544AE401E430300AB40581E834130003C
:102450001843CC404307C7D00F230340042BBDD102
:10246000C2E765076402240BC00800230543DDE5CD
:10247000002502230F2E0CD180245B462403234227
:102480000ED021420CD10C4324033A000E4B240BF6
:10249000CCE50B2E00D0A2E58B46AA460093F7E5CB
:1024A00080245B4624031C43240342465546064BC6
:1024B000240BBBE54D4621000323DBE70DFCFFFFAA
:1024C0003E0400001E040000FF070000F0B5574660
:1024D0004E464546DE46E0B50D00040019001000EA
:1024E0002B035B0A620F1A43E3000C03640A470FD5
:1024F0002743D04C6E00914683B04A00C0009846F6
:10250000A246760DED0F520DC90F0190A24200D1E7
:10251000B9E0012461408B468D4200D18DE0B41AB0
:10252000A446002C00DCB7E0002A00D1CBE0C14A71
:10253000964200D186E18022120417436246382A6F
:1025400000DDA4E11F2A00DD1DE2614620223C00DF
:10255000521A010090409440421E90416246A046AB
:102560006446D7404A46E1404446D21B91460C435C
:1025700004431C1BA34292414B4652429B1A9A466B
:1025800053461B0200D42BE153465A02530A9A4683
:102590005346002B00D166E1504600F091FC030049
:1025A000083B20222000D21A5146D0409940020018
:1025B0009C400A439E4200DD64E19B1B591C1F297D
:1025C00000DDFEE02023100026005B1A9C409840AE
:1025D000CE40CA40631E9C413043924600260443CD
:1025E000630709D00F232340042B05D0231DA342EA
:1025F000A4416442A2441C0053461B0200D4F2E0F2
:102600008C4B01369E4200D10FE153468A49E408C3
:102610000B4019005B07234372054C02240B520D3B
:1026200012052243ED072A431800110003B0F0BC45
:10263000BB46B246A946A046F0BDB41AA446002C3B
:1026400059DD002A00D1B0E0564500D1FAE08022E1
:10265000120417436246382A00DDD4E01F2A00DC4A
:10266000C0E13900203AD1406246202A06D06446B3
:102670004022121B3C00944004430194019C621EC2
:1026800094410C43C3E03C0004432BD08B468D4265
:102690002ED06A4CA446B4446446002C5FD0941BF0
:1026A000A446002E00D020E14C461C4300D1C7E1D7
:1026B00061464C1E012900D123E25E4DAC4500D19C
:1026C000D8E1A4461AE13A00024300D1E4E0220036
:1026D000013A012C00D1C3E156498C4200D1B1E04E
:1026E00094462BE7012461408B468D4200D016E7CB
:1026F00052498C46B4446446002C00D1D3E0911B6F
:102700008C46002E00D15EE14A498A4200D1BEE1EA
:1027100080214C4609040C43A1466146382900DD5E
:10272000BAE11F2900DD27E22024641A4946A140AE
:102730001E0088466146A340CE4041465C1EA34130
:10274000314319430C0063464946D9407F18241889
:1027500084429B415B429A461600BA445DE0384C85
:10276000721C224200D0DFE04A461A43002E00D0FD
:102770005CE1002A00D1CFE13A00024300D17FE1C1
:102780001C1A4A46A3428941D21B4942521A924618
:10279000120200D40AE2C41AA04280414B464042D1
:1027A000FF1A3B1A9A465D461AE73A00024373D075
:1027B0002200013A012C00D1CBE0544542D094468E
:1027C00048E710001F3BD840202903D040235B1A64
:1027D0009A401443631E9C41002300269A460443FA
:1027E000630700D0FEE65246E30852071343524601
:1027F000B446D2080F498C452AD01203140B624606
:102800005205520D0CE73C000443621E9441E4184B
:102810009C42924152424A44924653461B02DFD5A3
:10282000044B01369E4200D0A0E032000024002379
:10283000F6E6C046FF070000FFFF7FFF01F8FFFF3D
:10284000FE070000DB084A46520713434A46D208F7
:102850001900114300D1B5E180242403144324035B
:10286000D54A240BDCE6200000F02AFB03001833D5
:102870001F2B00DC95E622000838824000249E428F
:1028800000DC9AE6F61ACD4B1A409246A8E63C00C8
:102890000443621E94416CE64A46DB085207134328
:1028A0004A46D208A6E7C64C721C224200D0ACE0D1
:1028B0004A461A43002E00D005E1002A00D156E115
:1028C0003A00024300D1DBE01C189C429B414F447C
:1028D000BA465B429A4453461B0200D480E75246F4
:1028E000B64B01261A4092467AE7B34CA24200D179
:1028F000C0E080244D4624042543A9466446382C74
:1029000053DC61461F2C00DDCDE020251E002D1B71
:102910004C46AB40AC40CE405D1EAB4134432343FC
:102920004C46CC403F1B45E04A461C1AD11BA342F3
:102930009241524292460A005146521A924612025F
:1029400000D583E05346234300D021E60022002532
:1029500053E71C189C429B414F44BA465B429A4441
:10296000534601261B0200D43AE702265246934BF7
:1029700001211A401300214062080A43DC075B086A
:102980009A4614432CE63900203AD1406246202A68
:1029900006D064464022121B3C009440044301943C
:1029A000019C621E94410C43E3E5494619430B0028
:1029B0005C1EA341C41AA0429B415B42FB1A9A468B
:1029C0005D461600DCE54946194300D1AEE061469C
:1029D00064460139012C00D1E0E0774CA44556D083
:1029E0008C469AE6614620223C00521A944001002F
:1029F0009040A0466446421E90416246E1404446F3
:102A0000D7400C430443B94401E76B498A4200D1E3
:102A10000CE7181898429B414F445B42FB18DC07B7
:102A200040085B089A4616000443D9E6002A00D005
:102A300081E03B0003431DD18022002512030BE7F8
:102A4000C0087B075D460343FA08D3E6C41AA042D8
:102A500080414B464042FF1A3B1A9A465D4697E535
:102A60001C1A4A46A3429B41D71B5B42FB1A9A465B
:102A7000012685E5C0087B075D460343FA08E7E6C3
:102A80004A46DB08520713434A46D208B5E6C00857
:102A90007B070343FA08DBE6494619430B00591E3E
:102AA0008B411C0053E64D46203CE540202905D0D3
:102AB0004024641A4946A1400B43984643465C1E95
:102AC000A3412B4376E7002AE1D03A00DB0802431A
:102AD00000D1B8E64A465207802413434A462403ED
:102AE000D208224207D0FE08264204D15D463200B9
:102AF000C3087F073B43590FDB004907DB080B4343
:102B0000A6E6C41AA04280414B464042FF1A3B1A37
:102B10009A465D46012633E53B00034300D115E7A5
:102B2000C0087B075D460343FA0866E6C0087B07DA
:102B30000343FA085EE63A00DB08024300D182E66E
:102B40004A465207802413434A462403D2082242AD
:102B500007D0FE08264204D15D463200C3087F0735
:102B60003B43590FDB00DB0849070B4370E6C00805
:102B70007B070343FA0840E64C462039CC406146C7
:102B8000202906D066464021891B4E468E4033439D
:102B900098464346591E8B411C43D8E51C18844275
:102BA00080414F44BA4640428244D9E653462343CB
:102BB00000D1CBE614E6C046FF070000FFFF7FFF11
:102BC000FE0700000023014A1C0029E5FF07000062
:102BD00070B505000C481C0316005B000A03490091
:102BE000120B490D240B5B0D814208D0064A0020D0
:102BF000934203D120003043431E984170BD012011
:102C00002A43FBD1F2E7C046FF0700000A0030B5B7
:102C1000134C530009030500090B00205B0DD20F74
:102C2000A34204DD0F48834202DD0F4BD01830BDB4
:102C30008020400301430D48C01A1F2808DD0C48BE
:102C4000C31AD9400B005842002AF0D11800EEE711
:102C5000084CC540A446634499400B002B43F2E75F
:102C6000FE0300001D040000FFFFFF7F330400008F
:102C700013040000EDFBFFFF70B5002816D0C3174A
:102C8000C5185D40C40F280000F01AF9114B1B1A3B
:102C90000A2816DC02002E00153296400B22121A6A
:102CA000D5405B052D032D0B5B0D03E000240023B5
:102CB000002500261B052B43E407234330001900A1
:102CC00070BD0B3885405B052D0300262D0B5B0D79
:102CD000F0E7C0461E04000010B5041E10D000F03E
:102CE000EFF80F4B1B1A0A2811DC0B222100121AD5
:102CF000D14015300A035B058440120B5B0D01E0E7
:102D0000002300221B0513432000190010BD2200E0
:102D10000B3882405B0512030024120B5B0DF1E7B8
:102D20001E04000070B542024300C40FFE201B0EBB
:102D3000591C550A08420CD0E02189008C466D07C9
:102D4000120B63441B051343E407234328001900B7
:102D500070BD002B14D1002D1BD0280000F0B0F85E
:102D60000A281CDC0B232A001B1ADA400300153347
:102D70009D400E4B12031B1A5B05120B5B0DE1E726
:102D8000002D09D0130B802212031A436D07084B44
:102D9000D8E700230022D5E70022054BD2E7030045
:102DA0002A000B3B9A400025E3E7C0468903000058
:102DB000FF0700000200F0B54B000D03400F5B0D54
:102DC000CC0F6D0A3A490543581CD70008420AD077
:102DD00038495918FE2916DDFF200022C00510438E
:102DE000E4072043F0BD002B06D13D4326D0052249
:102DF0009201520AD8B2F1E72F43EDD08022D203DC
:102E0000FF202A43EAE700291BDD9201501E824180
:102E1000ED007F0F2A433A43530747D00F23134057
:102E2000042B00D004328023DB0413403ED0481C26
:102E3000FE29D1D09201520AC0B2CFE70020002271
:102E4000CCE70A0017322FDB802636042E431E25DE
:102E50006D1A1F2D11DD02225242521A3100D1404B
:102E6000202D04D0144A944663449E4037433A00D0
:102E7000531E9A410A430021CEE7104A3800944677
:102E8000634498403A00411E88419E40EA403043E6
:102E9000024300215307C1D180211300C90401203E
:102EA0000B400A42C6D1A3E70023A0E70B009FE72F
:102EB000FE07000080FCFFFFA2FCFFFF82FCFFFF7B
:102EC0001C2101231B04984201D3000C10391B0A5A
:102ED000984201D3000A08391B09984201D300091E
:102EE000043902A2105C40187047C0460403020275
:102EF00001010101000000000000000010B50029E0
:102F000003D1FFF7DDFF203002E00800FFF7D8FF14
:102F100010BDC04680B500AFBFF34F8FC046044B15
:102F2000044ADA60BFF34F8FC046C046FDE7C04693
:102F300000ED00E00400FA0580B582B000AF0200A9
:102F4000FB1D1A70FB1D1B78112B23D0FB1D1B785A
:102F5000052B1FD0FB1D1B78192B1BD0FB1D1B78CD
:102F6000172B17D0FB1D1B780F2B13D0FB1D1B78C5
:102F70001B2B0FD0FB1D1B78182B0BD0FB1D1B78B8
:102F80000E2B07D0FB1D1B78132B03D0FB1D1B78CA
:102F9000062B01D1462300E047231800BD4602B0AE
:102FA00080BD000080B582B000AF0200FB1D1A702A
:102FB000FB1D1B785A1E05491300DB009B1A5B00A2
:102FC0005B5ADBB21800BD4602B080BD0000002095
:102FD000F0B587B000AFB96011007B600F257B1999
:102FE000021C1A700C26BB190A1C1A801523FC1827
:102FF00028220823D318DB191B781800FFF7D2FF0B
:103000000300237017243B1901221A707B191B78C7
:10301000180014F011FB031E4CD07B191A782A4BB0
:103020009200D3587A681100180014F0CDFC031EEA
:1030300040D11523FB181B781800FFF77DFF030014
:10304000472B0ED17B191B78180014F0F5FA3C19A8
:10305000BB191A88BB6819001DF03AF903002370E8
:1030600028E01623FB1800221A701AE00F23FB1821
:103070001B78180014F0E0FA1723FC18BB68012233
:1030800019001DF025F903002370BB680133BB60F4
:10309000022017F045FF16217B181A787B180132A1
:1030A0001A701623FB181B789BB20C22BA181288D0
:1030B0009A42DBD80A2017F033FF1723FB181B783E
:1030C0001800BD4607B0F0BD741E002080B500AFEB
:1030D00000F010F800F042F800F0ACF800F03AF917
:1030E00000F046FA00F074FB00F0E8FCC046BD4674
:1030F00080BD000080B582B000AFFB1D00221A70B9
:10310000BB1D01221A7019E0BB1D1B789BB2013355
:1031100098B2BB1D1B78013B5A000E4BD318190007
:1031200010F07EFBBB1D1B78192B02D9FB1D0A2258
:103130001A70BB1D1A78BB1D01321A70064B1B7822
:10314000BA1D12789A42DFD9FB1D1B781800BD46C4
:1031500002B080BD20310020A000002090B583B0D7
:1031600000AFFB1C00221A70BB1D00221A803B001E
:1031700000221A807B1D00221A704BE03B1D0122A9
:103180001A7033E0BB1D1B881C339BB23A00110040
:10319000180010F045FB3B0018887B1D1A783B1D7A
:1031A0001978C4B2214813009B009B185B00C31818
:1031B000221C5A543B001B881B0A98B27B1D1A78AC
:1031C0003B1D1B78591EC4B2184813009B009B1866
:1031D0005B00C318221C5A54BB1D1A88BB1D013248
:1031E0001A803B1D3A1D127802321A703B1D1B7863
:1031F000092BC7D97B1D1A780C4913009B009B181B
:103200005B00CB18093300221A707B1D1A787B1DD6
:1032100001321A70064B1B787A1D12789A42ADD98A
:10322000FB1C1B781800BD4603B090BD4C1200205B
:10323000A000002090B583B000AFFB1C00221A70E4
:10324000BB1D00221A803B0000221A807B1D002239
:103250001A707B1D00221A7015E0BB1D1B88CB3332
:1032600098B27B1D1B785A00374BD318190010F009
:10327000D7FABB1D1A88BB1D01321A807B1D1A7834
:103280007B1D01321A70314B1B787A1D12789A42DD
:10329000E3D37B1D00221A704BE03B1D01221A7004
:1032A00033E0BB1D1B8899339BB23A001100180014
:1032B00010F0B6FA3B0018887B1D1A783B1D197870
:1032C000C4B2234813009B009B185B00C318221C48
:1032D0005A543B001B881B0A98B27B1D1A783B1D71
:1032E0001B78591EC4B21A4813009B009B185B0040
:1032F000C318221C5A54BB1D1A88BB1D01321A80E8
:103300003B1D3A1D127802321A703B1D1B78092BA7
:10331000C7D97B1D1A780E4913009B009B185B00D0
:10332000CB18093300221A707B1D1A787B1D0132DD
:103330001A707B1D1B78092BAFD9FB1C1B7818005A
:10334000BD4603B090BDC04670120020A000002012
:10335000E0110020F0B589B002AF0B23FB1800226A
:103360001A703B1D00221A80BB1C00221A80082103
:103370007B1800221A80BB1D00221A801726BB1959
:1033800000221A7000233B610023FB600D007C18B3
:103390003B1D1900E42010F043FA030023807B1941
:1033A0001B88002B03D13B1D1A88BB191A700825F6
:1033B0007C193B1D1900E52010F032FA0300238030
:1033C000BC1DBB1C1900E62010F02AFA0300238064
:1033D0007B191B88002B0AD1BB1D1B88002B06D133
:1033E0003B1D1B881B04BA1C12889B183B610825D7
:1033F0007C193B1D1900E72010F012FA030023800E
:10340000BC1DBB1C1900E82010F00AFA0300238041
:103410007B191B88002B0AD1BB1D1B88002B06D1F2
:103420003B1D1B881B04BA1C12889B18FB600825D7
:103430007C193B1D1900E92010F0F2F903002380EC
:103440007B191B88002B0BD13B1D1B881B0A9BB2D1
:10345000DAB2414B1A703B1D1B88DAB23F4B1A702F
:1034600008257C193B1D1900EA2010F0D9F903004A
:1034700023807B191B88002B0BD13B1D1B881B0A4B
:103480009BB2DAB2364B1A703B1D1B88DAB2354B51
:103490001A7008257C193B1D1900EB2010F0C0F9AB
:1034A000030023807B191B88002B0BD13B1D1B883D
:1034B0001B0A9BB2DAB22C4B1A703B1D1B88DAB286
:1034C0002A4B1A70244B1B78002B11D0234B1B78EE
:1034D000002B0DD0204B1D78204B1B78FC683969E0
:1034E0001722BA18107800932B00220007F0D4FCA2
:1034F0001B4B1B78002B11D01A4B1B78002B0DD0C7
:10350000174B1D78174B1B78FC6839691722BA18BE
:10351000107800932B00220007F0BEFC124B1B78A2
:10352000002B11D0114B1B78002B0DD00E4B1D78AA
:103530000E4B1B78FC6839691722BA181078009373
:103540002B00220007F0A8FC0B23FB181B781800A7
:10355000BD4607B0F0BDC046C1140020C214002013
:10356000C3140020C4140020C5140020C614002079
:10357000F0B585B000AF0F23FB1800221A700C269F
:10358000BC1908257A198A235B001100180010F075
:1035900047F903002380BB191B88002B0CD17B1932
:1035A0001B88DAB2854B1A707B191B881B0A9BB2E9
:1035B000DAB2824B5A7007E0814B1A787F4B1A704F
:1035C0007F4B5A787D4B5A700C26BC1908257A1906
:1035D0008E235B001100180010F022F903002380F5
:1035E000BB191B88002B0ED17B191B881BB29BB209
:1035F000DB0BDAB2714B1A717B191B885B089AB22C
:103600006E4BDA8007E06E4B1A796C4B1A716C4B7B
:10361000DA886A4BDA800C257C190826BA19162339
:10362000FF331100180010F0FBF8030023807B1912
:103630001B88002B04D1BB191A88624B1A8003E047
:10364000614B1A885F4B1A800C257C190826BA1921
:103650008B235B001100180010F0E2F803002380B8
:103660007B191B88002B04D1BB191A88554B5A8033
:1036700003E0554B5A88534B5A800C26BC19082539
:103680007A191823FF331100180010F0C9F803004D
:103690002380BB191B88002B0CD17B191B88DAB245
:1036A000484B1A717B191B881B0A9BB2DAB2454B37
:1036B0005A7107E0444B1A79424B1A71424B5A79BE
:1036C000404B5A710C257C190826BA198C235B00D3
:1036D0001100180010F0A4F8030023800A23FC183E
:1036E000BA1D1A23FF331100180010F099F80300D7
:1036F00023807B191B88002B0ED10A23FB181B8803
:10370000002B09D1BB191B881A00BB1D1B881B0489
:103710001A432C4B9A600CE02C4B1B78002B04D0E6
:10372000284BE12252029A6003E0274B9A68254B0E
:103730009A600C26BC1908257A198D235B001100AC
:10374000180010F06DF803002380BB191B88002BB4
:103750000CD17B191B88DAB21A4B1A737B191B88A0
:103760001B0A9BB2DAB2174B5A7305E0154B1822AD
:103770005A73144B00221A730C257C190826BA19A7
:103780001C23FF331100180010F04AF803002380B7
:103790007B191B88002B05D1BB191B88DAB2094B9A
:1037A0009A7603E0084B9A7E064B9A760F23FB1815
:1037B0001B781800BD4605B0F0BDC046481100207A
:1037C00038000020501100201C000020C0140020F0
:1037D000F0B5D6464F464646C0B588B006AFBB1DCD
:1037E00000221A703B0000221A803B1D00221A8022
:1037F000FB1C00221A70FB1D00221A704CE1FB1DFD
:103800001B783B339BB29B009BB23C1D3A001100DE
:10381000180010F005F8030023803B1D1B88002BC7
:1038200000D034E13B001B881B0A9AB2FB1C1A70C3
:10383000FB1C1B781B09DBB21A00FB1D1B78013334
:103840009A4200D023E1FB1C1B780F22134000D1C9
:103850001DE1FB1D1B785A1CFB1C1B780F210B4024
:10386000D8B295491300DB009B18CB180133021C1A
:103870001A703B001988FB1D1B785A1CC8B28E4970
:103880001300DB009B18CB180833021C1A70FB1DB9
:103890001B783B339BB29B009BB201339BB23A0037
:1038A000110018000FF0BCFF3B001B881B0A99B2E7
:1038B000FB1D1B785A1CC8B27F491300DB009B1804
:1038C000CB180233021C1A703B001988FB1D1B78B1
:1038D0005A1CC8B278491300DB009B18CB1805337B
:1038E000021C1A70FB1D1B783B339BB29B009BB2E2
:1038F00002339BB23A00110018000FF091FF3B0019
:103900001B881B0A99B2FB1D1B785A1CC8B26A4956
:103910001300DB009B18CB180333021C1A703B000A
:103920001988FB1D1B785A1CC8B263491300DB00C1
:103930009B18CB180633021C1A70FB1D1B783B33F7
:103940009BB29B009BB203339BB23A00110018005C
:103950000FF066FF3B001B881B0A99B2FB1D1B780A
:103960005A1CC8B254491300DB009B18CB1804330F
:10397000021C1A703B001988FB1D1B785A1CC8B228
:103980004D491300DB009B18CB180733021C1A703B
:10399000FB1D1B785A1C48491300DB009B18CB18F1
:1039A00001331A78FB1D1B780133DBB219001000BC
:1039B00011F090F9FB1D1B780133DBB29C46FB1D17
:1039C0001B785A1C3C491300DB009B18CB180833AA
:1039D0001B7801221340DBB29846FB1D1B785A1C52
:1039E00035491300DB009B18CB1808331B785B109C
:1039F000DBB201221340DBB29946FB1D1B785A1C37
:103A00002D491300DB009B18CB1802331B789A4614
:103A1000FB1D1B785A1C28491300DB009B18CB1890
:103A200003331978FB1D1B785A1C23481300DB0055
:103A30009B18C31804331878FB1D1B785A1C1E4CA6
:103A40001300DB009B18E31805331C78FB1D1B7863
:103A50005A1C194D1300DB009B18EB1806331D7818
:103A6000FB1D1B785A1C144E1300DB009B18F31827
:103A700007331B780022059204930395029401906A
:103A8000009153464A464146604611F05BFBFB1DE0
:103A90001A78FB1D01321A70FB1D1B78062B00D80B
:103AA000ADE6BB1D1B781800BD4602B0E0BCBA46AF
:103AB000B146A846F0BDC0467C2D002090B585B02B
:103AC00000AF0F23FB1800221A706F4BBB6032202F
:103AD00022F0BAF803003B603B68002B01D1FB23C6
:103AE000CEE0BB681B78FE2B01D0FF23C8E0FB1D96
:103AF00000221A70B8E00F23FB1800221A7010E0A1
:103B0000BB685A1CBA6019000F203B181B783A6832
:103B1000D3180A78D2B21A703B181A783B180132BF
:103B20001A700F243B191B78132BE9D9FB1D1A7847
:103B300013009B009B189B00544A98183B68013364
:103B40001422190023F0E7FD3B681422002118001D
:103B500023F0B5FC3B1900221A70BB681433BB601C
:103B60000FE0BA680F203B181B783968CB18127821
:103B70001A70BB680133BB603B183A1812780132E7
:103B80001A70BB681B78FE2B08D0BB681B78FF2B14
:103B900004D00F23FB181B78312BE2D90F217B189F
:103BA0001B78013B3A68D3181B78002B04D07B1894
:103BB0007A18127801321A700F23FB181A78FB1D3D
:103BC0001C78100022F040F8030019002F4A23004F
:103BD0009B001B199B00D3180C331960FB1D1A782E
:103BE0002A4913009B009B189B00CB180C331B68C1
:103BF000002B12D1FB1D1A7813009B009B189B0011
:103C0000224A9B1814220021180023F058FC3B681C
:103C1000180022F023F80E2332E0FB1D1A781B490E
:103C200013009B009B189B00CB180C3318680F24C3
:103C30003B191A783B68190023F06DFD144B1B7873
:103C40000133DAB2124B1A703B191A783B68002123
:103C5000180023F034FCBB681B78FE2B0AD1FB1D37
:103C60001A78FB1D01321A70FB1D1B78042B00D83B
:103C700041E700E0C0463B68180021F0EFFF002359
:103C80001800BD4605B090BD0010040820150020A6
:103C90008415002080B582B000AFFB1D00221A7091
:103CA000BB1D01221A7021E0BB1D1B785A1E154B4B
:103CB0005200D35A002B0DD0BB1D1B789BB2013391
:103CC00098B2BB1D1B785A1E0E4B5200D35A1900D6
:103CD0000FF006FEBB1D1B78192B02D9FB1D0A2213
:103CE0001A70BB1D1A78BB1D01321A70064B1B7867
:103CF000BA1D12789A42D7D9FB1D1B781800BD4611
:103D000002B080BD20310020A000002090B583B01B
:103D100000AFFB1C00221A70BB1D00221A803B0062
:103D200000221A807B1D00221A7048E07B1D1A7841
:103D3000294913009B009B185B005B5C002B39D06A
:103D40003B1D01221A7031E07B1D1A783B1D1B7848
:103D5000591E214813009B009B185B00C3185B5C35
:103D60009BB21B0299B27B1D1A783B1D18781A4C26
:103D700013009B009B185B00E3181B5C9AB23B008E
:103D80008A181A80BB1D1B881C339AB23B001B8803
:103D9000190010000FF0A4FDBB1D1A88BB1D0132D5
:103DA0001A803B1D3A1D127802321A703B1D1B7897
:103DB000092BC9D97B1D1A787B1D01321A70074B5C
:103DC0001B787A1D12789A42B0D9FB1C1B78180018
:103DD000BD4603B090BDC0464C120020A00000209C
:103DE000F0B587B000AFB9607A6019000F243B19B5
:103DF000021C1A700E257B190A1C1A701726BB1993
:103E000000221A703B191B789BB21900E4200FF0B6
:103E100067FDBB681B0A9BB21900E5200FF060FD2F
:103E2000BB689BB21900E6200FF05AFD7B681B0AA5
:103E30009BB21900E7200FF053FD7B689BB219007D
:103E4000E8200FF04DFD7B191B789BB21B029AB244
:103E5000202310241B19DB191B789BB2D3189BB2AB
:103E60001900E9200FF03CFD24231B19DB191B78F6
:103E70009BB21B029AB228231B19DB191B789BB239
:103E8000D3189BB21900EA200FF02AFD2C231B192E
:103E9000DB191B789BB21B029AB230231B19DB196A
:103EA0001B789BB2D3189BB21900EB200FF018FDC2
:103EB000BB191B781800BD4607B0F0BD80B582B0B5
:103EC00000AFFB1D00221A70384B5B785B011AB201
:103ED000364B1B781BB213431BB29AB28A235B008A
:103EE000110018000FF0FCFC304B1B79DB031AB2F9
:103EF0002E4BDB881BB213431BB29AB28E235B009E
:103F0000110018000FF0ECFC294B1A881623FF3320
:103F1000110018000FF0E4FC254B5A888B235B003E
:103F2000110018000FF0DCFC214B5B791B021AB268
:103F30001F4B1B7B1BB213431BB29AB21823FF33D8
:103F4000110018000FF0CCFC194B9B689AB28C231F
:103F50005B00110018000FF0C3FC154B9B681B0C95
:103F60009AB21A23FF33110018000FF0B9FC104B5E
:103F70005B7B1B021AB20E4B1B791BB213431BB2A5
:103F80009AB28D235B00110018000FF0A9FC084BBA
:103F90009B7E9AB21C23FF33110018000FF0A0FC87
:103FA000FB1D1B781800BD4602B080BD48110020E3
:103FB0005011002080B582B000AFFB1D00221A70A6
:103FC0001B4B04220021180023F079FABB1D0122AB
:103FD0001A7021E0BB1D1B785A1E154B5200D35A94
:103FE000002B0DD0BB1D1B789BB2013398B2BB1DBB
:103FF0001B785A1E0E4B5200D35A19000FF070FC5A
:10400000BB1D1B78192B02D9FB1D0A221A70BB1D80
:104010001A78BB1D01321A70064B1B78BA1D127834
:104020009A42D7D9FB1D1B781800BD4602B080BD4F
:1040300020310020A000002080B500AF074B1B6896
:10404000074A934206D00FF07DFC031E02D1034BBA
:10405000034A1A60C046BD4680BDC046F07F0020BE
:10406000ADDEEFBEB0B58EB002AF1423F8180A254E
:104070007A191823F9180823FB180093030001206C
:1040800010F0ACF80C23F818BA1D1023F9183B1DDA
:1040900000930300022010F0A1F81C217B180122DC
:1040A0005A607B1800229A607B191B881A007B18C3
:1040B0001A60BB691A000C007B181900100018F078
:1040C000FBFE21007B1800225A607B1802229A60B6
:1040D0003B1D1B881A007B181A60FB681A007B18AE
:1040E0001900100018F0E8FEBB6918007B191B8846
:1040F0000022190019F041F9052012F02FFDFB688C
:104100001A003B1D1B881900100019F019F9031E35
:1041100017D1BB6918007B191B880122190019F0FF
:104120002CF9052012F01AFDFB681A003B1D1B88B4
:104130001900100019F004F90300012B01D101232B
:1041400000E000231800BD460CB0B0BD90B585B0AE
:1041500000AF78600F23FB1800221A701CE00F24B8
:104160003B191A78114913005B009B189B00CB1870
:1041700008331A687B6811001800FBF7C5FF031E9F
:1041800004D13B191B780133DBB20BE00F217B1804
:104190001A787B1801321A700F23FB181B78002B3A
:1041A000DDD000231800BD4605B090BD54020020AC
:1041B00080B584B000AF78600F23FB1800221A701E
:1041C00041E0264A7B6811001800FBF79DFF031EA3
:1041D00001D101233DE0224A7B6811001800FBF762
:1041E00093FF031E01D1022333E01E4A7B681100B6
:1041F0001800FBF789FF031E01D1032329E01A4AA7
:104200007B6811001800FBF77FFF031E01D1042318
:104210001FE0164A7B6811001800FBF775FF031EAC
:1042200001D1052315E0124A7B6811001800FBF745
:104230006BFF031E01D106230BE00F217B181A78B8
:104240007B1801321A700F23FB181B78052BB8D985
:1042500000231800BD4604B080BDC04648C802080F
:104260004CC8020850C8020854C8020858C80208BE
:104270005CC8020890B583B000AFFB1D01221A7024
:1042800020E0574B1B78FA1D12789A4206D1FB1D8D
:104290001B78013B534A0021D1540EE0504B1A7851
:1042A000FB1D1B785C1EFB1D1B781900100000F025
:1042B00081FA03001A004B4B1A55FB1D1A78FB1D9F
:1042C00001321A70FB1D1B78022BDAD912F00CF99F
:1042D00012F0C6FA0EF062FF0FF008FE0EF012FBAD
:1042E00012F0A2FB0EF076FE12F0D8FB0FF0C8FE23
:1042F000031E03D0FFF7A0FEFEF70CFEFFF7B2FE91
:10430000031E21D0384B01221A70322012F026FCF5
:104310000DF0AEFF354BE12252029A60BB1D012227
:104320001A700CE0314B9A68BB1D1B781100180005
:1043300013F062F9BB1D1A78BB1D01321A70BB1D48
:104340001B78062BEED904E0322012F007FC0DF0AA
:104350008FFFFEF7BBFE0EF07FFB214B1B78002B7F
:1043600011D1234B01220221180019F006F8FA237B
:104370005B00180012F0F2FB1D4B00220221180016
:1043800018F0FBFF22E01A4B01220221180018F05E
:10439000F4FFFA235B00180012F0E0FB144B00223C
:1043A0000221180018F0E9FF642012F0D7FB104B2F
:1043B00001220221180018F0E0FF642012F0CEFB69
:1043C0000B4B00220221180018F0D7FF06F0CAF8A4
:1043D000084B01221A70C046BD4603B090BDC046CE
:1043E000A1000020700A0020C014002050110020FD
:1043F000000400503914002080B500AF16F00AFD0B
:104400000DF09CFBFFF736FF06F0D6F813F09AFA92
:10441000C046BD4680BD0000F0B58DB000AF1F2383
:10442000F918087069460E0013211823CB18D91902
:104430000020087017211823CB18D9190020087004
:1044400016211823CB18D91900200870152018231D
:10445000C318D9190020087014201823C318D919BB
:1044600000200870D0490978080001387862396165
:10447000002078613A697B691000400F3A617B61E6
:10448000DD0005433B69DC003960002078603C6852
:104490007D682300580F2B00DB00FB60FB680343A3
:1044A000FB602300DB00BB600B000733DB08DB0095
:1044B0006A46D31A9D466B4600333B621621182389
:1044C000CB18DB1900221A7018E016201823C31825
:1044D000DB191B783A6A0021D1541823C318DB1961
:1044E0001A78B24B52000021D1521823C318DB199D
:1044F0001A781823C318DB1901321A70AA4B1B78DB
:10450000162218215218D21912789A42DDD3152199
:104510001823CB18DB1918228A18D2191278013205
:104520001A701F23FB181B78013B3A6A08001824F5
:104530000919C9190978D1541823C318DB1918228D
:104540008218D219127801321A70172318229B1878
:10455000DB1901221A7050E01F23FB181B785A1E2A
:1045600017241823E318DB19187891491300DB008E
:104570009B1A1B185B005B5A002B34D01F23FB18BF
:104580001B785A1E894B5200D35A1AB220001823A6
:10459000C318DB191B78013B012199400B001BB2AA
:1045A000134319B21F23FB181B785A1E89B27F4B85
:1045B0005200D1521F23FB181B785A1E1823C31810
:1045C000DB1918787A491300DB009B1A1B185B0073
:1045D0005B5ADB089BB2013B3A6A15211820091887
:1045E000C9190978D15417211823CB18DB191A7867
:1045F0001823CB18DB1901321A70172318229B18C5
:10460000DB191B78062BA7D9142318229B18DB195A
:1046100000221A7015221823D318DB1918215218FA
:10462000D219127801321A70162318229B18DB193E
:1046300000221A709BE0162318229B18DB191B78A6
:104640003A6AD35C1A00152318215B18DB191B7812
:10465000013B9A4200D080E0172318229B18DB19F7
:1046600001221A7072E016241823E318DB191A7855
:1046700017251823EB18DB1918784D491300DB00B8
:104680009B1A1B185B005B5A002B55D01823E318AC
:10469000DB191A781823EB18DB1918784449130032
:1046A000DB009B1A1B185B005B5ADB089BB2013BCB
:1046B0003A6AD35C002B3FD120001823C318DB19C2
:1046C0001A783A4B5200D35A1AB22C001823E31826
:1046D000DB191B78013B012199400B001BB21343EE
:1046E00019B21823C318DB191A7889B22F4B52005C
:1046F000D1521823C318DB191A781823E318DB19D1
:1047000018782B491300DB009B1A1B185B005B5ABF
:10471000DB089BB2013B3A6A152118200918C91918
:104720000978D15414221823D318DB1918215218F0
:10473000D219127801321A7017211823CB18DB19FD
:104740001A781823CB18DB1901321A701723182294
:104750009B18DB191B78062B85D916211823CB183B
:10476000DB191A781823CB18DB1901321A700E4B9B
:104770001B78162218215218D21912789A4200D2A8
:1047800059E7142318229B18DB191B78002B00D043
:104790003AE7132318229B18DB191B78B54618003B
:1047A000BD460DB0F0BDC046A0000020A8110020FD
:1047B00000000020B0B588B000AF0200FB1D1A70E9
:1047C000BB1D0A1C1A700823FB1800221A800B2339
:1047D000FB1800221A701F23FB1800221A700A23EC
:1047E000FB1800221A701E23FB1800221A70994B26
:1047F00002220021180022F062FEFB1D1B78013B03
:10480000954A0021D154FB1D1B78013B934A00219E
:10481000D1540123BB612EE0FB1D1B785A1E904929
:104820001300DB009B1ABA699B185B005B5A002BD4
:104830001ED0FB1D1B785A1E89491300DB009B1AF2
:10484000BA699B185B005B5ADB089AB2BB1D1B78E8
:104850009BB29A420CD1BB1D1B78013B7E4A0121C1
:10486000D1547C4BBA1D12781A70BB69DBB2EDE0F3
:10487000BB690133BB61BB69062BCDDD01237B61C5
:1048800011E0FB1D1B787A699A4209D07B69013BD4
:10489000714AFF21D1547B69013B704A0021D154F8
:1048A0007B6901337B616F4B1B781A007B699342F4
:1048B000E7DD73E008243A19674B1100180000F097
:1048C000D3F803001A001F217B1801321A707A18DE
:1048D000BB1D12781B789A4268D07B181B78013B6D
:1048E0003A190121D1541323FB1801221A7050E008
:1048F0001F243B191B785A1E13257B191878584919
:104900001300DB009B1A1B185B005B5A002B3AD08C
:104910003B191B785A1E7B19187851491300DB008C
:104920009B1A1B185B005B5ADB089AB20A217B18A2
:104930001A707B181B78013B0822BA18D35C002B35
:1049400021D13B191B78013B434AD25C0B203B1819
:1049500001321A707B181B78013B3F4AD35C05007B
:104960003A1812789A420ED208007B181B78013B45
:10497000394A79190978D1543B181B78013B374AD9
:1049800039190978D15413217B181A787B18013210
:104990001A701323FB181B78062BA9D90823FB18C0
:1049A000180000F0A5F8031E84D000E0C04613E014
:1049B0001E22BB181B78BA18591C11701900254B00
:1049C0001F203A1812785A5401007B181B785A1E7F
:1049D0007B1822498A5C1A701F23FB181B78013B45
:1049E0001E4AD35C002BE3D10123FB602AE0FB1DB0
:1049F0001B785A1E1A491300DB009B1AFA689B1891
:104A00005B005B5A002B1AD0FB1D1B785A1E144901
:104A10001300DB009B1AFA689B185B005B5ADB08EB
:104A20009AB2BB1D1B78013B0B49CB5C013B09498A
:104A3000CB5C9BB29A4202D1FB68DBB206E0FB681A
:104A40000133FB60FB68062BD1DD00231800BD4657
:104A500008B0B0BDF81E002044120020481200200B
:104A600000000020A000002080B584B000AF786076
:104A700039600F217B18FF221A700E23FB180022C9
:104A80001A703B681B78002B03D17B187A68127868
:104A90001A700023BB601BE0BB687A68D3181B78D0
:104AA0000F217A1812789A420FD9BB683A68D31846
:104AB0001B78002B09D1BB687A68D2187B18127852
:104AC0001A700E23FB18BA681A70BB680133BB60FA
:104AD000064B1B781A00BB689342DDDB0E23FB18E4
:104AE0001B781800BD4604B080BDC046A000002061
:104AF00080B584B000AF78600F23FB1801221A70D4
:104B00000023BB600CE0BB687A68D3181A780F21C9
:104B10007B18791809780A401A70BB680133BB60AA
:104B2000064B1B781A00BB689342ECDB0F23FB1883
:104B30001B781800BD4604B080BDC046A000002010
:104B4000F0B587B002AF0200FB1D1A70834A844B98
:104B50001100180022F034FC814B1800FBF7DEFA3C
:104B600003009AB27E49FB1D187801235B42009333
:104B7000322312F0AFFC0F23FB1801221A701BE046
:104B80000F243B191A787749754B180022F018FC4E
:104B9000734B1800FBF7C2FA03009AB27049FB1D71
:104BA000187801235B420093322312F093FC3B19E7
:104BB0001A783B1901321A700F23FB181B78062B49
:104BC000DED96949FB1D187801235B42009332232B
:104BD000032212F07FFC0E23FB1800221A70A7E0BC
:104BE0000E243B191B785A1C60495D4B180022F0BB
:104BF000E7FB5B4B1800FBF791FA03009AB25849A8
:104C0000FB1D187801235B420093322312F062FCF3
:104C10003B191A7856491300DB009B1A5B005B5A5C
:104C20001A0013005B009B185B00524A99184C4B0A
:104C30000522180022F077FC4949FB1D1878012352
:104C40005B4200933223052212F044FC4A49FB1DCB
:104C5000187801235B4200933223012212F03AFCC0
:104C60000D23FB1801221A704DE00E23FB181A7851
:104C70000D23FB1818783E491300DB009B1A1B1804
:104C80005B005B5A002B06D13C49354B00221800D3
:104C900022F096FB22E00E257B191A780D26BB190F
:104CA000187833491300DB009B1A1B185B005B5A12
:104CB000DB089BB21C007B191A78BB1918782C49A9
:104CC0001300DB009B1A1B185B005B5A1A000723BA
:104CD00013402B492248220022F072FB204B18007F
:104CE000FBF71CFA03009AB21D49FB1D187801233B
:104CF0005B420093322312F0EDFB0D217B181A78F2
:104D00007B1801321A700D23FB181B78062BACD9C7
:104D10001C49FB1D187801235B42009332230222B9
:104D200012F0D8FB0E217B181A787B1801321A700A
:104D3000154B1B780E22BA1812789A4200D24FE710
:104D40001249FB1D187801235B4200933223012294
:104D500012F0C0FBC046BD4605B0F0BD60C80208F9
:104D6000200A002074C802087CC8020880C8020813
:104D70000000002070C202088CC8020890C8020817
:104D800094C802089CC80208A0000020A0C802081D
:104D900090B587B002AF0200FB1D1A703C4A3D4B34
:104DA0001100180022F00CFB3A4B1800FBF7B6F983
:104DB00003009AB23749FB1D187801235B42009328
:104DC000322312F087FB0F23FB1801221A703EE0FA
:104DD0000E23FB1801221A702EE00F203B181B78BF
:104DE0005A1E2D4B5200D35A19000E243B191B7822
:104DF000013B802212021A4113000B4016D03B18CF
:104E00001A783B191B782549224822F0D9FA214B00
:104E10001800FBF783F903009AB21E49FB1D1878AE
:104E200001235B420093322312F054FB0E217B18C6
:104E30001A787B1801321A700E23FB181B780A2B84
:104E4000CBD90F217B181A787B1801321A70144BBA
:104E50001B780F22BA1812789A42B9D9114A0D4B11
:104E60001100180022F0ACFA0A4B1800FBF756F9B3
:104E700003009AB20749FB1D187801235B42009397
:104E8000322312F027FBC046BD4605B090BDC04698
:104E9000A4C80208200A002020310020C0C802084F
:104EA000A0000020D4C80208F0B589B002AF02000B
:104EB000FB1D1A701223FB1800221A8012F0C2FE8A
:104EC0000300FB60FB6800221A70CA4B1B781A00B3
:104ED000C949CA4B180022F073FAC84AFB6811008E
:104EE000180022F0F4FAC64B1B781A00C549C34BD0
:104EF000180022F065FAC14AFB681100180022F080
:104F0000E6FAC149BD48062300930223002222F09D
:104F100057FABA4AFB681100180022F0D8FABB4AC7
:104F2000BB49B64B180022F04BFAB44AFB6811009B
:104F3000180022F0CCFAB74AB749B04B180022F05B
:104F40003FFAAE4AFB681100180022F0C0FAB34ADB
:104F5000AA4B1100180022F033FAA84AFB6811008E
:104F6000180022F0B4FA1723FB1801221A7048E047
:104F700017243B191A78AA49A04B180022F020FAEE
:104F80009E4AFB681100180022F0A1FA3B191B7819
:104F9000A44AD35C042B27D89A00A34BD3181B68D0
:104FA0009F46A24A954B1100180022F009FA1CE016
:104FB0009F4A924B1100180022F002FA15E09D4A18
:104FC0008E4B1100180022F0FBF90EE09A4A8B4B31
:104FD0001100180022F0F4F907E0984A874B1100FD
:104FE000180022F0EDF900E0C046844AFB68110089
:104FF000180022F06CFA17217B181A787B180132FE
:105000001A701723FB181B78062BB1D98C4A7B4BDF
:105010001100180022F0D4F9784AFB68110018003A
:1050200022F055FA1623FB1801221A7049E01620C7
:105030003B181B785A1E834913005B009B185B01C9
:105040005B58002B0DD13B181A787F496B4B180029
:1050500022F0B6F9694AFB681100180022F037FA0D
:1050600029E01626BB191C78BB191B785A1E7549F6
:1050700013005B009B185B01CB1828331B681800DA
:105080000DF0ECF903001D00BB191B785A1E6F4B85
:105090009200D35818000DF0E1F903006C4957480D
:1050A00000932B00220022F08BF9544AFB68110078
:1050B000180022F00CFA16217B181A787B1801329E
:1050C0001A701623FB181B78062BB0D9FB68180042
:1050D000FBF724F803001A00FB689A185D4B1000D8
:1050E000190003231A0022F016FBFB681800FBF7D7
:1050F00015F803001A00FB689A18574B10001900A6
:105100001D231A0022F007FBFB681800FBF706F8C6
:1051100002001223FB181A801523FB1801221A70B3
:1051200023E0344B1B785A1E4C4B5200D35A1900C3
:1051300015203B181B78013B802212021A411300F4
:105140000B400CD03B181A7845492C4B180022F024
:1051500037F92A4AFB681100180022F0B8F9152126
:105160007B181A787B1801321A701523FB181B78EC
:10517000062BD6D91223FB181C88FB681800FAF7F7
:10518000CDFF03009C420ED1FB681800FAF7C6FF62
:1051900003001A00FB689A18324B1000190005230F
:1051A0001A0022F0B8FAFB681800FAF7B7FF0300FC
:1051B0001A00FB689A18274B1000190003231A00E5
:1051C00022F0A9FAFB1D1B78002B0ED0FB681800FB
:1051D000FAF7A4FF03009AB2F968FB1D18780123BF
:1051E0005B420093322312F075F9C046BD4607B00A
:1051F000F0BDC046A1000020F4C80208200A00202B
:105200003814002010C902082CC902084CC9020831
:1052100058C9020870C902087CC9020898C9020866
:10522000ACC9020870110020B0CA0208B4C9020853
:10523000BCC90208D4C90208E0C90208FCC90208B6
:105240001CCA02082429002034CA0208A01C00201D
:1052500050CA02089CC8020880CA020820310020F7
:10526000A0CA0208A8CA020890B585B000AF78604D
:105270000E23FB1800221A700F23FB1800221A704D
:105280004A4A7B6811001800FAF73EFF031E03D15B
:10529000474B1B781BB285E0464A7B68110018001B
:1052A000FAF732FF031E01D1FF237BE07B681B78F6
:1052B000232B25D17B680133180020F0BEFC0200AF
:1052C0000E217B181A700A00BB181B78002B0AD01D
:1052D000394B1B781100BA1812789A4203D87B1800
:1052E0001B781BB25EE0324B1B780E22BA18127884
:1052F0009A4203D12E4B1B781BB253E0662351E038
:105300000F23FB1800221A701DE00F243B191A7896
:1053100013009B009B185B00284A9A187B681100B9
:105320001800FAF7F1FE031E07D17B681B78002BEB
:1053300003D03B191B781BB234E00F217B181A787D
:105340007B1801321A701C4B1B780F217A181278C7
:105350009A42DAD37B1800221A701DE00F243B1901
:105360001A7813009B009B185B00154A9A187B68FB
:1053700011001800FAF7C8FE031E07D13B191B786D
:105380001B021BB2FE2213431BB20BE00F217B1842
:105390001A787B1801321A700F23FB181B78092B1F
:1053A000DCD964231800BD4605B090BDC4CA02080C
:1053B000A1000020C8CA0208A00000204C12002052
:1053C000E0110020B0B586B000AF02003960FB1DCF
:1053D0001A701323FB1800221A7000237B6100232C
:1053E0007B610FE07B699A00404BD2183B6811004B
:1053F0001800FAF789FE031E01D1062371E07B69CC
:1054000001337B617B69032BECDD01237B6112E0BF
:105410007A6913009B009B185B00354A9A183B6819
:1054200011001800FAF770FE031E01D1072358E09F
:105430007B6901337B612F4B1B781A007B69934298
:10544000E6DB00237B6112E07A6913009B009B1866
:105450005B00294A9A183B6811001800FAF754FEBD
:10546000031E01D107233CE07B6901337B617B692B
:10547000092BE9DD214B224A1A6019E01F4B1B68FA
:105480001B681B68FB60FB681800FAF747FE030007
:10549000BB60BA68F9683B68180022F033F8031E55
:1054A00001D108231DE0154B1B685A68134B1A6085
:1054B000124B1B68002BE1D1FB1D1A7813009B00D7
:1054C0009B185B000A4A9B183A681100180022F0EA
:1054D0001AF913257C19FEF719FC030023707B19B8
:1054E0001B781800BD4606B0B0BDC04678C30208A0
:1054F0004C120020A0000020E0110020C814002061
:10550000A402002080B588B000AF02003960FB1D06
:105510001A701723FB1800221A700023FB61002366
:10552000BB610023FB6129E0FA6913009B009B1813
:105530005B005B4A9A183B6811001800FAF7E4FD1B
:10554000031E18D1FB1D1B785A1E564B5200D35A0E
:105550001AB20121FB6999400B001BB2134319B227
:10556000FB1D1B785A1E89B24E4B5200D152172395
:10557000FB181B7890E0FB690133FB61FB69092B89
:10558000D2DD0023BB610FE0BB699A00464BD21805
:105590003B6811001800FAF7B7FD031E01D106237E
:1055A0007AE0BB690133BB61BB69032BECDD0123EE
:1055B000BB6112E0BA6913009B009B185B003B4A79
:1055C0009A183B6811001800FAF79EFD031E01D1DE
:1055D000072361E0BB690133BB61354B1B781A00BF
:1055E000BB699342E6DB334B334A1A6019E0314B17
:1055F0001B681B681B683B613B691800FAF78EFD4E
:105600000300FB60FA6839693B68180021F07AFFF3
:10561000031E01D108233FE0264B1B685A68254B27
:105620001A60244B1B68002BE1D10023FB6118E0BA
:105630001B49FA6913009B009B185B005B5C002B05
:105640000CD1FA6913009B009B185B00144A9B184D
:105650003A681100180022F056F805E0FB690133A2
:10566000FB61FB69092BE3DDFB1D1B785A1E0D4B0B
:105670005200D35A1AB20121FB6999400B001BB2A8
:10568000134319B2FB1D1B785A1E89B2054B5200F9
:10569000D1521723FB181B781800BD4608B080BDF7
:1056A000E01100207012002078C302084C12002084
:1056B000A0000020CC140020A402002080B586B0F9
:1056C00000AFB9607A6019000F23FB18021C1A7032
:1056D0000E23FB180A1C1A701523FB18D94A1278DE
:1056E0001A703B6A002B03D0D64B20221A7002E0BE
:1056F000D44B00221A702423FB181B78002B04D0F3
:105700001623FB1822221A8003E01623FB182022FE
:105710001A807A6880231B059A4200D3D5E07B6803
:10572000DAB2C94B1A70C84B0E217A1812785A7027
:105730007B181B78082B00D9C6E19A00C34BD318FD
:105740001B689F46BB681B78DAB2BF4B9A700F2369
:10575000FB181B7803222021180005F005FEB6E196
:10576000BB681B785BB2DAB2B74B9A700F23FB1899
:105770001B7803222021180005F0F6FDA7E1BB6885
:105780001B889BB2DAB2B04B9A70BB681B889BB285
:105790001B0A9BB2DAB2AC4BDA700F23FB181B78F2
:1057A00004222021180005F0DFFD90E1BB681B8872
:1057B0001BB2DAB2A44B9A70BB681B881BB21B12D7
:1057C0001BB2DAB2A04BDA700F23FB181B7804224D
:1057D0002021180005F0C8FD79E1BB681B68DAB22A
:1057E000994B9A70BB681B681B0ADAB2964BDA7049
:1057F000BB681B681B0CDAB2934B1A71BB681B6841
:105800001B0EDAB2904B5A710F23FB181B7806223D
:105810002021180005F0A8FD59E1BB681B68DAB229
:10582000894B9A70BB681B681B12DAB2864BDA7020
:10583000BB681B681B14DAB2834B1A71BB681B6808
:105840001B16DAB2804B5A710F23FB181B78062205
:105850002021180005F088FD39E1BB681B78DAB219
:10586000794B9A70BB6801331B78DAB2764BDA70E9
:10587000BB6802331B78DAB2734B1A71BB6803330F
:105880001B78DAB2704B5A71BB6804331B78DAB2FA
:105890006D4B9A71BB6805331B78DAB26A4BDA71CB
:1058A000BB6806331B78DAB2674B1A72BB680733E2
:1058B0001B78DAB2644B5A720F23FB181B780A224A
:1058C0002021180005F050FD01E15F4B00221A7005
:1058D0005D4B0E217A1812785A707B681B0EDAB273
:1058E000594B9A707B681B0CDAB2574BDA707B68A5
:1058F0001B0ADAB2544B1A717B68DAB2524B5A71F6
:105900007B181B78082B00D9E0E09A00504BD31885
:105910001B689F46BB681B78DAB24B4B9A71162303
:10592000FB1819880F23FB181B780722180005F0B5
:105930001BFDCCE0BB681B785BB2DAB2424B9A71BC
:105940001623FB1819880F23FB181B780722180051
:1059500005F00AFDBBE0BB681B889BB2DAB23A4B8C
:105960009A71BB681B889BB21B0A9BB2DAB2364B9A
:10597000DA711623FB1819880F23FB181B780822ED
:10598000180005F0F1FCA2E0BB681B881BB2DAB27C
:105990002D4B9A71BB681B881BB21B121BB2DAB26B
:1059A000294BDA711623FB1819880F23FB181B7873
:1059B0000822180005F0D8FC89E0BB681B68DAB241
:1059C000214B9A71BB681B681B0ADAB21E4BDA7155
:1059D000BB681B681B0CDAB21B4B1A72BB681B68D6
:1059E0001B0EDAB2184B5A721623FB1819880F23B4
:1059F000FB181B780A22180005F0B6FC67E0BB68AC
:105A00001B68DAB2104B9A71BB681B681B12DAB2C2
:105A10000D4BDA71BB681B681B14DAB20A4B1A72A1
:105A2000BB681B681B16DAB2074B5A721623FB18A9
:105A300019880F23FB181B780A22180005F094FC24
:105A400045E0C0464811002004140020CCCA0208DA
:105A5000F0CA0208BB681B78DAB22D4B9A71BB689A
:105A600001331B78DAB22A4BDA71BB6802331B7838
:105A7000DAB2274B1A72BB6803331B78DAB2244BB5
:105A80005A72BB6804331B78DAB2214B9A72BB6836
:105A900005331B78DAB21E4BDA72BB6806331B780B
:105AA000DAB21B4B1A73BB6807331B78DAB2184B98
:105AB0005A731623FB1819880F23FB181B780E2224
:105AC000180005F051FC02E0C04600E0C046114B52
:105AD0001522BA1812781A703B6A002B13D015F0F1
:105AE00015FA03003B61C0460B4B1B78002B07D017
:105AF00015F00CFA02003B69D31A3A6A9A42F3D8BD
:105B0000054B1B7800E000231800BD4606B080BDA1
:105B1000041400204811002036140020B0B584B0D1
:105B200002AF1E2020F090F803007B607B681E22ED
:105B30000021180021F0C3FC0C4B1B7D5A1E0C4B9E
:105B40009200D258094B9B7D1D00084B5B7D1C00C9
:105B5000064B1B8B07497868019300942B0021F0BA
:105B60002FFC7B681800BD4602B0B0BD501100206C
:105B7000740000203CCB020890B587B004AF02004F
:105B8000FB1D1A70BB1D0A1C1A700D4B19780C4BAB
:105B90001C78BB1D1A78FB1D187801230393012381
:105BA0005B42029301235B42019302230093230093
:105BB00005F084FF03001800BD4603B090BDC04649
:105BC000A100002080B588B006AF0200FB1D1A704E
:105BD000BB1D0A1C1A7000230493002303930023A7
:105BE000029300230193002300930023002200214D
:105BF0000020FEF7F5F8FB1D1B785A1E2349130001
:105C00005B009B185B015B58002B16D0BB1D1B78FB
:105C10005A1E1E4913005B009B185B015B58002B4A
:105C20000BD0FB1D1B7818000DF05CF8BB1D1B781A
:105C300018000DF057F8002324E0FB1D1B785A1EB6
:105C4000124913005B009B185B015B58002B06D0C8
:105C5000FB1D1B7818000DF045F8002312E0BB1D5A
:105C60001B785A1E094913005B009B185B015B58A7
:105C7000002B06D0BB1D1B7818000DF033F8002355
:105C800000E068231800BD4602B080BD2429002032
:105C900080B586B000AF0200FB1D1A70FB1D1B789B
:105CA000180011F0C9FC03007B617B691B68234A63
:105CB000934209D07B691B68214A934204D07B69D7
:105CC0001B68204A934234D1C0467B691B68DA695D
:105CD00080235B021A4080235B029A42F5D0C046C3
:105CE0007B691B68DA698023DB031A408023DB03AE
:105CF0009A42F5D10C217B18802292031A607B18FE
:105D0000786919685A681CF00DFF7B691B689A68EE
:105D10007B691B688021C9030A439A607B6918006C
:105D20001CF068FF8023DB010121180017F0A4FBA1
:105D300000E0FF231800BD4606B080BD00380140DA
:105D4000004400400048004080B582B000AF02002F
:105D5000FB1D1A70124B134A9A61FB1D1B78042B12
:105D600015D89A00104BD3181B689F46012017F0D6
:105D70004FFB0CE0082017F04BFB08E0202017F049
:105D800047FB04E0022017F043FB00E0C04617F099
:105D9000C5FB17F0A9FB00231800BD4602B080BD6B
:105DA000007000403F00010014CB020880B582B0B3
:105DB00000AF0200FB1D1A701E4B1A6980235B00A6
:105DC0001A4080235B009A422ED11A4B1A4A9A61DC
:105DD000FB1D1B78042B15D89A00184BD3181B6891
:105DE0009F46012017F034FB0CE0082017F030FB31
:105DF00008E0202017F02CFB04E0022017F028FB1D
:105E000000E0C0460E4B01220221180017F0B5FA3F
:105E1000FA239B00180015F083F8094B0022022199
:105E2000180017F0AAFA00E000231800BD4602B0DF
:105E300080BDC046007000400001010028CB020870
:105E400000040050B0B588B002AF78600F23FB1893
:105E500000221A701723FB1800221A701423FB1853
:105E600000221A8001235B421900012014F0E4FA99
:105E700011F0E8FE03003B61824B9A68E1231B03AB
:105E80009A421ED01623FB1801221A7014E07E4B92
:105E90001B7816217A1812789A4207D0E1231A0348
:105EA0007B181B781100180011F0A6FB16217B1837
:105EB0001A787B1801321A701623FB181B78062BF0
:105EC000E5D9724B1B781C00714B1B881A0013001C
:105ED0005B009B185B006F4A9A186B4B1B786E49EE
:105EE0006E4800931300220021F06AFA664B1C787A
:105EF0006B4B1D686A4B1B681800FAF70FF903001B
:105F00009AB20A232900200011F03AFB5E4B1C785C
:105F1000624B1800FAF702F903009AB25F490A23AC
:105F2000200011F02DFB5F4B1B78012B00D0A5E06A
:105F3000574B1B88DBB21800FCF7FEFF0300472B12
:105F400008D1594B1A780F23FB181A70564B0022B0
:105F50001A700DE04C4B1B78013B544AD25C0F2366
:105F6000FB181A70484B1B78013B504A0021D15452
:105F70004C4B00221A70444B18780F2439190A230D
:105F8000012211F0FDFA3B191B780D2B33D13E4B4A
:105F90001C78474B1D68464B1B681800FAF7BEF883
:105FA00003009AB20A232900200011F0E9FA17230E
:105FB000FB181B785BB2002B05D13E4A3E4B11000B
:105FC000180021F0A0FB304B18783B693A4A0121B8
:105FD00000F074F8384A374B1100180021F093FB99
:105FE0001723FB1800221A70334B322200211800AD
:105FF00021F065FA42E00F22BB181B780A2B3DD036
:10600000BB181B78082B03D0BB181B787F2B14D12F
:1060100017217B181B785BB2002B2FDD7B181B78B8
:106020005BB2DBB2013BDAB27B181A707B181B78CB
:106030005BB2214A0021D15420E00F22BB181B780B
:106040001F2B1BD9BB181B787E2B17D817217B1849
:106050001B785BB2312B11DCBB181A7808007B1857
:106060001B785BB251B2144AD15401007B181B78E3
:106070005BB2DBB20133DAB27B181A7012F058F857
:1060800051E7C0465011002038140020A100002024
:106090004000002070C202083CCE02088815002093
:1060A000DC000020730A002044110020D8170020D3
:1060B000E0000020E4150020B0150020F0B58DB000
:1060C00002AFBA607B600F23FB18021C1A700E230C
:1060D000FB180A1C1A7000233B621E23FB180022C7
:1060E0001A801423FB1800221A60043305220021B1
:1060F000180021F0E4F9BB68180000F099FAC84BC9
:106100001B78002B22D1C749BB680322180021F05D
:10611000F9F9031E1AD1BB6803331900012000F0FE
:10612000BDFA031E09D0C04A7B681100180021F097
:1061300047F9BB4B00221A7005E0B94B02221A70D6
:106140007B680D221A7000237B6212E2B44B1B782D
:10615000002B18D0B549BB680622180021F0D2F9EF
:10616000031E10D1AE4B00221A70B14B1900032050
:1061700000F094FAAF4A7B681100180021F020F972
:1061800000237B62F5E1A64B1B78022B13D1BB6881
:106190001900022000F082FA031E06D0A24A7B6892
:1061A0001100180021F00CF902E07B680D221A7032
:1061B00000237B62DDE1BB682E21180021F094F9F9
:1061C00003003B623B6A002B00D1C9E13B6A033B01
:1061D00099490322180021F095F9031E00D1BFE16F
:1061E0003B6A01331B785A1C944BD3181B781A0056
:1061F0000423134000D0B3E13A6ABB68D31A1A00F3
:10620000B96814257B19180021F08DF91E26BC19D8
:106210007B191800FFF728F803002380BB19002220
:106220009B5E874A127893420AD13B6A01339922D6
:1062300092007968180011F077FC03007B6298E106
:106240001E23FB1800229B5E642B08D17D4A7B68CD
:106250001100180021F0B4F800237B6289E11E23AD
:10626000FB1800229B5E662B08D1774A7B681100E1
:10627000180021F0A5F800237B627AE11E23FB18A9
:1062800000229B5EFF2B48D1704B02220021180098
:1062900021F015F93B6A5C1CBB681800F9F73EFF5A
:1062A00005001426BB191800F9F738FF0300EB1A94
:1062B0005A1E674B2100180021F035F9604B1D78FC
:1062C000BB681800F9F72AFF03009CB2BB1918003D
:1062D000F9F724FF03009BB2E31A9BB21722FF21B8
:1062E000280004F0F7FF3B6A013399229200796895
:1062F000180011F019FC03007B627B681800F9F7A5
:106300000DFF03001A007B689A18524B1000190009
:106310001D231A0021F0FFF92BE11E22BB181B8858
:10632000DBB2FE2B59D1BB1800229B5E1B121BB2A5
:10633000DAB2494B1A70454B02220021180021F0B5
:10634000BEF83B6A5C1CBB681800F9F7E7FE050065
:106350001423FB181800F9F7E1FE0300EB1A5A1E8C
:106360003B4B2100180021F0DEF8354B1D783A4BED
:106370001E78BB681800F9F7D1FE03009CB2142305
:10638000FB181800F9F7CAFE03009BB2E31A9BB290
:1063900017223100280004F09DFF294B1B785A1E5C
:1063A0002E4B5200D35A1A002B4B1B781A41130064
:1063B0000122134009D03B6A013399229200796887
:1063C000180011F0B1FB03007B621423FB187A68FC
:1063D0002349786820F0F4FFCBE03B6A0133214980
:1063E0000622180021F08EF8031E41D11E4B002218
:1063F0001A701E243B191B88DBB2002219211800D9
:1064000004F0B2FF642011F0A5FA0D4B18783B1987
:106410001B88D9B2154B1A7800230BF043FE7FE09E
:106420001616002068CE02086CCE0208C0CE020804
:10643000C8CE0208CCCE020810CF0208204F0408B4
:10644000A100002014CF02083CCF02086C120020EB
:106450000414002064CF02081716002070120020D8
:1064600084CF0208B0CF0208481100203814002061
:106470003B6A5C1CBB681800F9F750FE0500142647
:10648000BB191800F9F74AFE0300EB1A5A1E604BBD
:106490002100180021F047F81E23FB181B88DDB2ED
:1064A000BB681800F9F73AFE03009CB2BB1918004C
:1064B000F9F734FE03009BB2E31A9BB2013B9BB297
:1064C0001A001721280004F04FFF1E23FB1800229A
:1064D0009A5E50497B68180020F072FF7B681B7839
:1064E000002B13D00E23FB181B78002B0ED07B68DB
:1064F0001800F9F713FE03009AB279680F23FB180E
:10650000187801230093322310F0E4FF7B68180011
:10651000F9F704FE02007B680021180020F0CFFF8D
:106520003D4B1B78602B18D1FA239B0019000120EA
:1065300013F082FF394B1B78002B0ED0384B1B8891
:1065400001339AB2364B1A801E23FB1800229B5E41
:106550007A683449786820F033FF00237B6208E0D2
:1065600099239A007968BB68180011F0DDFA0300DE
:106570007B627B681B78002B14D00E23FB181B78E2
:10658000002B0FD07B681800F9F7C8FD03009AB202
:1065900079680F23FB18187801235B42009332239C
:1065A00010F098FF7B681800F9F7B8FD02007B68CF
:1065B0000021180020F083FF7B6A002B00D09AE5B1
:1065C0001423FB1809220021180020F078FF164B35
:1065D0001B78002B17D10E23FB181B78002B12D031
:1065E000124B1C68114B1B681800F9F797FD03004C
:1065F0009AB20F23FB18187801235B4200933223D1
:10660000210010F067FFC046BD460BB0F0BDC0468C
:1066100004140020B8CF02084811002036140020CE
:10662000961F0020DCCF020816160020E400002090
:1066300080B584B000AF78600023FB6020E0FB6889
:106640007A68D2180B217B1812781A707B181B7885
:106650005A1C114BD3181B781A0003231340012B2B
:1066600003D17B181B78203302E00B23FB181B7827
:10667000FA6879688A18DBB21370FB680133FB6033
:10668000FB687A68D3181B78002BD8D1C046C04667
:10669000BD4604B080BDC046204F0408B0B584B0EC
:1066A00000AF02003960FB1D1A70FB1D1B78032B25
:1066B00006D000DDBFE0012B11D0022B15D0BAE0CF
:1066C000614B1B785A1E614913009B009B189B006D
:1066D000CB18103301221A700BF0DAFAAEE03B68E7
:1066E000180000F0B5F80300A9E0574B1B785A1EBC
:1066F000564913009B009B189B00CB180C331B685A
:10670000002B55D0504B1B785A1E504913009B004C
:106710009B189B00CB180C331B681800F9F7FEFC84
:106720000300FB60484B1B785A1E484913009B002E
:106730009B189B00CB180C331D683B681800F9F7B9
:10674000EDFC0200FB68D3189A1C3F4B1B785C1EC3
:10675000110028001FF0CAFC01003C4A23009B00E6
:106760001B199B00D3180C331960374B1B785A1E2A
:10677000364913009B009B189B00CB180C331A68FA
:10678000FB680133D3183A681100180020F0BBFFF2
:106790002D4B1B785A1E2D4913009B009B189B0004
:1067A000CB180C331A68FB68D31813221A7025E033
:1067B0003B681800F9F7B2FC03005A1C224B1B7807
:1067C0005C1E10001FF040FA030019001F4A23004E
:1067D0009B001B199B00D3180C3319601A4B1B78B4
:1067E0005A1E1A4913009B009B189B00CB180C33B0
:1067F0001B683A681100180020F085FF124B1B78C7
:106800005A1E124913009B009B189B00CB180C3397
:106810001B68002B11D10C4B1B785A1E13009B00D8
:106820009B189B00094A9B1814220021180020F095
:1068300046FE0E2303E0C04600E0C04600231800D9
:10684000BD4604B0B0BDC046841500202015002010
:10685000B0B58EB006AF78601F23FB1800221A7007
:106860001E23FB1800221A70EC4B1B78052B02D15B
:106870000E2300F0E0FBE94B1B781900E84A0B00FF
:106880009B005B189B0000219954E44B1B78190076
:10689000E34A0B009B005B189B00D31801330022D6
:1068A0001A70DE4B1B781A0013009B009B189B008C
:1068B000DB4A9B18023304220021180020F0FFFD60
:1068C0007B681B78622B00D0B0E27B6802331B78B8
:1068D0002E2B00D0AAE27B6801331B782F2B00D827
:1068E000A5E37B6801331B78362B00D99FE37B68D7
:1068F00001331A781E203B18303A1A70C74B1B78A8
:106900001900C74A0B009B005B189B00012199549A
:10691000C24B1B781900C24A0B009B005B189B00FE
:10692000D318013300221A70BC4B1B781900BC4AE3
:106930000B009B005B189B00D318023304003A182D
:1069400012781A707B680333B6490722180020F0CA
:10695000D9FD031E30D1B14B1B781900B04A0B0092
:106960009B005B189B00D318033305221A703B1958
:106970001A78AD491300DB009B18CB1808331B783D
:106980001A000123134012D13B19187801230593F3
:106990000023049300230393002302930023019315
:1069A000002300930023002201210EF0CBFB1F23C4
:1069B000FB1800221A7032E27B6803339B490E22D7
:1069C000180020F09FFD031E31D1944B1B78190055
:1069D000934A0B009B005B189B00D31803330622DD
:1069E0001A701E203B181A788F491300DB009B1881
:1069F000CB1808331B781A000223134012D13B181E
:106A000018780123059300230493002303930023A4
:106A1000029300230193002300930023012200210D
:106A20000EF090FB1F23FB1800221A70F7E17B6821
:106A300003337F490C22180020F064FD031E00D0B0
:106A4000F8E01E243B191A7877491300DB009B18E5
:106A5000CB1802331B78002B41D1704B1B781900E7
:106A60006F4A0B009B005B189B00D318033309226D
:106A70001A707B680F3318001FF0D9F80200674BBB
:106A80001B781900D0B2664A0B009B005B189B0074
:106A9000D3180433021C1A70604B1B781900604A2B
:106AA0000B009B005B189B00D31804331A783B192A
:106AB00018780123059300230493002303930023F4
:106AC000029300230193002300931300002200216E
:106AD0000EF038FB1F23FB1800221A709FE11E24C2
:106AE0003B191A7850491300DB009B18CB1803336D
:106AF0001B78002B40D1494B1B781900484A0B00EA
:106B00009B005B189B00D31803330A221A707B6822
:106B10000F3318001FF08BF80200404B1B78190050
:106B2000D0B23F4A0B009B005B189B00D318043384
:106B3000021C1A70394B1B781900394A0B009B0054
:106B40005B189B00D31804331B783A191078012284
:106B50000592002204920022039200220292002257
:106B6000019200930023002200210EF0EBFA1F2374
:106B7000FB1800221A7052E11E243B191A782A4988
:106B80001300DB009B18CB1804331B78002B40D17B
:106B9000224B1B781900224A0B009B005B189B00BC
:106BA000D31803330B221A707B680F3318001FF0C1
:106BB0003EF80200194B1B781900D0B2184A0B009E
:106BC0009B005B189B00D3180433021C1A70134BF4
:106BD0001B781900124A0B009B005B189B00D3180E
:106BE00004331B783A19107801220592002204928E
:106BF00000220392002202920193002300930023BB
:106C0000002200210EF09EFA1F23FB1800221A70AA
:106C100005E11F23FB180C221A7000E184150020E7
:106C200020150020FCCF02087C2D002004D0020893
:106C300014D002087B680333C7490D22180020F0E6
:106C400061FC031E00D0EAE01E243B191A78C349F8
:106C50001300DB009B18CB1805331B78002B40D1A9
:106C6000BF4B1B781900BF4A0B009B005B189B00B1
:106C7000D31803330C221A707B68103318001EF0EF
:106C8000D6FF0200B64B1B781900D0B2B54A0B00F4
:106C90009B005B189B00D3180433021C1A70B04B86
:106CA0001B781900AF4A0B009B005B189B00D318A0
:106CB00004331B783A1910780122059200220492BD
:106CC00000220392029300230193002300930023E8
:106CD000002200210EF036FA1F23FB1800221A7042
:106CE0009DE01E243B191A789C491300DB009B1879
:106CF000CB1806331B78002B40D1994B1B78190019
:106D0000984A0B009B005B189B00D31803330D229D
:106D10001A707B68103318001EF089FF0200904B38
:106D20001B781900D0B28F4A0B009B005B189B00A8
:106D3000D3180433021C1A70894B1B781900894A36
:106D40000B009B005B189B00D31804331B783A1987
:106D500010780122059200220492039300230293EB
:106D600000230193002300930023002200210EF052
:106D7000E9F91F23FB1800221A7050E01E243B196A
:106D80001A7876491300DB009B18CB1807331B7861
:106D9000002B40D1724B1B781900724A0B009B00EC
:106DA0005B189B00D31803330E221A707B681033D4
:106DB00018001EF03CFF0200694B1B781900D0B28E
:106DC000684A0B009B005B189B00D3180433021C1D
:106DD0001A70634B1B781900624A0B009B005B180A
:106DE0009B00D31804331B783A19107801220592BE
:106DF00004930023039300230293002301930023B1
:106E000000930023002200210EF09CF91F23FB18A1
:106E100000221A7003E01F23FB180D221A70504B3A
:106E20001B780133DAB24E4B1A7000E17A684E4B90
:106E30001100180020F067FC1D23FB1800221A70B7
:106E40001C23FB1800221A70484A474B11001800F7
:106E500020F07EFB0300BB61444B1900002020F0B2
:106E600077FB03007B61414B1900002020F070FB91
:106E700003003B61BB69002B01D16723DBE01D25CB
:106E80007C19BB691800FDF761F903002370280025
:106E90003B181B78002B24D07B69002B21D13B6948
:106EA000002B1ED12E4B1B7819002E4A0B009B0085
:106EB0005B189B0002219954294B1B781900294A21
:106EC0000B009B005B189B00D31803333A18127811
:106ED0001A70234B1B780133DAB2214B1A7000234E
:106EE000A9E07B69002B00D19FE03B69002B00D11A
:106EF0009BE01C257C193B691800FDF727F903006E
:106F0000237028003B181B78002B31D0144B1B78C2
:106F10001900144A0B009B005B189B000421995434
:106F20000F4B1B7819000F4A0B009B005B189B004E
:106F3000D31803331D22BA1812781A70084B1B7825
:106F40001900084A0B009B005B189B00D3180733FD
:106F50003A1812781A703FE024D002087C2D0020E5
:106F600084150020201500201816002034D00208B7
:106F7000334B1B781900334A0B009B005B189B00B6
:106F8000032199542E4B1B7819002E4A0B009B00AD
:106F90005B189B00D31803331D22BA1812781A709D
:106FA0003B6918001EF03EFE02000B0010001900A5
:106FB000FBF700FF031CFB60214B1B781A0013003A
:106FC0009B009B189B001F4A9B1806330C22B91884
:106FD0000422180020F09FFB194B1B781C007B69D2
:106FE0001800FDF7E5F803001900164A23009B007E
:106FF0001B199B00D31801330A1C1A70104B1B7805
:107000001900104A0B009B005B189B00D31801333A
:107010001B78002B01D167230DE0094B1B7801334E
:10702000DAB2074B1A70002305E0672303E0C0467D
:107030001F23FB181B781800BD4608B0B0BDC04622
:10704000841500202015002090B583B000AF786033
:1070500039602B4B1B785A1E2A4913009B009B1842
:107060009B00CB180C331B68002B01D1002343E09D
:10707000254B1B68002B02D1234B7A681A60224BE8
:107080001B681B78002B06D11F4B00221A600023BF
:107090003B60002330E01C4B1B681321180020F0DC
:1070A00023FA0200194B1A60184B1B68002B11D0F1
:1070B000154B1968154B1A68134B1B68D31A1A0025
:1070C0003B68180020F02FFA104B1B685A1C0E4B1F
:1070D0001A6010E00C4B1A683B681100180020F091
:1070E00012FB094B1C683B681800F9F717F80300FE
:1070F000E218054B1A6001231800BD4603B090BD8D
:1071000084150020201500204C1600205016002069
:1071100090B587B000AF0200FB1D1A70FB1D1A78F6
:10712000644913009B009B189B005B5C042B00D1FF
:10713000B5E000DDB5E0032B2BD000DDB1E0012B85
:1071400003D0022B00D1AEE0ABE0FB1D1A78132474
:107150003919584813009B009B189B00C318023331
:107160001B780B70FB1D1A78524913009B009B186B
:107170009B00CB18033319783B191A784E4813003B
:10718000DB009B181B5C994201D101238DE0002399
:107190008BE0FB1D1A78474913009B009B189B004E
:1071A000CB1803331B785A1E444913005B009B180D
:1071B0009B005B581B687B61FB1D1A7813009B00CA
:1071C0009B189B003B4A9B18991D0C23FB1804221B
:1071D000180020F0A0FAFB1D1A78364913009B0016
:1071E0009B189B00CB1801331B78062B55D89A00AF
:1071F000334BD3181B689F46FB68191C7869F9F755
:1072000069F9031E00D149E001234EE0FB68191C17
:107210007869F9F779F9031E00D13FE0012344E0D2
:10722000FB68191C7869F9F75BF9031E00D135E09A
:1072300000217869F9F74EF9031E00D02EE00123F2
:1072400033E0FB68191C7869F9F768F9031E00D16F
:1072500024E0012329E0FB68191C7869F9F74AF951
:10726000031E00D11AE000217869F9F733F9031EF3
:1072700000D013E0012318E0FB68191C7869F9F7C6
:1072800029F9031E00D009E000217869F9F722F9F5
:10729000031E00D002E0012307E0C04604E0C04620
:1072A00002E0C04600E0C04600231800BD4607B01B
:1072B00090BDC046201500207C2D002054020020E7
:1072C00038D0020880B582B000AF7B1D00221A7052
:1072D000BB1D00221A8010F0B5FC03003B60BB1DF3
:1072E00000221A803EE0BB1D1A88254913009B002E
:1072F0009B189B00CB1810331B78002B2DD0BB1D87
:107300001B88DBB21800FFF703FF031E25D01D4BBF
:1073100020221A7010E01C4B18783B681B4A002191
:10732000FEF7CCFE3B681800F8F7F8FE02003B6859
:107330000021180020F0C3F8BB1D1A881049130063
:107340009B009B189B00CB180C331B680F4A110045
:107350001800FFF779FE031EDDD1BB1D1A88BB1D87
:1073600001321A800A4B1B789BB2BA1D12889A42CE
:10737000B9D37B1D1B781800BD4602B080BDC04646
:107380002015002048110020381400205416002039
:107390008415002080B500AFBFF34F8FC046044B6B
:1073A000044ADA60BFF34F8FC046C046FDE7C046CF
:1073B00000ED00E00400FA0580B500AFC046BD4610
:1073C00080BD000080B500AF444B180010F084FB76
:1073D000434B180010F080FB424B180010F07CFB70
:1073E000414B180010F078FB404B180010F074FB74
:1073F0003F4B180010F070FB3E4B180010F06CFB78
:107400003D4B180010F068FB3C4B180010F064FB7B
:107410003B4B180010F060FB3A4B180010F05CFB7F
:10742000394B180010F058FB384B180010F054FB83
:10743000374B180010F050FB364B180010F04CFB87
:10744000354B180010F048FB344B180010F044FB8B
:10745000334B180010F040FB324B180010F03CFB8F
:10746000314B180010F038FB304B180010F034FB93
:107470002F4B180010F030FB2E4B180010F02CFB97
:107480002D4B180010F028FB2C4B180010F024FB9B
:107490002B4B180010F020FB2A4B180010F01CFB9F
:1074A000294B180010F018FB284B180010F014FBA3
:1074B000274B180010F010FB264B180010F00CFBA7
:1074C000254B180010F008FB244B22221A700AF0FA
:1074D000B9FFFFF771FFC046BD4680BD4CD1020821
:1074E000E4D0020880D1020860D3020898D30208D1
:1074F000E8D3020858D4020894D40208D4D402086D
:1075000020D60208E0D602085CD70208B4D70208E9
:1075100004D802089CD80208F0D8020848D902080A
:10752000C8D9020804DA020854DA0208A4DA020808
:1075300004DB02084CDB020894DB0208DCDB0208F7
:107540001CDC020864DC020844DD0208C0DD02081D
:1075500008DE020858DE0208C4DE02086F110020AF
:1075600080B586B000AFF860B9607A600B4B7B6184
:107570007A69FB681100180020F0C5F87B691800D3
:10758000F8F7CCFD0200FB689B18180012F010FE03
:1075900000231800BD4606B080BDC046D4DE0208F8
:1075A00080B586B000AFF860B9607A600B4B7B6144
:1075B0007A69FB681100180020F0A5F87B691800B3
:1075C000F8F7ACFD0200FB689B18180012F096FE5D
:1075D00000231800BD4606B080BDC04624DF020867
:1075E00090B585B000AFF860B9607A601D4B1B782C
:1075F00019001D4A0B009B005B185B009B5C002B75
:1076000009D11A4B1968174B1B781A00FB68180030
:107610001FF0D6FE11E0164B1968124B1B781C00A8
:10762000104B1B781A0013009B009B185B000E4A3E
:107630009B18F86822001FF0C3FE0E4B01220221A6
:10764000180015F09AFEC82010F084F9094B0022AA
:107650000221180015F091FE00231800BD4605B068
:1076600090BDC046A10000204C1200200401002063
:107670000801002000040050B0B588B002AFF860E7
:10768000B9607A601523FB1800221A70684A7B687B
:107690000121180010F0DEFA0200664B1A60654BFB
:1076A0001B68002B2AD1644B1968644B1B781A00A5
:1076B000FB6818001FF084FE614B1A68FB6811001C
:1076C00018001FF004FF5F4B1C78FB681800F8F7E8
:1076D00025FD03009AB2F96801235B42009332232F
:1076E00020000FF0F7FE584B584A1A60584B012201
:1076F0001A700A2010F02EF9FFF74CFE4D4B186857
:107700004B4B1B681A00534B19001FF0FBFE031E66
:1077100000D078E0504A7B680221180010F09AFAF5
:1077200002004E4B1A604E4A7B680321180010F08D
:1077300091FA02004B4B1A60484B1B681B785BB2F6
:10774000232B0AD1454B1B68013318001EF075FA34
:1077500002001723FB181A7003E01523FB18682298
:107760001A70404B1B681B785BB2702B0AD13D4BE3
:107770001B68013318001EF060FA02001623FB1884
:107780001A7003E01523FB1868221A702B4B1B7824
:1077900017257A1912789A421DD0334B00221A709D
:1077A000324B16243A1912781A707B191B78012271
:1077B0001A21180003F0D8FD642010F0CBF81F4BFD
:1077C0001878204B1A783B191C787B1919782300FC
:1077D0000AF068FC1BE016243B191878002300937C
:1077E00019230022002103F00FFE642010F0B2F8EC
:1077F000124B1878114B1978124B1A783B191B78D9
:107800000AF050FC03E01523FB1868221A701523B8
:10781000FB181B78682B06D1154B1A68FB68110002
:1078200018001FF070FF00231800BD4606B0B0BD61
:10783000D8160020DC1600200C010020A10000203A
:107840009000002038140020F03F0220EFBEADDE93
:107850006C11002068DF0208E0160020E41600200A
:10786000E8160020EC160020481100200414002027
:107870001001002080B584B000AFF860B9607A6074
:10788000FFF788FDB0B586B000AFF860B9607A60E8
:107890001723FB1800221A702D4A7B68012118005B
:1078A00010F0D8F902002B4B1A60294B1B68092BEA
:1078B00004DD284B1B68093300221A70264B1A7806
:1078C000244B1B6817257C1919001000FDF77AFD61
:1078D000030023707B191B78002B0AD11F4B1968FA
:1078E0001D4B1B781A001B4B1B68F8681FF068FDC6
:1078F00028E01723FB181B78062B08D1184B1968B2
:10790000144B1A68FB6818001FF05AFD1AE0172381
:10791000FB181B78072B08D1124B19680D4B1A68FE
:10792000FB6818001FF04CFD0CE01723FB181B78B8
:10793000082B07D10C4B1968064B1A68FB68180016
:107940001FF03EFD00231800BD4606B0B0BDC04686
:10795000F0160020F4160020A100002014010020E1
:10796000180100201C01002020010020B0B594B0B7
:1079700000AFF860B9607A604F23FB1800221A70DC
:107980002023FB1800221A60043323220021180050
:107990001FF095FD4C23FB1800221A804A243B1946
:1079A00000221A8014257B1900221A600433062253
:1079B000002118001FF083FD9C4A7B6801211800FC
:1079C00010F048F902009A4B1A60994B1968974BCE
:1079D0001B681A007B1918001FF0A5FD3B19012236
:1079E0001A804923FB1800221A701BE04923FB1858
:1079F0001A7813009B009B185B008E4A9A18142378
:107A0000FB1811001800F8F77FFB031E04D14A236E
:107A1000FB1800221A800AE049217B181A787B188B
:107A200001321A704923FB181B78092BDED9824BCF
:107A300002221A70FA68814B100019000A231A00FA
:107A40001FF069FE7C4B1B785BB219007C4A7B6897
:107A5000180010F0FFF802007A4B1A605DE0794BD5
:107A60001968774B1B681A0020243B1918001FF077
:107A70005AFD734B1B6820003A180021D1544C2545
:107A80007C193B181800FDF7EFFB030023807B19DE
:107A900000229B5E002B45DB7B191B88DBB24F2548
:107AA0007C191422BA1811001800FDF72BFD0300F1
:107AB00023707B191B78002B36D15F4B1B785BB290
:107AC000022B0EDDFB681800F8F728FB03001A00F4
:107AD000FB689A185C4B1000190003231A001FF072
:107AE0001AFE2023FA18FB68110018001FF0EFFCA3
:107AF000514B1B785BB2DBB20133DBB25AB24E4B57
:107B00001A704D4B1B785BB219004D4A7B68180008
:107B100010F0A0F802004B4B1A604A4B1B68002B78
:107B20009DD102E0C04600E0C0464C23FB18002275
:107B30009B5E002B08DA454B19682023FA18FB6876
:107B400018001FF03DFC6CE03B4B1B785BB2022B36
:107B500008D13F4B19681423FA18FB6818001FF06E
:107B60002FFC5EE04F23FB181B78002B15D14A2316
:107B7000FB1800229B5E002B0FD0364B1968142394
:107B8000FA1820243B1918001FF01AFC3A19FB6858
:107B9000110018001FF09BFC43E04F23FB181B78DB
:107BA000002B15D14A23FB1800229B5E002B0FD11E
:107BB000294B19681423FA1820243B1918001FF0C8
:107BC000FFFB3A19FB68110018001FF080FC28E049
:107BD0004F23FB181B78062B08D1204B1968142360
:107BE000FA18FB6818001FF0EBFB1AE04F23FB1894
:107BF0001B78072B08D11A4B19681423FA18FB6855
:107C000018001FF0DDFB0CE04F23FB181B78082B3E
:107C100007D1144B19681423FA18FB6818001FF0D9
:107C2000CFFB00231800BD4614B0B0BDF8160020ED
:107C3000FC160020E0110020001700206CDF020875
:107C4000041700200817002078DF02082401002014
:107C5000280100202C0100203001002034010020E8
:107C6000380100203C01002080B584B000AFF860EE
:107C7000B9607A600020FDF717F900231800BD46AF
:107C800004B080BD90B589B002AFF860B9607A6089
:107C900017217B1800221A70334B1B78012B04D953
:107CA0007C180FF05FFD030023702F4B1B781A0028
:107CB0002E49FB6818001FF083FB2D4B1C78FB68D6
:107CC0001800F8F72BFA03009AB2F96801235B4217
:107CD0000093322320000FF0FDFB264AFB681100C1
:107CE00018001FF06DFB224B1C78FB681800F8F79A
:107CF00015FA03009AB2F96801235B42009332231C
:107D000020000FF0E7FB1A4B1B781800FCF718FF58
:107D1000174B1B781800FDF73BF81723FB181B784F
:107D2000022B15D1144AFB68110018001FF048FB04
:107D30000F4B1C78FB681800F8F7F0F903009AB2B3
:107D4000F96801235B420093322320000FF0C2FB4D
:107D50000A4AFB68110018001FF032FB00231800CC
:107D6000BD4607B090BDC046A00000207CDF0208E1
:107D70003814002098DF0208ACDF0208F0DF0208A8
:107D8000F0B59FB006AFF860B9607A605C23FB186D
:107D900000221A700023FB640023BB6400237B6471
:107DA00000233B640023FB630023BB6300237B634E
:107DB0005F23FB1800221A705E243B1900221A7000
:107DC0005D23FB1800221A705B23FB1800221A7037
:107DD0005A23FB1800221A7000237B6500233B65A1
:107DE0002823FB1800221A60043306220021180001
:107DF0001FF065FB1C23FB1800221A6004330622C7
:107E0000002118001FF05BFB1023FB1800221A60F2
:107E100004330622002118001FF051FB4C23FA18EE
:107E20007B68012118000FF015FF0200804B1A60DB
:107E30007F4B1B681B785BB2502B08D17C4B1B68B7
:107E4000013318001DF0F9FE02003B191A70482397
:107E5000FA187B68022118000FF0FCFE0200754B37
:107E60001A60744B1968BB6C1A0028243B1918005F
:107E70001FF059FB3B191800FDF7F6F903001A0033
:107E80005B23FB181A704423FA187B68032118003F
:107E90000FF0E0FE0200684B1A60674B1B681B780E
:107EA0005BB2702B09D1644B1B68013318001DF0C5
:107EB000C4FE02005D23FB181A704023FA187B6889
:107EC000042118000FF0C6FE02005C4B1A605B4BE9
:107ED00019683B6C1A001C243B1918001FF023FB87
:107EE0003B191800FDF7C0F903001A005A23FB18CC
:107EF0001A703C23FA187B68052118000FF0AAFEBF
:107F000002004F4B1A604E4B1B68FA6B4D4918002C
:107F10001FF0F8FA031E04D15F23FB1800221A7029
:107F20001AE0474B1B68FA6B474918001FF0EAFA42
:107F3000031E04D15F23FB1801221A700CE0404B92
:107F40001B68FA6B414918001FF0DCFA031E03D1CD
:107F50005F23FB1802221A70394B1968FB6B1A0059
:107F60001026BB1918001FF0DEFA3823FA187B68B8
:107F7000062118000FF06EFE0200354B1A60344BDC
:107F80001B6818001DF059FE03007B653423FA18A6
:107F90007B68072118000FF05DFE02002D4B1A6070
:107FA0002C4B1B6818001DF048FE03003B655C234A
:107FB000FC185A22BB181D785D22BB181A785B2169
:107FC0007B1819785E203B181878002303933B6DCB
:107FD00002937B6D01935F23FB181B7800932B00AA
:107FE00003F06CFD030023705C23FB181B78002B4F
:107FF00018D1194B19685E203B181D785D22BB18FB
:108000001B78BC19F8683A6D04927A6D03921C22B1
:10801000BA18029201932823FB1800932B00220028
:108020001FF0CEF900231800BD4619B0F0BDC046C0
:108030000C1700201017002014170020181700201C
:108040001C170020F4DF0208FCDF020808E0020829
:10805000201700202417002040010020F0B58BB02D
:1080600002AFF860B9607A601D23FB1800221A7015
:108070000023BB6100237B611F23FB1800221A70C1
:108080001E243B1900221A701823FA187B6801215C
:1080900018000FF0DFFD02003D4B1A603C4B1B68DF
:1080A000BA693C4918001FF02DFA031E03D13B1991
:1080B00001221A7028E0364B1B68BA69364918004D
:1080C0001FF020FA031E04D11E23FB1802221A708F
:1080D0001AE02F4B1B68BA69304918001FF012FADA
:1080E000031E04D11E23FB1803221A700CE0284B38
:1080F0001B68BA692A4918001FF004FA031E03D14D
:108100001E23FB1804221A701423FA187B6802211C
:1081100018000FF09FFD0200224B1A60214B1B68D4
:108120001B785BB2702B09D11E4B1B680133180002
:108130001DF083FD02001F23FB181A701D26BC19B9
:108140001F257B191A781E23FB181B7811001800B5
:108150000CF0C0FD03002370BB191B78002B12D15B
:108160000B4B1B68BA699B1800221A700E4B1968DA
:10817000074B1A687B191C787B191B78F8680093E9
:1081800023001FF01DF900231800BD4609B0F0BD03
:108190002817002018E0020828E0020838E002084A
:1081A00044E002082C17002044010020F0B587B0FD
:1081B00000AFF860B9607A601623FB1800221A70CD
:1081C00000233B6117243B1900221A701023FA1870
:1081D0007B68012118000FF03DFD0200164B1A606C
:1081E000154B1B681B785BB2702B08D1124B1B68B8
:1081F000013318001DF021FD02003B191A701626EC
:10820000BC1917257B191B7818000CF097FE03008A
:108210002370BB191B78002B08D1084B19687B19F8
:108220001A787B191B78F8681FF0CAF80023180029
:10823000BD4607B0F0BDC046301700204801002001
:10824000F0B5CE46474680B595B006AFF860B96048
:108250007A603723FB1800221A7000237B62002308
:108260003B620023FB610023BB6100237B61302361
:10827000FB1800221A800023FB623623FB18002221
:108280001A702423FA187B68012118000FF0E2FC11
:108290000200E24B1A60E14B1B68E149042218001E
:1082A0001FF030F9031E00D04DE22023FA187B683E
:1082B000022118000FF0CEFC0200DA4B1A60D74BF7
:1082C0001B68181D7B6A043B1A00D74B19001FF06E
:1082D00019F9031E00D07DE0D24B1B683A6AD349DE
:1082E00018001FF00FF9031E14D1D14B60221A7031
:1082F000CF4B5B781B021AB2CD4B1B781BB21343DA
:108300001BB29AB28A235B00110018000BF0E8FA46
:1083100000F03AFDC34B1B683A6AC64918001FF0CB
:10832000F1F8031E14D1C24B20221A70C04B5B78A7
:108330001B021AB2BE4B1B781BB213431BB29AB27C
:108340008A235B00110018000BF0CAFA00F01CFD34
:10835000B44B1B683A6AB84918001FF0D3F8031EE3
:1083600014D1B34B40221A70B14B5B781B021AB286
:10837000AF4B1B781BB213431BB29AB28A235B002C
:10838000110018000BF0ACFA00F0FEFCA54B1B68C6
:108390003A6AAA4918001FF0B5F8031E14D1A44B7D
:1083A00000221A70A24B5B781B021AB2A04B1B78FA
:1083B0001BB213431BB29AB28A235B001100180050
:1083C0000BF08EFA00F0E0FC3723FB1868221A70DD
:1083D00000F0DAFC914B1B68181D7B6A043B1A0005
:1083E000974B19001FF08EF8031E00D07DE08D4BD7
:1083F0001B683A6A8D4918001FF084F8031E14D1D7
:108400008B4B03225A708A4B5B781B021AB2884B43
:108410001B781BB213431BB29AB28A235B00110074
:1084200018000BF05DFA00F0AFFC7E4B1B683A6A57
:10843000804918001FF066F8031E14D17C4B0122FE
:108440005A707B4B5B781B021AB2794B1B781BB2BC
:1084500013431BB29AB28A235B00110018000BF081
:108460003FFA00F091FC6F4B1B683A6A6E491800A6
:108470001FF048F8031E14D16D4B02225A706C4B4A
:108480005B781B021AB26A4B1B781BB213431BB2F8
:108490009AB28A235B00110018000BF021FA00F059
:1084A00073FC604B1B683A6A644918001FF02AF895
:1084B000031E14D15E4B00225A705D4B5B781B0289
:1084C0001AB25B4B1B781BB213431BB29AB28A23BE
:1084D0005B00110018000BF003FA00F055FC372385
:1084E000FB1868221A7000F04FFC4C4B1B68181DDB
:1084F0007B6A043B1A00534B19001FF003F8031E5C
:108500002DD1484B1B6818001DF091FB0300FB6246
:10851000FA6AE1231B039A421BD84B4BFA6A9A6012
:10852000494B9B689AB28C235B00110018000BF03A
:10853000D7F9454B9B681B0C9AB21A23FF331100E5
:1085400018000BF0CDF93623FB1801221A7000F049
:108550001BFC3723FB1868221A7000F015FC2F4B08
:108560001B68181D7B6A043B1A00384B19001EF06B
:10857000C9FF031E22D12B4B1B6818001DF057FBAF
:10858000020030217B181A800A00BB181B88002BC0
:108590000ED02D4B1100BA1812881A807B181A8839
:1085A0001623FF33110018000BF09AF900F0ECFBD2
:1085B0003723FB1868221A7000F0E6FB174B1B6884
:1085C000181D7B6A043B1A00214B19001EF09AFF0C
:1085D000031E3FD1134B1B6818001DF028FB02003F
:1085E00030217B181A800A00BB181B88002B0ED084
:1085F000154B1100BA1812885A807B181A888B23E1
:108600005B00110018000BF06BF900F0BDFB372385
:10861000FB1868221A7000F0B7FBC0463417002020
:1086200050E002083817002058E0020864E0020811
:108630004811002068E0020870E0020874E00208B7
:108640007CE0020884E002085011002090E002085B
:108650009CE00208D94B1B68181D7B6A043B1A007A
:10866000D74B19001EF04EFF031E2ED1D54B1B68B1
:1086700018001DF0DCFA020030217B181A800A0075
:10868000BB181B88002B1AD0BB181B88FF2B16D8D1
:10869000BB181B88DAB2CC4B1A71CB4B5B791B022F
:1086A0001AB2C94B1B791BB213431BB29AB21823DF
:1086B000FF33110018000BF013F900F065FB3723AE
:1086C000FB1868221A7000F05FFBBC4B1B68181D7A
:1086D0007B6A043B1A00BD4B19001EF013FF031EFA
:1086E0002CD1B84B1B6818001DF0A1FA02003021F4
:1086F0007B181A800A00BB181B88002B19D0BB18E6
:108700001B88FF2B15D8BB181B88DAB2AE4B5A71E9
:10871000AD4B5B791B021AB2AB4B1B791BB21343F7
:108720001BB29AB21823FF33110018000BF0D8F8CF
:108730002AE33723FB1868221A7025E33723FB1836
:1087400067221A7020E39D4B1B68A1490422180080
:108750001EF0D8FE031E00D0A6E02023FA187B6886
:10876000022118000FF076FA0200964B1A601C23C3
:10877000FA187B68032118000FF06CFA0200954B81
:108780001A601823FA187B68042118000FF062FAA7
:108790000200914B1A601423FA187B680521180017
:1087A0000FF058FA02008D4B1A60864B1B681800B8
:1087B0001DF03DFA02003523FB181A70854B1B682B
:1087C00018001DF034FA02003423FB181A70824B93
:1087D0001B6818001DF02BFA02002B23FB181A70DF
:1087E0007E4B1B68002B1FD07C4B1B687C490222F0
:1087F00018001EF087FE031E04D13323FB1801224C
:108800001A7011E0754B1B687649022218001EF0A1
:1088100079FE031E04D13323FB1802221A7003E0F1
:108820003723FB1868221A703723FB181B78002B9C
:1088300000D0A9E23523FB181B78172B09D8342365
:10884000FB181B783B2B04D82B23FB181B783B2BE6
:1088500004D93723FB1868221A7095E20EF000F84D
:10886000594B987D584B597D574B1A8B564B1D7D54
:10887000554B1B7B5BB237243C1904933323FB1805
:108880001B7803933523FB181B7802933423FB18C2
:108890001B7801932B23FB181B7800932B000DF002
:1088A0004BFF030023706FE2444B1B684E490422C8
:1088B00018001EF027FE031E00D061E22023FA18E4
:1088C0007B68022118000FF0C5F902003D4B1A60C9
:1088D0001C23FA187B68032118000FF0BBF9020073
:1088E0003C4B1A601823FA187B68042118000FF01B
:1088F000B1F90200384B1A601423FA187B6805217D
:1089000018000FF0A7F90200344B1A60324B1B68B5
:1089100018001DF08CF902002B23FB181A702F4B46
:108920001B6818001DF083F902003023FB181A8021
:10893000244B1B682D49062218001EF0E3FD031E80
:1089400004D13523FB1801221A7079E01D4B1B68F6
:108950002749072218001EF0D5FD031E04D1352338
:10896000FB1802221A706BE0164B1B682149092282
:1089700018001EF0C7FD031E04D13523FB18032287
:108980001A705DE00F4B1B681B49082218001EF08F
:10899000B9FD031E04D13523FB1804221A704FE0E1
:1089A000084B1B681549062218001EF0ABFD031E7C
:1089B00026D13523FB1805221A7041E03417002018
:1089C000ACE002083817002050110020C0E0020877
:1089D000ACD802083C1700204017002044170020A4
:1089E000D4E00208D8E0020800D90208DCE002085E
:1089F000E4E00208ECE00208F8E0020804E1020802
:108A0000C14B1B68C149082218001EF07BFD031EE4
:108A100004D13523FB1806221A7011E0BA4B1B68EB
:108A2000BB49062218001EF06DFD031E04D135233C
:108A3000FB1807221A7003E03723FB1868221A700C
:108A4000B44B1B68B449072218001EF05BFD031EDF
:108A500008D0B04B1B68B149022218001EF052FD2D
:108A6000031E04D13423FB1801221A7000E1A94B24
:108A70001B68AB49082218001EF044FD031E08D0F5
:108A8000A44B1B68A749022218001EF03BFD031EE1
:108A900004D13423FB1802221A70E9E09D4B1B68B5
:108AA000A149052218001EF02DFD031E08D0994B88
:108AB0001B689E49022218001EF024FD031E04D1EB
:108AC0003423FB1803221A70D2E0924B1B6898499A
:108AD000052218001EF016FD031E08D08D4B1B68E2
:108AE0009449022218001EF00DFD031E04D1342308
:108AF000FB1804221A70BBE0864B1B688E490322C8
:108B000018001EF0FFFC031E08D0824B1B688B4927
:108B1000022218001EF0F6FC031E04D13423FB18B9
:108B200005221A70A4E07B4B1B68854904221800BB
:108B30001EF0E8FC031E08D0764B1B688149022218
:108B400018001EF0DFFC031E04D13423FB1806229C
:108B50001A708DE06F4B1B687B49042218001EF0D1
:108B6000D1FC031E08D06B4B1B6878490222180009
:108B70001EF0C8FC031E04D13423FB1807221A7010
:108B800076E0644B1B687249052218001EF0BAFC9F
:108B9000031E08D05F4B1B686E49022218001EF0AE
:108BA000B1FC031E04D13423FB1808221A705FE0C5
:108BB000584B1B686849092218001EF0A3FC031ECD
:108BC00008D0544B1B686549022218001EF09AFC1D
:108BD000031E04D13423FB1809221A7048E04D4BC0
:108BE0001B685F49072218001EF08CFC031E08D08A
:108BF000484B1B685B49022218001EF083FC031ED1
:108C000004D13423FB180A221A7031E0414B1B684F
:108C10005549082218001EF075FC031E08D03D4B74
:108C20001B685249022218001EF06CFC031E04D17E
:108C30003423FB180B221A701AE0364B1B684C4980
:108C4000082218001EF05EFC031E08D0314B1B6882
:108C50004849022218001EF055FC031E04D134239B
:108C6000FB180C221A7003E03723FB1868221A70D5
:108C70003723FB181B78002B00D085E02B22BB1874
:108C80001B78002B0FD0BB181B781F2B0BD8302163
:108C90007B181A88FA23DB009A4204D37B181B88BE
:108CA000354A934204D93723FB1868221A706BE0C7
:108CB0000DF0D6FD314B1B7C304A527C2F49897C0C
:108CC0002E48C07C2D4C247B65B237243C193526B8
:108CD000BE193678B1463026BE193688B0462B26E6
:108CE000BE193678B4463426BE19367804950390FA
:108CF0000291019200934B464246614630000DF0CE
:108D00001BFD030023703FE0381700200CE1020830
:108D100018E102083C17002020E1020828E10208BF
:108D20002CE1020838E102083CE1020844E10208B3
:108D300048E1020850E1020854E1020858E1020843
:108D40005CE1020864E1020868E1020870E10208DF
:108D500074E102087CE1020880E102088CE102086B
:108D600090E1020898E102089CE10208A8E10208EB
:108D7000ACE10208B8E102083408000050110020FC
:108D80003723FB1867221A703723FB181B78002B38
:108D900022D1224B1B687A6A9B1800221A70204B42
:108DA00019681E4B1A681F4B1B68F8681EF008FBF9
:108DB0003623FB181B78012B27D11B4B1A68FB6845
:108DC000110018001EF083FB184B1A68FB68110095
:108DD00018001EF07CFB18E03723FB181B78672B6C
:108DE00007D1134B1A68FB68110018001EF08BFCAA
:108DF0000BE03723FB181B78682B06D10D4B1A6844
:108E0000FB68110018001EF07EFC00231800BD4610
:108E10000FB0C0BCB946B046F0BDC0463417002004
:108E20004C01002038170020500100205401002080
:108E3000580100205C01002080B588B000AFF860C8
:108E4000B9607A601F23FB1800221A700023BB61EF
:108E500000237B611E23FB1800221A701D23FB18C0
:108E600000221A701C23FB1800221A701823FA180B
:108E70007B68012118000EF0EDFE0200C14B1A6064
:108E8000C04B1B68C049042218001EF03BFB031EA8
:108E900000D0D6E0BB4B1B68181DBB69043B1A0011
:108EA000BA4B19001EF02EFB031E28D1B84B1B78BD
:108EB000602B07D1B74B1968B74AFB6818001EF042
:108EC0007FFA40E1B24B1B78202B07D1B14B1968D8
:108ED000B24AFB6818001EF073FA34E1AC4B1B7801
:108EE000002B07D1AB4B1968AD4AFB6818001EF088
:108EF00067FA28E11F23FB1868221A7023E1A14BAF
:108F00001B68181DBB69043B1A00A64B19001EF014
:108F1000F9FA031E28D19E4B5B78032B07D19D4B9A
:108F200019689D4AFB6818001EF04AFA0BE1984B3D
:108F30005B78012B07D1974B1968984AFB6818009A
:108F40001EF03EFAFFE0924B5B78002B07D1914B6D
:108F50001968934AFB6818001EF032FAF3E01F23E9
:108F6000FB1868221A70EEE0864B1B68181DBB695F
:108F7000043B1A008C4B19001EF0C4FA031E07D1E3
:108F80008A4B9A688A49FB6818001EF019FADAE0E1
:108F90007C4B1B68181DBB69043B1A00854B1900EC
:108FA0001EF0B0FA031E08D1804B1B881A008049BE
:108FB000FB6818001EF004FAC5E0724B1B68181D10
:108FC000BB69043B1A007C4B19001EF09BFA031E80
:108FD00008D1764B5B881A007549FB6818001EF0B3
:108FE000EFF9B0E0674B1B68181DBB69043B1A0022
:108FF000724B19001EF086FA031E08D16B4B1B79C9
:109000001A006B49FB6818001EF0DAF99BE05D4B13
:109010001B68181DBB69043B1A00694B19001EF040
:1090200071FA031E08D1614B5B791A006049FB6835
:1090300018001EF0C5F986E01F23FB1867221A707E
:1090400081E0504B1B685F49052218001EF05AFA58
:10905000031E00D073E01423FA187B680221180065
:109060000EF0F8FD0200584B1A601E23FB18002278
:109070001A701D23FB1800221A701AE0524B186850
:109080001D23FB181A7813009B009B185B004F4AA6
:109090009B181900F7F738F8031E04D11E23FB189C
:1090A00001221A700AE01D217B181A787B18013200
:1090B0001A701D23FB181B78092BDFD91E23FB1800
:1090C0001B78002B09D1424B19683F4B1A68FB688B
:1090D00018001EF075F9002350E03E4B19683A4B1A
:1090E0001A68FB6818001EF06BF91C23FB1801229C
:1090F0001A701CE01C217B181B785A1E364B52003C
:10910000D35A1A001D23FB181B781A4113000122A1
:10911000134006D07B181B78FA683049F8681EF0B7
:109120004FF91C217B181A787B1801321A702C4BCE
:109130001B781C22BA1812789A42DBD903E01F234D
:10914000FB1867221A701F23FB181B78672B07D1A7
:10915000244B1A68FB68110018001EF0D4FA0CE0CA
:109160001F23FB181B78682B07D11F4B1968054B71
:109170001A68FB6818001EF023F900231800BD468A
:1091800008B080BD4817002050E0020858E00208EF
:10919000481100206001002064E00208BCE10208E0
:1091A00074E002087CE0020884E00208501100200C
:1091B000C0E1020890E002089CE00208ACE002086E
:1091C000C0E00208F8D302084C170020E01100208C
:1091D000640100206801002070120020C8E102082C
:1091E000A00000206C0100207001002090B587B025
:1091F00000AFF860B9607A601723FB1800221A707C
:1092000000233B611023FA187B68012118000EF03F
:1092100021FD0200294B1A60284B1B683A69284936
:1092200018001EF06FF9031E11D1264B264A13CAEF
:1092300013C313CA13C312681A60FAF73FFE234B15
:109240001A68FB68110018001EF05DFA24E01B4B41
:109250001B683A691E4918001EF054F9031E17D105
:1092600000221621FF2002F07FF81A4B02221A700A
:1092700064200EF06FFBFAF79DFE64200EF06AFB8F
:10928000154B1A68FB68110018001EF03CFA03E049
:109290001723FB1868221A701723FB181B78682BFA
:1092A00006D10E4B1A68FB68110018001EF02BFA4D
:1092B00000231800BD4607B090BDC04650170020DF
:1092C000D0E10208501100201C0000207401002091
:1092D000D8E102086C110020780100207C010020F8
:1092E000F0B589B004AFF860B9607A600DF0B8FAF3
:1092F0002C4B5B7B182B14D12B4B1968294B9B7C77
:109300001C00284B5B7C1D00264B1B7C1A00254B48
:10931000DB89F868019300922B0022001EF050F8C0
:109320003AE0204B5B7B0C2B36D11E4BDB7C012BB8
:1093300017D11E4B19681B4B9B7C1D00194B5B7C86
:109340001E00184B1B7C1A00164BDB891C00F868AA
:10935000174B02930194009233002A001EF030F85C
:109360001AE0104BDB7C022B16D1104B19680D4B09
:109370009B7C1D000B4B5B7C1E000A4B1B7C1A0068
:10938000084BDB891C00F8680A4B02930194009299
:1093900033002A001EF014F800231800BD4605B063
:1093A000F0BDC04650110020800100208401002043
:1093B000E0E10208E4E1020890B585B000AFF86092
:1093C000B9607A600DF04CFA074B1C68FCF7A6FBFD
:1093D0000200FB68210018001DF0F2FF00231800B6
:1093E000BD4605B090BDC0468801002090B58BB049
:1093F00000AFF860B9607A602723FB1800221A706A
:1094000000237B6100233B611423FA187B68012150
:1094100018000EF01FFC03003B623B6A1B785BB236
:10942000702B09D13B6A013318001CF006FC0200C6
:109430002623FB181A7003E02723FB1868221A70F2
:109440001023FA187B68022118000EF003FC0300B9
:10945000FB61FB6918001CF0F0FB0300BB612723D4
:10946000FB181B78682B07D10E4B1A68FB6811009C
:1094700018001EF048F90FE0BA6926243B191B7842
:10948000110018000EF0B8F8074B19683B191B784B
:10949000BA69F8681DF094FF00231800BD460BB0B0
:1094A00090BDC0468C0100209001002080B586B0A0
:1094B00000AFF860B9607A60154B1A681549FB680F
:1094C00018001DF07DFF1723FB1800221A7005E01D
:1094D00017217B181A787B1801321A701723FB1892
:1094E0001B78022BF4D9FB681800F6F717FE03006F
:1094F0001A00FB689A18084B1000190003231A0081
:109500001EF009F900231800BD4606B080BDC04614
:1095100094010020E8E10208ECE1020890B587B070
:1095200000AFF860B9607A6016243B1900221A80F7
:1095300011F026FD02003B191A803B191B88254AB1
:1095400094466344082B2CD89A00234BD3181B68ED
:109550009F46224B1968224AFB6818001DF030FF15
:1095600027E01E4B19681F4AFB6818001DF028FFF2
:109570001FE01A4B19681C4AFB6818001DF020FFF9
:1095800017E0164B1968194AFB6818001DF018FF00
:109590000FE0124B1968164AFB6818001DF010FF07
:1095A00007E00E4B1968134AFB6818001DF008FF0E
:1095B000C046114B1C6811F0D7FC03001B0BFA6866
:1095C000F86821001DF0FCFE00231800BD4607B01E
:1095D00090BDC046C0FBFFFF34E2020898010020A6
:1095E000F0E10208FCE1020808E2020814E20208C5
:1095F00020E202082CE202089C01002080B584B021
:1096000000AFF860B9607A60074B1968074B1B68B8
:109610001B041A0CFB6818001DF0D2FE0023180072
:10962000BD4604B080BDC046A0010020CCF7FF1F9E
:10963000F0B58FB004AFF860B9607A601823FB18FA
:10964000D54A13CA13C312881A80D44B1C78D44B42
:109650001D68D34B1B681800F6F760FD03009AB233
:1096600001235B4200933223290020000DF032FFDA
:109670002723FB1801221A702623FB1800221A70D8
:1096800076E126203B181A78C64913009B009B18E8
:109690009B005B5C002B1AD0C34B1C682723FB1874
:1096A0001D783B181A78BF4913009B009B189B003C
:1096B000CB1810331B7819001823FA180B00DB00A5
:1096C0005B1AD318F8682A0021001DF079FE2623C2
:1096D000FB181A78B34913009B009B189B005B5C36
:1096E000012B03D0032B00D1B5E0FBE02623FB18B0
:1096F0001A78AC4913009B009B189B00CB180333CE
:109700001B780E2B00DDA4E00C2B00DB75E00B2B8F
:1097100000DD9EE0092B44DA052B02D0062B20D079
:1097200097E0A24B1C6826203B181A789D4913002D
:109730009B009B189B00CB1802331B781D003B1825
:109740001A78984913009B009B189B00CB180C3388
:109750001B68FA68F86800932B0021001DF030FEAA
:1097600078E0934B1C6826203B181A788D4913002B
:109770009B009B189B00CB1802331B781D003B18E5
:109780001A78884913009B009B189B00CB180C3358
:109790001B68FA68F86800932B0021001DF010FE8A
:1097A00058E0844B1C6826203B181A787D4913002A
:1097B0009B009B189B00CB1802331B781E003B18A4
:1097C0001A78784913009B009B189B00CB18043330
:1097D0001B781D003B181A78724913009B009B18D8
:1097E0009B00CB180C331B68FA68F868019300954E
:1097F000330021001DF0E4FD2CE06F4B1C68262097
:109800003B181A78674913009B009B189B00CB18E4
:1098100002331B781E003B181A78624913009B0024
:109820009B189B00CB1804331B781D003B181A783B
:109830005C4913009B009B189B00CB180C331B68E2
:10984000FA68F86801930095330021001DF0B8FD17
:1098500000E0C04646E026243B191A7813009B001E
:109860009B189B004F4A9B18991D1423FB18042238
:1098700018001DF050FF514B1D6820003B181A784E
:10988000484913009B009B189B00CB1803331B789F
:109890005A1E4B4913005B009B189B00CB180833E2
:1098A0001E683B181A783F4913009B009B189B00C9
:1098B000CB1801331B785A1E13005B009B18414ADA
:1098C0009C187B69181CF9F72DFA02000B00F96847
:1098D000F86802920393009433000A0029001DF0F7
:1098E0006FFDC04610E0384B1968384BFA68F868CD
:1098F0001DF066FD354B1800F6F710FC0200334BE7
:10990000002118001DF0DBFD26257B191A7825495A
:1099100013009B009B189B00CB180C331B682B4A31
:1099200011001800FDF790FB031EDCD1284B1A68CC
:10993000FB68110018001DF0CAFD184B1C78FB686D
:109940001800F6F7EBFB03009AB2F96801235B42BB
:109950000093322320000DF0BDFD2722BB18BA185A
:10996000127801321A707B191A787B1901321A7039
:10997000184B1B782622BA1812789A4200D280E639
:10998000154B1A68FB68110018001DF0BCFE00237F
:109990001800BD460BB0F0BD58E202083814002094
:1099A000A401002020150020A8010020AC01002007
:1099B000B0010020B4010020B8010020BC0100204B
:1099C000540200205CD00208C0010020541700207F
:1099D000C401002084150020C801002080B588B093
:1099E00000AFF860B9607A6000233B611F23FB1869
:1099F00000221A701023FA187B68012118000EF05B
:109A000029F90300BB61BB6918001CF010F90200C2
:109A100017217B181A700A00BB181B78002B05D081
:109A2000184B1B78BA1812789A4203D91F23FB18D7
:109A3000FF221A701F23FB181B78002B16D1172347
:109A4000FB181B785A1E104913009B009B189B00A3
:109A5000CB18103301221A7008F01AF90B4B1A6850
:109A6000FB68110018001DF04EFE06E0084B1A6856
:109A7000FB68110018001DF046FE00231800BD46CB
:109A800008B080BD8415002020150020CC010020E6
:109A9000D001002080B588B000AFF860B9607A606E
:109AA00000233B611F23FB1800221A701023FA18B1
:109AB0007B68012118000EF0CDF80300BB61BB6983
:109AC00018001CF0B4F8020017217B181A700A0065
:109AD000BB181B78002B05D0184B1B78BA181278CE
:109AE0009A4203D91F23FB18FF221A701F23FB1869
:109AF0001B78002B16D11723FB181B785A1E104910
:109B000013009B009B189B00CB18103300221A7087
:109B100008F0BEF80B4B1A68FB68110018001DF026
:109B2000F2FD06E0084B1A68FB68110018001DF0F2
:109B3000EAFD00231800BD4608B080BD8415002052
:109B400020150020D4010020D801002090B589B054
:109B500000AFF860B9607A6000233B611F23FB18F7
:109B600000221A701023FA187B68012118000EF0E9
:109B700071F80300BB61BB6918001CF058F80200C3
:109B800017217B181A700A00BB181B78002B05D010
:109B90005F4B1B78BA1812789A4203D91F23FB181F
:109BA000FF221A701F23FB181B78002B00D096E0B1
:109BB00017243B191B785A1E564913009B009B180B
:109BC0009B0000225A543B191B785A1E514913001E
:109BD0009B009B189B00CB18013300221A703B1985
:109BE0001B785A1E13009B009B189B00494A9B1828
:109BF00002330422002118001DF061FC3B191B7880
:109C00005A1E444913009B009B189B00CB1810332D
:109C100000221A703B191B785A1E3E4913009B0004
:109C20009B189B00CB180C331B6818001CF016F80F
:109C300020003B181B785A1E364913009B009B18C6
:109C40009B00CB180C3300221A601E23FB183A1815
:109C500012781A7034E01E203B181A782D49130030
:109C60009B009B189B005B5C002B23D001007B18A2
:109C70001B785A1E13009B009B189B00254A9818BE
:109C80000C007B181A7813009B009B189B00214A3C
:109C90009B18142219001DF03EFD3B191A78130081
:109CA0009B009B189B001B4A9B1814220021180044
:109CB0001DF005FC1E217B181A787B1801321A70E2
:109CC000134B1B781E22BA1812789A42C3D3104B3A
:109CD0001B78013BDAB20E4B1A7007F0D9FF1F2335
:109CE000FB181B78002B07D10B4B1A68FB6811007F
:109CF00018001DF008FD06E0084B1A68FB6811000B
:109D000018001DF000FD00231800BD4609B090BDED
:109D10008415002020150020DC010020E001002037
:109D200090B58BB000AFF860B9607A600023BB617A
:109D300000237B612723FB1800221A701823FA18CE
:109D40007B68012118000DF085FF03003B623B6A30
:109D50001B785BB2702B09D13B6A013318001BF0F2
:109D60006CFF02002623FB181A7003E02723FB1860
:109D700067221A701423FA187B68022118000DF06C
:109D800069FF0300FB61FB691B785BB2702B09D193
:109D9000FB69013318001BF050FF02002523FB185C
:109DA0001A7003E02723FB1867221A702722BB18BA
:109DB0001B78002B0DD1BC182523FB181A782623FD
:109DC000FB181B7811001800FBF7D6FE0300237068
:109DD00003E02723FB1867221A702723FB181B7840
:109DE000002B0BD1124B19682623FB181A78252358
:109DF000FB181B78F8681DF0E3FA13E02723FB1823
:109E00001B78672B07D10B4B1A68FB6811001800F1
:109E10001DF079FC06E0084B1A68FB681100180079
:109E20001DF071FC00231800BD460BB090BDC0466C
:109E3000E4010020E8010020EC01002090B58BB087
:109E400000AFF860B9607A600023BB6100237B61DA
:109E50002723FB1800221A701823FA187B680121A7
:109E600018000DF0F7FE03003B623B6A1B785BB203
:109E7000702B09D13B6A013318001BF0DEFE020093
:109E80002623FB181A7003E02723FB1867221A7099
:109E90001423FA187B68022118000DF0DBFE030082
:109EA000FB61FB691B785BB2702B09D1FB69013345
:109EB00018001BF0C2FE02002523FB181A7003E0F5
:109EC0002723FB1867221A702722BB181B78002B48
:109ED0000DD1BC182523FB181A782623FB181B78F4
:109EE00011001800FBF76EFE0300237003E0272328
:109EF000FB1867221A702723FB181B78002B0BD145
:109F0000124B19682623FB181A782523FB181B7897
:109F1000F8681DF055FA13E02723FB181B78672B10
:109F200007D10B4B1A68FB68110018001DF0EBFB02
:109F300006E0084B1A68FB68110018001DF0E3FBEF
:109F400000231800BD460BB090BDC046F0010020B4
:109F5000F4010020F8010020B0B58EB002AFF86027
:109F6000B9607A600023FB612F23FB1800221A706E
:109F70001823FB18A84A12781A700023BB621C230E
:109F8000FA187B68012118000DF064FE03007B6263
:109F9000A24A7B6A11001800F6F7B6F8031E00D03B
:109FA000B3E0BB6A002B05D19D4B1B78013B9D4A5A
:109FB000D35CBB622E23FB1801221A709EE0984BE3
:109FC0001B782E243A1912789A4200D190E01CF0A6
:109FD00073F80300DAB218257B191A7079193B1946
:109FE0001878642300930A2301220DF073FA3B19B9
:109FF0001B7818000DF020FB03001B685B6ADAB2C7
:10A0000014217B181A707B191A787B181B789A42D6
:10A0100004D12F23FB1800221A7003E02F23FB1812
:10A0200006221A702F23FB181B78002B18D17E4BA9
:10A0300019682E23FB181A78FB6818001DF0C0F968
:10A04000774B1C78FB681800F6F768F803009AB2A3
:10A05000F968642300930A2320000DF03BFA1CE00A
:10A060002F23FB181B78062B17D1704B19682E2352
:10A07000FB181A78FB6818001DF0A2F9684B1C78D1
:10A08000FB681800F6F74AF803009AB2F9686423EF
:10A0900000930A2320000DF01DFA654B1A68FB6837
:10A0A000110018001DF02FFB5D4B1C78FB68180099
:10A0B000F6F734F803009AB2F968642300930A2390
:10A0C00020000DF007FA02E0012010F029FF544BA8
:10A0D0001B785A1EBB6A591C564813005B009B181C
:10A0E0009B01C3185B5C002BEED0BB6A0133BB62E3
:10A0F0002E217B181A787B1801321A702E23FB1838
:10A100001B78062B00D85AE780E07B6A1B785BB28D
:10A11000702B00D073E07B6A013318001BF08DFDBB
:10A12000020023243B191A703B191B78002B37D0EF
:10A130003B191B78062B33D82F23FB181B78002BD9
:10A140001CD11BF0B9FF0300DAB218217B181A707A
:10A1500079183B19187864230093322301220DF0FB
:10A16000B9F92E23FB181B7818000DF065FA0300CF
:10A170001B685B6ADAB21423FB181A701823FB18E9
:10A180001A781423FB181B789A4204D12F23FB184A
:10A1900000221A7008E02F23FB1806221A7003E031
:10A1A0002F23FB1866221A702F23FB181B78002B15
:10A1B00009D11D4B19682323FB181A78FB68180076
:10A1C0001DF0FEF822E02F23FB181B78662B07D129
:10A1D000194B1A68FB68110018001DF094FA15E07D
:10A1E0002F23FB181B78062B10D1104B1968232343
:10A1F000FB181A78FB6818001DF0E2F806E00F4B18
:10A200001A68FB68110018001DF07DFA0023180081
:10A21000BD460CB0B0BDC04668E2020864E002086A
:10A2200038140020981C0020FC01002000020020AF
:10A2300004020020E0170020080200200C02002089
:10A24000B0B58CB000AFF860B9607A600023BB6134
:10A2500000237B612B23FB1800221A7000233B6133
:10A260001823FA187B68012118000DF0F3FC030095
:10A270007B621423FA187B68022118000DF0EAFCB7
:10A2800003003B627B6A1B785BB2322B04D07B6A93
:10A290001B785BB2332B57D17B6A18001BF0CDFCC7
:10A2A00002001F23FB181A702D4A3B6A1100180088
:10A2B000F5F72AFF031E07D02A4A3B6A110018004F
:10A2C000F5F722FF031E37D1254A3B6A110018001B
:10A2D000F5F71AFF031E02D1214BFB6209E0204A69
:10A2E0003B6A11001800F5F70FFF031E01D11D4B4B
:10A2F000FB62FA6A1F243B191B78110018000BF04F
:10A3000085FB10257A19F96A3B191B7818000BF0A8
:10A31000D3FB7A19FB68110018001DF0F4F93B69B2
:10A32000181CF6F75DF903009BB21A000E49FB6892
:10A3300018001DF045F80EE00C4B1A68FB68110080
:10A3400018001DF0E0F906E0094B1A68FB681100DF
:10A3500018001DF0D8F900231800BD460CB0B0BDA0
:10A360006CE2020870E2020878E2020810020020A3
:10A370001402002090B587B000AFF860B9607A6031
:10A3800000237B6100233B611023FA1814243B193E
:10A39000110018000BF016FC3A19FB6811001800A8
:10A3A0001DF0B1F97B69181CF8F7BCFC02000B002A
:10A3B0000449F8681DF004F800231800BD4607B0F2
:10A3C00090BDC04688E2020890B587B000AFF86043
:10A3D000B9607A6000237B6100233B611023FA1887
:10A3E00014243B19110018000BF0ECFB3A19FB6820
:10A3F000110018001DF087F93B69181CF8F792FC52
:10A4000002000B000449F8681CF0DAFF0023180072
:10A41000BD4607B090BDC046ACE2020880B58AB028
:10A4200000AFF860B9607A600023BB612723FB1896
:10A4300000221A7000237B611823FA187B6801211F
:10A4400018000DF007FC03003B623B6A1B785BB20F
:10A45000322B04D03B6A1B785BB2332B1AD13B6A98
:10A4600018001BF0EAFB02001F217B181A7014234E
:10A47000FA187B181B78110018000BF09BFC7B6905
:10A48000181CF8F74FFC02000B000849F8681CF094
:10A4900097FF06E0064B1A68FB68110018001DF0D4
:10A4A00032F900231800BD460AB080BDD4E202088C
:10A4B00018020020B0B586B000AFF860B960BB1DCF
:10A4C0001A8017257C19FB68180007F0C7FF0300E6
:10A4D00023707B191B78204AD35C002B0BD07B198F
:10A4E0001B781D4AD35C012B05D07B191B781A4AB7
:10A4F000D35C032B22D117243B191B78180008F0DA
:10A50000C9FB20003B181B785A1E144B9200B968F7
:10A51000D1503B181B78104A0221D1543B181B78AC
:10A520005A1E0F4B92000021D150BB1D1A88B968EA
:10A53000FB68180008F01CFB002309E01723FB1838
:10A540001B78054AD35C022B01D1172300E01723A7
:10A550001800BD4606B0B0BD70110020A01C002040
:10A56000B81C002080B500AF0D4B1B6808221A6292
:10A570000C4B1B6808221A620B4B1B6808221A62DC
:10A580000A4B1B6808221A62094B1B6808221A62D0
:10A59000084B1B6808221A62C046BD4680BDC046F3
:10A5A000D421002068220020FC22002090230020DB
:10A5B00024240020B824002080B58EB002AFFA23F6
:10A5C0009A007A497A487B4B019303230093002336
:10A5D0000EF0FFFCFA239A0077497848784B0193F4
:10A5E0000323009300230EF0F4FCFA239A0075492C
:10A5F0007548764B01930323009300230EF0E9FC8A
:10A60000FCF7E0FEFA239A0071497248724B0193FD
:10A610000323009300230EF0DCFCFA239A006F4919
:10A620006F48704B01930423009301230EF0D1FC7B
:10A63000FA239A006C496A486C4B019304230093F7
:10A6400002230EF0C6FCFA239A0069496448694B5C
:10A6500001930423009303230EF0BBFCFA239A001A
:10A6600065495F48654B01930423009304230EF072
:10A67000B0FCFA239A0062495948624B01930423C3
:10A68000009305230EF0A5FCFA239A005E49544876
:10A690005E4B01930423009306230EF09AFC0023E3
:10A6A000FB622C23FB18012118000DF067F9020052
:10A6B000574B5A600023BB622823FB180121180066
:10A6C0000DF05CF90200534B5A6000237B62242397
:10A6D000FB18012118000DF051F902004C4B9A6053
:10A6E00000233B622023FB18012118000DF046F9DE
:10A6F0000200484B9A600023FB611C23FB180121D8
:10A7000018000DF03BF90200414BDA600023BB61F9
:10A710001823FB18012118000DF030F902003D4B01
:10A72000DA6000237B611423FB18012118000DF06F
:10A7300025F90200364B1A6100233B611023FB18F8
:10A74000012118000DF01AF90200324B1A610023A2
:10A75000FB600C23FB18012118000DF00FF902001B
:10A760002B4B5A610023BB600823FB180121180002
:10A770000DF004F90200274B5A6100237B603B1D5A
:10A78000012118000DF0FAF80200214B9A61002314
:10A790003B603B00012118000DF0F0F802001D4B5A
:10A7A0009A61C046BD460CB080BDC0460CEC0208A4
:10A7B00019A80008301E002018EC0208EDBD0008A2
:10A7C000381E002024EC0208412F0208341E00200D
:10A7D00030EC0208455E00083C1E002038EC020800
:10A7E00045C60008401E002044EC0208441E00201C
:10A7F00050EC0208481E00205CEC02084C1E0020B1
:10A8000068EC0208501E002074EC0208541E002060
:10A81000581E0020741E002080B582B000AF786002
:10A82000374B1B78032B2BD03DDC012B02D0022BA6
:10A8300013D038E0334B01220221180012F09DFDA5
:10A84000C8200DF087F82F4B00220221180012F0CB
:10A8500094FD2B4B00221A7026E02A4B0122022184
:10A86000180012F08AFD64200DF074F8254B0022C8
:10A870000221180012F081FD214B00221A7013E012
:10A88000204B01220221180012F077FD1E200DF04E
:10A8900061F81C4B00220221180012F06EFD184BCB
:10A8A00000221A7000E0C04609F044FDFCF70AFDE2
:10A8B00000F030F8144B1B78002B13D007F03EF952
:10A8C000114B00221A700F4B01220221180012F0C6
:10A8D00054FDC82010F024FB0A4B0022022118006E
:10A8E00012F04BFD094B1B7801225340DBB2002BC9
:10A8F00002D0074B00221A700DF01AFC90E7C046F8
:10A900006C110020000400502A1E0020FB2D0020A6
:10A91000FC2D0020B0B500AFD84B1B68032B00D036
:10A9200043E2D64B00221A60D54B00221A70D54B59
:10A9300020221A70D44B00221A70D44B03221A70B2
:10A9400064200CF0E7F8CF4B1A78D04B1B789A4272
:10A9500011D0CD4B1B785A1CD1B2CB4A11701A00C2
:10A96000C84B1978CA4B9954C64B1A78C74B1A7002
:10A97000C44B03221A70C54B1B78202B0BD0C34B42
:10A980001B78002B07D0BE4B1B78012B03D0BC4B90
:10A990001B78022BD1D1BA4B1B78002B00D0EBE0F7
:10A9A000B94B00221A70BA4B1B785B2B59D1B64BAE
:10A9B0001B780133DAB2B44B1A70B34B1B781A0010
:10A9C000B34B9B5C0A211800F5F74AFC0B00DAB286
:10A9D000B04B1B789A4214D1AB4B1B780133DAB2DF
:10A9E000A94B1A70A84B1B781A00A94B9B5C0A2133
:10A9F0001800F5F735FC0B00DAB2A74B1A70C04609
:10AA00000CE0A14B1B780233DAB29F4B1A70D4E7EB
:10AA10009D4B1B780133DAB29B4B1A709A4B1B7813
:10AA20001A009B4B9B5C5D2BF2D1974B1B7801333B
:10AA3000DAB2954B1A70994B01221A70974B1B781A
:10AA40001A00954BD018904B1B781A00904BD118D8
:10AA50008D4B1B781A0014239B1A1A001CF05BFE06
:10AA600060E08B4B1B78232B22D1894B5B780A212A
:10AA70001800F5F7F5FB0B00DAB2874B1A70824B22
:10AA800002221A70854B01221A70844B1B781A001F
:10AA9000814BD0187C4B1B781A007D4BD1187A4B18
:10AAA0001B781A0014239B1A1A001CF034FE39E09C
:10AAB000774B1B783D2B35D1754B5B780A211800FD
:10AAC000F5F7CEFB0B00DAB2724B1A70704B9B7825
:10AAD0000A211800F5F7C4FB0B00DAB2704B1A70AC
:10AAE0006B4BDB780A211800F5F7BAFB0B00DAB2E2
:10AAF000694B1A70644B04221A70684B01221A7059
:10AB0000664B1B781A00644BD0185F4B1B781A00F9
:10AB10005F4BD1185C4B1B781A0014239B1A1A0048
:10AB20001CF0F9FD5C4B1A785E4B1A705D4B1B787C
:10AB30001A0013001B019B1A5B4A9B180F2200216D
:10AB400018001CF0BCFC574B1B781A0013001B01AB
:10AB50009B1A554A9B1850490F2218001CF0DBFD28
:10AB60004B4B1422002118001CF0A9FC4A4B142264
:10AB7000002118001CF0A3FC414B1B78012B6ED167
:10AB80004A4B00221A704A4B01221A70494B00228C
:10AB90001A7032E0474B1B781900454B1B785A1C42
:10ABA000D0B2434A10701C00404B1B785A1CD0B2E4
:10ABB0003E4A107018003C4A0B001B015B1AD31868
:10ABC0001A5D3D4B1A54012010F0AAF9374B1B783F
:10ABD000013B394AD35C002B06D0344B1B78013B38
:10ABE000354AD35C202BD5D1324B1B780133DAB2F6
:10ABF000304B1A702E4B01221A702E4B1A78284BAC
:10AC00001B789A42C6D11E4B00221A70294B002293
:10AC10001A702A4B00221A7017E0284B1B781A0072
:10AC2000264B1B781800244B995C254AC0235B00F7
:10AC30001218D3180A1C1A70012010F071F91F4B5A
:10AC40001B780133DAB21D4B1A701C4B1B783F2B5B
:10AC5000E3D9194B4022002118001CF030FC084BAE
:10AC60001B78022B00D065E6104B00221A70104BA7
:10AC700001221A700F4B00221A7056E0F8090020CA
:10AC8000FD090020FC090020271E0020201E0020B6
:10AC9000801D0020221E0020941D0020281E002060
:10ACA000211E0020261E0020A81D0020231E00209B
:10ACB000241E0020251E0020401D0020291E0020EB
:10ACC000E01700203A4B1B7819003A4B1B785A1CAE
:10ACD000D0B2384A10701C00374B1B785A1CD0B2C7
:10ACE000354A10701800354A0B001B015B1AD31847
:10ACF0001A5D334B1A54012010F012F92E4B1B78B9
:10AD0000013B2F4AD35C002B06D02B4B1B78013B19
:10AD10002B4AD35C202BD5D1254B1B780133DAB2DB
:10AD2000234B1A70234B01221A70214B1A78254BA2
:10AD30001B789A42C6D11E4B00221A7024E0224B87
:10AD400000221A7017E0204B1B781A001E4B1B784C
:10AD500018001B4B995C1D4AC0235B001218D318C6
:10AD60000A1C1A70C8200BF0D5FE174B1B78013354
:10AD7000DAB2154B1A70144B1B783F2BE3D9144BE6
:10AD80001B68180010F0CCF8124B1B78002BD6D1A2
:10AD90000B4B4022002118001CF091FB0E4BC022EF
:10ADA000002118001CF08BFBC4E5C046BD46B0BDB9
:10ADB000251E0020241E0020231E0020A81D002088
:10ADC000401D0020211E0020291E0020E017002029
:10ADD000F8090020FD0900206019002080B500AFAF
:10ADE000064B1B6806491800F5F7B4F903001A0072
:10ADF000044B1A60C046BD4680BDC0468402002098
:10AE0000102700002C1E002080B588B000AF1E4B1C
:10AE10001B68FA2291001800F5F79CF90300013B2A
:10AE20007B611A4B3B611A4BFB608023DB04BB60E8
:10AE30003B691B687A69D31AFB610EF003FC0300BF
:10AE4000BB61FB681B68BA68134007D0BB6901335C
:10AE5000BB613B691B687A69D31AFB61BA6913004D
:10AE60009B009B185B007B600A4B1B681900F8690C
:10AE7000F5F770F903001A007B689B187B607B680C
:10AE80001800BD4608B080BD8402002018E000E034
:10AE900004ED00E02C1E0020B0B588B002AFB96010
:10AEA0007A6019000F23FB18021C1A700E203B1841
:10AEB0000A1C1A7000237B6101007B181A78282372
:10AEC000FB181B789A4207D17B181B781A008D4B10
:10AED00002219954672310E10E23FB181B78002BE5
:10AEE00004D02823FB181B78002B01D1672304E131
:10AEF0000F23FB181B78002B39D10E23FB181B786E
:10AF000018000CF099FB04002823FB181B7818008C
:10AF10000CF092FB0300012219002000FFF7CAFA8F
:10AF20000300172B01D11723E7E07A6813005B01B8
:10AF30009B1A9B009B18DB001A00FA239900100053
:10AF4000F5F708F9030019000E243A196E486F4B03
:10AF50000093130000220FF04DFC03007B613B19AE
:10AF60001B785A1E6A4B9200B968D150B6E00F2385
:10AF7000FB181B78012B39D12823FB181B781800EC
:10AF80000CF05AFB04000E23FB181B7818000CF081
:10AF900053FB0300012219002000FFF78BFA030086
:10AFA000172B01D11723A8E07A6813005B019B1AC5
:10AFB0009B009B18DB001A00FA2399001000F5F79C
:10AFC000C9F8030019002823FB184F484F4A009284
:10AFD00000220FF00FFC03007B610E23FB181B788F
:10AFE0005A1E4B4B9200B968D15077E00F23FB18E3
:10AFF0001B78022B70D10E23FB181B7818000CF065
:10B000001BFB04002823FB181B7818000CF014FB12
:10B010000300012219002000FFF74CFA0300172B50
:10B0200001D1172369E07A6813005B019B1A9B002A
:10B030009B18DB001A00FA2399001000F5F78AF834
:10B04000030019000E257A192F48304B0093130086
:10B0500000220FF0CFFB03007B617B191B785A1E87
:10B060002B4B9200B968D1502823FB181B7818008D
:10B070000CF0E2FA04007B191B7818000CF0DCFAE3
:10B080000300012219002000FFF714FA0300172B18
:10B0900001D1172331E07A6813005B019B1A9B00F2
:10B0A0009B18DB001A00FA2399001000F5F752F8FC
:10B0B0000300190028243B191348144A0092002267
:10B0C0000FF098FB03007B613B191B785A1E104B55
:10B0D0009200B968D15001E067230EE07B69002B34
:10B0E0000AD00EF0A1FA0200786901235B420093B6
:10B0F000002301210FF0CEFB00231800BD4606B04F
:10B10000B0BDC0467011002088EC020815B10008DF
:10B11000D01C002080B584B000AF78600023FB60B5
:10B120007B6818000FF064FE0300FB60FB68DBB275
:10B13000180007F051FDFB68DBB2180007F0D2FDE4
:10B14000C046BD4604B080BDB0B586B002AF0200B7
:10B15000FB1D1A700F257B1900221A70154B002257
:10B160001A70FB1D1B785A1E0E2439191248130041
:10B17000DB009B1ADB001B5C0B7020003B181B786C
:10B180005A1E0D243B190D498A5C1A70FB1D1B7851
:10B190009BB23A1811783A191078009300230A00EC
:10B1A000002100F031F97B191B781800BD4604B06E
:10B1B000B0BDC046DC11002074120020700A0020CF
:10B1C00080B586B002AF0200FB1D1A70BB1D0A1CC1
:10B1D0001A700F23FB1800221A70134B00221A70EA
:10B1E000124BFA1D12781A70FB1D1B78FF2B0AD127
:10B1F000BB1D1B789BB200930023FF22002100207F
:10B2000000F002F909E0BB1D1B789BB200930023FC
:10B21000FE220021002000F0F7F80F23FB181B7816
:10B220001800BD4604B080BDDC110020A200002043
:10B2300080B582B000AF0200FB1D1A70FB1D1B78A9
:10B24000062B34D89A001C4BD3181B689F461B4B07
:10B2500018680023022200210FF030F928E0184B73
:10B2600018680023022200210FF028F920E0154B76
:10B2700018680023022200210FF020F918E0124B79
:10B2800018680023022200210FF018F910E00F4B7C
:10B2900018680023022200210FF010F908E00C4B7F
:10B2A00018680023022200210FF008F900E0C046D0
:10B2B000C046BD4602B080BD94EC0208401E00208E
:10B2C000441E0020481E00204C1E0020501E00205E
:10B2D000541E0020B0B584B002AF05000C00100071
:10B2E0001900FB1D2A1C1A70BB1D221C1A703B1D65
:10B2F000021C1A80BB1C0A1C1A80184B01221A70EF
:10B30000174BBA1D12781A70BB1D1B78FF2B0CD17E
:10B310003B1D1A88FB1D1978BB1C1B88009313006A
:10B32000FF22002000F070F80BE03B1D1A88FB1D87
:10B330001978BB1C1B8800931300FE22002000F02C
:10B3400063F8BB1C1A88074B002118001CF0B7F8E3
:10B3500000231800BD4602B0B0BDC046DC1100207D
:10B36000A20000200414002090B587B002AF0400B2
:10B3700008001100FB1D221C1A703B1D021C1A80C4
:10B38000BB1C0A1C1A800F23FB1800221A700E2106
:10B390007B1800221A70FB1D1B78FF2B1DD0FB1D94
:10B3A0001B785A1E08007B1814498A5C1A70144BCB
:10B3B00019783B1D1C88FB1D1A783B181878BB1C9C
:10B3C0001B880093230000F01FF8BB1C1A880D4B4C
:10B3D000002118001CF073F809E0094B1878BB1C19
:10B3E00019883B1D1A880B00FF21FFF773FF0F23FD
:10B3F000FB181B781800BD4605B090BD700A0020F0
:10B40000A100002004140020B0B588B002AF0500F0
:10B410000C0010001900FB1D2A1C1A70BB1D221CF9
:10B420001A707B1D021C1A70BB1C0A1C1A800F2389
:10B43000FB1800221A701723FB1800221A7016231B
:10B44000FB1800221A700E23FB1800221A70152315
:10B45000FB1800221A70FB1D1B78002B03D17B1DEB
:10B460001B78002B17D0FB1D1B78002B07D17B1DF1
:10B470001B78FF2B03D07B1D1B78FE2B0BD1FB1DF4
:10B480001B78002B09D0BB1D1B78002B05D07B1D22
:10B490001B78002B01D16723F7E200200DF056FF47
:10B4A0000300BB60052100200DF06AFFD14B48224C
:10B4B0001A70D04B5A225A70FB1D1B78002B0BD1EF
:10B4C000BB1D1B78002B07D17B1D1B78FF2B07D0E2
:10B4D0007B1D1B78FE2B03D0BB1C1B88002B18D1B7
:10B4E00028203B181B885A1E17243B19C2498A5C26
:10B4F0001A703B181B885A1E1300DB009B1ADB00D6
:10B50000BE4A99183B191A78BD4B18001CF003F974
:10B51000CBE1BB1D1B78002B03D1BB1DB94A1278B0
:10B520001A70BB1C1B88FF2B03D91523FB180122A3
:10B530001A70B04B1722BA1812789A70AD4B7A1D58
:10B540001278DA70AB4BBA1D12781A71AE4B1B78B9
:10B550005AB2AD4B1B791B015BB213435AB2AA4BD3
:10B560005B789B005BB213435AB21523FB181B7820
:10B570005B005BB213435AB20E217B181B785BB29F
:10B5800013435BB2DAB29B4B5A717B181B78002BCA
:10B5900005D01622BB18BA18127801321A7016207C
:10B5A0003B181B780633BA1C1288D1B2914AD15489
:10B5B0001523FB181B78002B0ED03B183A18127875
:10B5C00001321A70BB1C1B881B0A9AB23B181B78ED
:10B5D0000633D1B2874AD15428243B191B882E2B1D
:10B5E0001BD816257B191B78DA1D824BD018874B88
:10B5F0001B881A00864BD1183B191B881A001CF0B7
:10B600008AF83B191B88DAB27B191B78D318DAB297
:10B610001723FB1804321A706BE0764B5B7980229B
:10B6200052421343DAB2734B5A717A4A28217B187B
:10B630001B8813807B182E221A8056E0754B1A88BF
:10B6400028257B191B88934222D8BB1C1C887B1D94
:10B650001A78BB1D1978FB1D18787B191B8800937D
:10B660002300FFF7D1FE0A200CF074F9694B1A8809
:10B6700029007B191B88D31A9AB2664B1A80634B38
:10B680001A887B181B88D3189AB2604B1A802CE05A
:10B69000584B5B797F221340DAB2564B5A712824FB
:10B6A0003B195C4A12881A8016257B191B78DA1D13
:10B6B000504BD018554B1B881A00554BD1183B19CD
:10B6C0001B881A001CF027F8504B00221A80514B9F
:10B6D00000221A803B191B88DAB27B191B78D31819
:10B6E000DAB21723FB1804321A704A4B1B88002B5E
:10B6F000A4D1494B1B78002B00D1D6E01423FB18B2
:10B7000000221A70454B1B78FF2B52D01223FB18D6
:10B7100001221A8035E012203B181B885A1E404B2C
:10B720005200D35A1A003D4B1B781A4113000122D4
:10B73000134020D014217B187A18127801321A7025
:10B7400028243B191A887B181B78D3182C2B10DC63
:10B750001623FB181B78DA1D3B191B88D2187B189F
:10B760001B78D318013B3A181288D1B2214AD15420
:10B7700001E0692389E112217B181A887B180132C4
:10B780001A80284B1B789BB21222BA1812889A4250
:10B79000C1D91623FB181B78DA1D2823FB181B8838
:10B7A000D21814217B181B78D318124A79180978FB
:10B7B000D1541A4B1B78FF2B16D128217B181B88DC
:10B7C0002C2B11D8184B1B780133DAB2164B1A7098
:10B7D0001623FB181B78DA1D7B181B88D318124A16
:10B7E0001178044AD1544AE00C4B1B78FF2B1DD131
:10B7F00069234AE1C4130020FC13002074120020C6
:10B80000C7130020A100002048110020FA1E0020CC
:10B8100004140020FC1E0020DC110020A2000020E7
:10B8200070120020A000002037140020994B1B78D4
:10B83000FF2B1ED028217B181A8814203B181B7858
:10B84000D3182B2B15DC944B1B780133DAB2924BB7
:10B850001A701623FB181B78DA1D7B181B88D21868
:10B860003B181B78D31801338B4A11788B4AD1547B
:10B8700005E0884B1B78FF2B01D0692305E1854B40
:10B880001B78FF2B06D11722BB18BA181278013289
:10B890001A700AE01423FA1817217B1812781B7803
:10B8A000D318DAB27B1802321A707C4B17243A197B
:10B8B00012789A703B191B7803331A007749784B3A
:10B8C00018001BF028FF21007B181B789BB2033364
:10B8D0009AB27B181B78DC1C714B1100180007F022
:10B8E000B3FB03001A006D4B1A556D4B3822002133
:10B8F00018001BF0E4FD7B1D1B78FF2B5FD07B1D28
:10B900001B78FE2B5BD0BB1C1B882C2B03D0BB1CD5
:10B910001B882D2B0FD11723FB181B789BB20433E8
:10B920009AB25E49FB1D18787B1D1B780093322369
:10B93000F7F74EFB3CE01123FB1800221A702DE0B4
:10B9400017243B191B789BB204339AB25349FB1D51
:10B9500018787B1D1B7800933223F7F739FBC8203A
:10B960000BF0F8FF4F4B1B78002B20D14E4B1B7870
:10B97000002B0DD03B191B789BB204339AB2474978
:10B98000FB1D18787B1D1B7800933223F7F720FBF3
:10B9900011217B181A787B1801321A701123FB18B9
:10B9A0001B789AB2414BDB889A42C9D300E0C0466B
:10B9B0003C4B00221A703C4B00221A705AE0BB1C10
:10B9C0001B88002B07D1BB1D1B78002B03D1BB1D8F
:10B9D000324A12791A70BB1D1B781800F8F71CFD4B
:10B9E0001023FB1801221A703FE0314B1B785A1EBE
:10B9F000304B5200D35A1A0010203B181B78013BE1
:10BA00001A4113000122134023D017243B191B783D
:10BA10009BB204339AB221493B1818787B1D1B78DE
:10BA200000933223F7F7D4FAC8200BF093FF1E4B94
:10BA30001B78002B0DD03B191B789BB204339AB2B4
:10BA40001649FB1D18787B1D1B7800933223F7F7EE
:10BA5000BFFA154B00221A700A200BF05BF8102178
:10BA60007B181A787B1801321A701023FB181B7888
:10BA7000062BBAD9BB68190000200DF081FC0E4BD3
:10BA800002221A700F23FB181B781800BD4606B05F
:10BA9000B0BDC046A200002037140020C41300200F
:10BAA000601C00206D1100206E1100204811002044
:10BAB000A1000020A811002036140020F0B58BB0A2
:10BAC00006AF05000C0010001900FB1D2A1C1A709F
:10BAD000BB1D221C1A707B1D021C1A703B1D0A1C08
:10BAE0001A700B243B1900221A700F23FB18002236
:10BAF0001A700E23FB1800221A700D23FB18002267
:10BB00001A70AE4B1B78BA1D12789A4248D0FB6A65
:10BB10001B0EDAB2AA4B1A70FB6A1B0CDAB2A84BE6
:10BB20005A70FB6A1B0ADAB2A54B9A70FB6ADAB24A
:10BB3000A34BDA703B6B1B0EDAB2A14B1A713B6B55
:10BB40001B0CDAB29E4B5A713B6B1B0ADAB29C4B50
:10BB50009A713B6BDAB29A4BDA71994A2023082129
:10BB60005B18DB191B781372954BFA1D12785A7209
:10BB7000934B3A1D12789A72914B7A1D1278DA72B1
:10BB80002C235B18DB191A788D4B1A73BB1D1B789D
:10BB90000D221C211800FFF7E7FB3B191B7808E179
:10BBA0000C23FB1800221A70B6E03B1D1A78BB1D4F
:10BBB0001B7811001800F8F7FDFD0C217B181B788D
:10BBC000804AD35C002B00D1A0E07B181B780133A6
:10BBD0007C4AD35C002B10D07B181B78794AD05C50
:10BBE0007B181B780133774AD35C0E22BC181900EE
:10BBF000F8F7E0FD030023700EE00C23FB181B7820
:10BC0000704AD25C0E23FC18BB1D1B781900100073
:10BC1000F8F7D0FD030023703B1D1A78BB1D1B787D
:10BC200011001800F8F7C6FD0C23FB181B78654AB5
:10BC3000D35C3A1D12789A4205D10D23FB187A1D68
:10BC400012781A7010E00C217B181B785D4AD05CCA
:10BC50007B181B78013B5B4AD35C0D22BC18190092
:10BC6000F8F7A8FD03002370FB6A1B0EDAB2544BF1
:10BC70001A70FB6A1B0CDAB2514B5A70FB6A1B0A32
:10BC8000DAB24F4B9A70FB6ADAB24D4BDA703B6B0B
:10BC90001B0EDAB24A4B1A713B6B1B0CDAB2484BE3
:10BCA0005A713B6B1B0ADAB2454B9A713B6BDAB2A5
:10BCB000434BDA71424A202308215B18DB191B78B9
:10BCC00013723F4B0E22BA1812785A723C4B0D2257
:10BCD000BA1812789A722C235B18DB191A78384B31
:10BCE000DA723B1D1A78BB1D1B7811001800F8F79B
:10BCF00061FD0C23FB181B78324AD35C0C221B21FC
:10BD00001800FFF731FB0A200BF024FE0C217B18F2
:10BD10001A787B1801321A700C23FB181B78012B40
:10BD200000D842E7BA1D3B1D12781B789A4205D114
:10BD30000F23FB187A1D12781A700BE00F23FC18E2
:10BD40003B1D1A78BB1D1B7811001800F8F732FD57
:10BD500003002370FB1D1C783A6BF96A202508202C
:10BD60002B18DB1918780F26BB191B7800932300BA
:10BD7000FFF792F82C2308201B18DB191B78002BE7
:10BD800014D0FB1D1C783A6BF96A2B18DB19187854
:10BD900000230493002303930023029300230193C1
:10BDA000BB191B7800932300F8F71AF80B23FB1834
:10BDB0001B781800BD4605B0F0BDC046A1000020AC
:10BDC00004140020F81E002080B500AFBFF34F8F91
:10BDD000C046044B044ADA60BFF34F8FC046C046EA
:10BDE000FDE7C04600ED00E00400FA05F0B58BB0B9
:10BDF00000AF78601423FB1800221A6000229A809A
:10BE00000C23FB1800221A6000229A80D34B0022D8
:10BE10001A7000F0F8FB1F23FB18D04A12781A7032
:10BE2000CE4B1B781A00CE4B9200D3581B68DBB266
:10BE3000CA4A1278110040225242D31ADAB2C94BD0
:10BE40005A54C64B1B781A00C64B9A5CC34B1B78DE
:10BE50001900C54B5B5C9A4200D11FE2BF4B1A78B8
:10BE60001E243B1901321A703B191B785A1EBB4B1A
:10BE70001B781900BC4B5B5C1800BC4913005B00CD
:10BE80009B189B01CB181B5C0D2B47D13B191B78D2
:10BE9000B74AD35C002B41D100237B620DE0B44A4A
:10BEA0007B6AD3181B78032B04D1B14A7B6AD31861
:10BEB00000221A707B6A01337B627B6A062BEEDDFF
:10BEC0001E203B181B78AA4A0321D154A94B3A18CB
:10BED00012781A703B181B785A1EA04B1B78190059
:10BEE000A14B5B5C1800A14913005B009B189B01F0
:10BEF000CB181A5CA04B1A70A04B186800230222C2
:10BF000000210EF0DBFA9E4B1B78012B02D19D4BDA
:10BF100001221A709A4B01221A70A9E11E217B1886
:10BF20001B78934AD35C032B15D17B181B785A1EC0
:10BF30008A4B1B7819008C4B5B5C18008B491300F3
:10BF40005B009B189B01CB181A5C8B4B1A708D4BB6
:10BF500001221A708CE11E243B191B785A1E7F4B5C
:10BF60001B781900804B5B5C1800804913005B0054
:10BF70009B189B01CB181B5C482B0BD13B191B78E2
:10BF80007B4AD35C002B05D13B191B78784A0721EB
:10BF9000D1546DE11E243B191B785A1E6F4B1B7840
:10BFA0001900714B5B5C1800704913005B009B1813
:10BFB0009B01CB181B5C5A2B0BD13B191B786C4A8D
:10BFC000D35C072B05D13B191B78694A0821D15452
:10BFD0004EE11E243B191B785A1E604B1B7819003A
:10BFE000614B5B5C1800614913005B009B189B016F
:10BFF000CB181B5C5A2B0BD03B191B785C4AD35CCB
:10C00000072B05D13B191B78594A0021D1542FE148
:10C010001E26BB191B78564AD35C082B4CD1BB1982
:10C020001B78534A0121D154BB191B785A1E4B4B24
:10C030001B7819004C4B5B5C1D001F243B191978C1
:10C040003B191B785048C35C1C00484813005B0038
:10C050009B189B01C3185D5D4C482300DB001B1B34
:10C06000DB000A0092005218D100891ACA001100A0
:10C070005B18C31802332A1C1A701F243B191B7843
:10C080000C22BA180321D154BB191B785A1E334B0A
:10C090001B781900344B5B5C1800344913005B00BB
:10C0A0009B189B01CB181A5C3B191B780132D1B24B
:10C0B0001422BA18D154DBE01E217B181B782C4ABD
:10C0C000D35C012B00D0D3E01F203B181B78142237
:10C0D000BA18D35C012B5BD97B181B785A1E1F4BF7
:10C0E0001B781900204B5B5C1E003B18197805007B
:10C0F0003B181B782448C35C1C007B191B780C255B
:10C100007819C35C1D00194813005B009B189B0144
:10C11000C3189E5D1D482300DB001B1BDB000A00CB
:10C1200092005218D100891ACA0011005B18C31876
:10C13000321C5A551F203B181B780C243A19D25C2C
:10C140000132D1B23A19D1543B181B7814203A1855
:10C15000D25C013AD1B23A18D15489E0451100209D
:10C160002C1100201C11002024110020E0170020B9
:10C170007011002038140020441100203C1E0020C3
:10C18000720A0020730A00207C0A0020840A002022
:10C190001E23FB181B785A1E9E4B1B7819009E4BC2
:10C1A0005B5C1E001F257B1919787B191B789B4847
:10C1B000C35C1C007B191B780C203818C35C1D0065
:10C1C000974813005B009B189B01C3189E5D954820
:10C1D0002300DB001B1BDB000A0092005218D10079
:10C1E000891ACA0011005B18C318321C5A551F2047
:10C1F0003B181B780C243A19D25C0132D1B23A199F
:10C20000D1543B181B7814243A19D25C013AD1B2AC
:10C210003A19D1543B181B78804AD25C0132D1B212
:10C220007E4AD1543B181B787C4AD35C052B04D141
:10C230003B181B78794A0021D1547B4B1B7819009D
:10C240007A4B1E22BA1812785A54774B1B78013356
:10C25000DAB2754B1A70744B1B78052B02D1724BF6
:10C2600000221A701E23FB181B78714A0021D1543A
:10C27000684B1B78684AD25C0132D1B2664AD1540D
:10C28000644B1B781A00644B9B5CC02B18D1614B2C
:10C290001B781A00604B0021995411E05D4B1B780C
:10C2A0001A00644B9A5C5B4B1B7819005A4B5B5C21
:10C2B0009A4205D1574B1B780133DAB2554B1A70AD
:10C2C000594B1A785C4B1B789A4200D199E15A4B32
:10C2D0001B7819001E203B18544A525C1A701F2507
:10C2E0007B193A181278013A1A707B1919787B1960
:10C2F0001B78524AD35C1A004A481300DB009B1A91
:10C30000DB000A0092005218D100891ACA001100FD
:10C310005B1848221A547B1919787B191B78474AF5
:10C32000D35C1A003F481300DB009B1ADB000A00B5
:10C3300092005218D100891ACA0011005B18C31864
:10C3400001335A221A707B1919787B191B783B4AE2
:10C35000D35C1A001D23F818324C1300DB009B1A23
:10C36000DB000A0092005218D100891ACA0011009D
:10C370005B18E31802331B7803702C003B19197803
:10C380003B191B782D4AD35C1A0026481300DB00AA
:10C390009B1ADB000A0092005218D100891ACA00C9
:10C3A00011005B181A5C264B1A703B1919783B195F
:10C3B0001B78224AD35C1A001A481300DB009B1A30
:10C3C000DB000A0092005218D100891ACA0011003D
:10C3D0005B18C31801331A78194B5A703B19197836
:10C3E0003B191B78154AD35C1A000E481300DB007A
:10C3F0009B1ADB000A0092005218D100891ACA0069
:10C4000011005B18C31802331A780D4B9A70002381
:10C410003B6237E045110020241100207C0A0020F7
:10C42000E0170020840A00201A11002014110020B7
:10C43000701100201C11002019110020740A002026
:10C44000581F00201F22BB181978BB181B78724A8E
:10C45000D35C1A003B6ADC1C3B6AD81C6F4D13008E
:10C46000DB009B1ADB000A0092005218D100891AE7
:10C47000CA0011005B18EB181A5D694B1A543B6A2D
:10C4800001333B621D26BB191B783A6A9A42D9DBFD
:10C49000BB191B789BB203339AB21C23FC18604B68
:10C4A0001100180006F0D0FD030023705D4B1B88BF
:10C4B00001339AB25B4B1A801F257B1919787B19BF
:10C4C0001B78554AD35C1A00BB191B78D81C534CF7
:10C4D0001300DB009B1ADB000A0092005218D10007
:10C4E000891ACA0011005B18E3181B5C1C22BA18D9
:10C4F00012789A425ED14C4B1B8801339AB24A4B58
:10C500001A802C003B191B78484A3500B919097864
:10C51000D1543B191A781300DB009B1ADB00444A04
:10C5200098183B1919783B191B783B4AD35C1A00C1
:10C530001300DB009B1ADB000A0092005218D100A6
:10C54000891ACA0011005B18DA1C344BD1187B1908
:10C550001B781A001BF0DFF83B191A7834491300D6
:10C56000DB009B1ADB005A5C324B1B789A4213D0DB
:10C570003B191A782E491300DB009B1ADB005B5C29
:10C58000FF2B09D03B191A7829491300DB009B1AAD
:10C59000DB005B5CFE2B06D11E23FB181B7818000A
:10C5A000FEF746FE0CE01E23FB181B781800FEF772
:10C5B000CBFD05E0204B1B8801339AB21E4B1A803D
:10C5C0001F203B181B78144AD25C0132D1B2124AA8
:10C5D000D1543B181B78104AD35C052B04D13B186F
:10C5E0001B780D4A0021D154144B1B780133DAB269
:10C5F000124B1A70114B1B78052B02D10F4B0022E6
:10C600001A700BF095FD0E4B1B78052B01D8FFF728
:10C6100002FCFFF7FBFBC046740A0020840A0020DE
:10C62000581F0020541F0020501F0020FC13002022
:10C6300074120020A1000020521F002019110020B8
:10C6400045110020F0B5C64600B5B8B004AFA4242B
:10C650003B1918602F23A0215B18DA1900231370EF
:10C660002E235B18DA19002313701E235B18DA19C6
:10C67000002313701D235B18DA19002313703B1974
:10C680001B681C225218D21913702F23A0241B19C7
:10C69000DA190023137001235B42190001200DF009
:10C6A000CBFE1C2120000B18DB191B785A1ECE4B29
:10C6B0009B5C002B01D105F0CAF90B18DB191B7824
:10C6C0005A1ECA491300DB009B1ADB00CB18023349
:10C6D0001B785BB2002B03DAC54A0123137002E01A
:10C6E000C34A002313701C24A0256319DB191B788F
:10C6F0005A1E1B235B19D819BC491300DB009B1A77
:10C70000DB005B5C03706319DB191B785A1E2D2359
:10C710005B19D819B5491300DB009B1ADB00CB1855
:10C7200001331B78037029204319DA190023137091
:10C730006319DB191B785A1EAC491300DB009B1AE6
:10C74000DB00CB1802331B781A00012313400BD0F7
:10C750001D235B19DA19012313704319DA194319E0
:10C76000DB191B78013313701C20A0254319DB193A
:10C770001B785A1E9D491300DB009B1ADB00CB1867
:10C7800002331B785B08DBB21A00012313401E241E
:10C790006219D1195A1E93410B704319DB191B788A
:10C7A0005A1E92491300DB009B1ADB00CB180233A0
:10C7B0001B789B08DAB203231340DBB28D4A537017
:10C7C0004319DB191B785A1E88491300DB009B1A9A
:10C7D000DB00CB1802331B781B09DBB21A000123E4
:10C7E00013405A1E9341DBB2824AD3704319DB19BE
:10C7F0001B785A1E7D491300DB009B1ADB00CB1807
:10C8000002331A7860231340DBB27A4A13702A008D
:10C810006319DB191B78002B32D005008318DB1954
:10C820001B78591E2926B318DB191B78181D6F4A6F
:10C830000B00DB005B1ADB00D3181B5C9BB21B02F6
:10C840009CB2A022AB18DB191B78591E1500B31837
:10C85000DB191B78D81C654A0B00DB005B1ADB0078
:10C86000D3181B5C9BB226225219D219E3181380ED
:10C870007319DA197319DB191B780133137015E07A
:10C880001C23A0241B19DB191B78591E29231B19F3
:10C89000DB191B78D81C554A0B00DB005B1ADB0048
:10C8A000D3181B5C26221219D2191380514BDB7846
:10C8B000002B0CD04F4A002313712D23A0229B186C
:10C8C000DB191B7800222C211800FEF74DFD1B21DF
:10C8D000A0200B18DB191B78002B0FD00B18DB19CD
:10C8E0001B78FD2B0AD8444B1A780B18DB191B78E0
:10C8F000934203D0404B1B78012B1ED11B21A0205B
:10C900000B18DB191B78002B00D179E00B18DB1911
:10C910001B78FD2B00D973E0374B1A780B18DB1905
:10C920001B7893426CD0344B1B78012B68D12623A3
:10C930001B18DB191B88102B62D01C23A0229B180C
:10C94000DB191B781800FEF7FFFB2A4B5B78002BE6
:10C9500002D02A4A032313702623A0241B19DB19B3
:10C960001B88192B13D164200EF0DAFA1C231B1933
:10C97000DB191A781B231B19DB1919782D231B19B6
:10C98000DB191878002305F08DFB05F04BF8262302
:10C99000A0269B19DB191B881A2B01D005F042F841
:10C9A00064200EF0BDFA1C25AB19DB191B785A1E4A
:10C9B00029239B19DB1918780C491300DB009B1AFB
:10C9C000DB00CB181C5CAB19DB191A781B239B19F5
:10C9D000DB1919782D239B19DB191878230005F032
:10C9E00061FB05F01FF8C046FC1300207412002004
:10C9F0003314002048110020A10000206C110020F9
:10CA00001B23A0255B19DB191B78FF2B4ED11C249F
:10CA10006319DB191B78581E6319DB191B785A1E22
:10CA2000EC4B9B5C591EEC4A0300DB001B1ADB003D
:10CA3000D3185A5CE94B1B789A4237D06319DB193B
:10CA40001B78581E6319DB191B785A1EE14B9B5C3F
:10CA5000591EE14A0300DB001B1ADB00D3185B5CA4
:10CA6000DE4A1370DD4B1B78DD4A13706319DB1946
:10CA70001B781900FF20FEF7A3FB6319DB191B7855
:10CA8000581E6319DB191B785A1ED24B9B5C591E2A
:10CA9000D14A0300DB001B1ADB00D21800235354D9
:10CAA0002F235B19DA190023137022E01B23A02423
:10CAB0001B19DB191B78FF2B1BD11C221319DB1947
:10CAC0001B78581E1319DB191B785A1EC14B9B5C2F
:10CAD000591EC14A0300DB001B1ADB00D3185A5C45
:10CAE000BE4B1B789A4204D12F231B19DA1903235A
:10CAF00013701B23A0255B19DB191B78FE2B00D0BC
:10CB0000A9E01C246319DB191B78581E6319DB1973
:10CB10001B785A1EAF4B9B5C591EAF4A0300DB00CB
:10CB20001B1ADB00D3185A5CAC4B1B789A4200D11D
:10CB300091E06319DB191B78581E6319DB191B7808
:10CB40005A1EA44B9B5C591EA34A0300DB001B1A10
:10CB5000DB00D3185B5CA14A1370A04B1B78A04A82
:10CB600013706319DB191B781900FE20FEF728FBF0
:10CB70006319DB191B78581E6319DB191B785A1EC1
:10CB8000944B9B5C591E944A0300DB001B1ADB008C
:10CB9000D2180023535422005319DB191B785C1E52
:10CBA0005319DB191B785A1E8A4B9B5C981E2C2349
:10CBB0005B19D919884A2300DB001B1BDB00D31843
:10CBC0001B5C0B702F235B19DA19662313702B2360
:10CBD0005B19DA190023137031E01C22A024131909
:10CBE000DB191B78581E1319DB191B785A1E794B59
:10CBF0009B5C9A1E2C231B19DB191B78D21A2B2342
:10CC00001B19DB191B78D118734A0300DB001B1AB0
:10CC1000DB00D3185A5C734B1B789A4206D12F2342
:10CC20001B19DA1900231370C04637E02B22A0210C
:10CC30005318DB191B785218D219013313702B23A8
:10CC4000A0215B18DA192C235B18DB1912781B78EA
:10CC50009A42C2D322E01B23A0241B19DB191B78A4
:10CC6000FE2B1BD11C221319DB191B78581E13191C
:10CC7000DB191B785A1E574B9B5C591E564A030002
:10CC8000DB001B1ADB00D3185A5C544B1B789A420A
:10CC900004D12F231B19DA19032313702920A02490
:10CCA0000319DA190319DB191B78043313701C23D9
:10CCB0001B19DB191B785A1E464B9A5C1A231B1949
:10CCC000D9190319DB191B78D31A0B702F231B19E1
:10CCD000DB191B78002B01D004F0B9FE26231B19A9
:10CCE000DB191A88302A0CDC002A01DA04F04AFE2B
:10CCF000302A01D904F046FE92003B4BD3181B6842
:10CD00009F463A4B9A4200D16AE104F03BFE384A12
:10CD1000012313700A200AF01DFE364B1B78602B8E
:10CD200005D0344B1B78202B01D004F07FFE2D233F
:10CD3000A0229B18DB191B78002202211800FEF7A5
:10CD400013FB04F073FE274B1B7819002A4A0B00D3
:10CD50009B005B185B009B5C002B0AD12D23A0225B
:10CD60009B18DB191A782549254B18001AF028FB67
:10CD700013E02D22A0215318DB191C785318DB195E
:10CD80001B781A009200D21853001A001A4BD318BD
:10CD90001C491B4822001AF013FB1B4B1C78184B34
:10CDA0001800F3F7BBF903009AB2154901235B425F
:10CDB0000093322320000AF08DFB144A00231370E5
:10CDC00004F045FE124B01220221180010F0D5FAA2
:10CDD00004F03DFEFC130020741200204E210020C0
:10CDE00037140020A1000020F4EC0208B305000075
:10CDF0006C110020481100204C120020B8EC0208F1
:10CE0000001F0020CCEC020838140020361400204B
:10CE1000000400506C4B00220221180010F0ADFA03
:10CE200004F015FE684B0221180010F0C3FA04F05C
:10CE30000EFE2D23A0201B18DB191B789BB21B02B2
:10CE40009CB21C252B18DB191B78591E2926331878
:10CE5000DB191B78981C5D4A0B00DB005B1ADB00BA
:10CE6000D3181B5C99B2A0202B18DB191B785A1E13
:10CE700063189BB25649920053522B18DB191B784A
:10CE80005A1E3318DB19187850491300DB009B1A1F
:10CE9000DB00CB181B5C9BB21B029CB2A0202B18A2
:10CEA000DB191B78591E3318DB191B78581C474AAD
:10CEB0000B00DB005B1ADB00D3181B5C9AB2A026C8
:10CEC000AB19DB191B78591EA31898B2404A8B0086
:10CED000D3189A1C031C13803E4B1B88DBB23E4ABE
:10CEE00053703C4B1B881B0A9BB2DBB23A4A13704F
:10CEF000394AAB19DB191B78937002200AF02AFD1E
:10CF0000AB19DB191878032300930B2300220021AF
:10CF1000FEF77AFA04F09BFD2D23A0201B18DB19E5
:10CF20001B789BB21B029CB21C252B18DB191B78AB
:10CF3000591E29263318DB191B78981C234A0B002D
:10CF4000DB005B1ADB00D3181B5C99B2A0202B1806
:10CF5000DB191B785A1E63189BB21D49920053526D
:10CF60002B18DB191B785A1E3318DB191878174950
:10CF70001300DB009B1ADB00CB181B5C9BB21B026F
:10CF80009CB2A0202B18DB191B78591E3318DB1913
:10CF90001B78581C0D4A0B00DB005B1ADB00D31812
:10CFA0001B5C9AB2A0202B18DB191B78591EA31802
:10CFB00098B2074A8B00D3189A1C031C1380074AA7
:10CFC0000023137004F043FD00040050741200208D
:10CFD00078110020400000200414002036140020A6
:10CFE0001C24A026A319DB191B785A1E2925AB196E
:10CFF000DB191878FE491300DB009B1ADB00CB1805
:10D000001B5CFC4A1370A319DB191B78591EAB1962
:10D01000DB191B78581CF64A0B00DB005B1ADB009F
:10D02000D3181B5CF34A5370A319DB191B78591EE4
:10D03000AB19DB191B78981CED4A0B00DB005B1A5F
:10D04000DB00D3181B5CEB4A9370A319DB191B7828
:10D05000591EAB19DB191B78D81CE54A0B00DB0005
:10D060005B1ADB00D3181B5CE24AD370A319DB19EF
:10D070001B78591EAB19DB191B78181DDC4A0B00F5
:10D08000DB005B1ADB00D3181B5CDA4A1371A319AF
:10D09000DB191B78591EAB19DB191B78581DD44AB4
:10D0A0000B00DB005B1ADB00D3181B5CD14A537109
:10D0B000A319DB191B78591EAB19DB191B78981DB6
:10D0C000CB4A0B00DB005B1ADB00D3181B5CC94AA0
:10D0D0009371A319DB191B78591EAB19DB191B7847
:10D0E000D81DC34A0B00DB005B1ADB00D3181B5CA6
:10D0F000C04AD371A319DB191B78591EAB19DB1970
:10D100001B7808331800BA4A0B00DB005B1ADB00FF
:10D11000D3181B5CB74A1372A319DB191B78591E6D
:10D12000AB19DB191B7809331800B14A0B00DB007F
:10D130005B1ADB00D3181B5CAE4A5372A319DB19D0
:10D140001B78591EAB19DB191B780A331800A84A43
:10D150000B00DB005B1ADB00D3181B5CA54A937243
:10D16000A319DB191B78591EAB19DB191B780B337C
:10D1700018009F4A0B00DB005B1ADB00D3181B5C16
:10D180009C4AD372A319DB191B78591EAB19DB1902
:10D190001B780C331800964A0B00DB005B1ADB008F
:10D1A000D3181B5C934A1373A319DB191B78591E00
:10D1B000AB19DB191B780D3318008D4A0B00DB000F
:10D1C0005B1ADB00D3181B5C8A4A5373A319DB1963
:10D1D0001B78591EAB19DB191B780E331800844AD3
:10D1E0000B00DB005B1ADB00D3181B5C814A9373D6
:10D1F000A319DB191B78591EAB19DB191B780F33E8
:10D2000018007B4A0B00DB005B1ADB00D3181B5CA9
:10D21000784AD373A319DB191B78591EAB19DB1994
:10D220001B7810331800724A0B00DB005B1ADB001E
:10D23000D3181B5C6F4A1374A319DB191B78591E92
:10D24000AB19DB191B7811331800694A0B00DB009E
:10D250005B1ADB00D3181B5C664A5374A319DB19F5
:10D260001B78591EAB19DB191B7812331800604A62
:10D270000B00DB005B1ADB00D3181B5C5D4A937468
:10D28000A319DB191B78591EAB19DB191B78133353
:10D290001800574A0B00DB005B1ADB00D3181B5C3D
:10D2A000544AD374A319DB191B78591EAB19DB1927
:10D2B0001B78143318004E4A0B00DB005B1ADB00AE
:10D2C000D3181B5C4B4A1375A319DB191B78591E25
:10D2D000AB19DB191B7815331800454A0B00DB002E
:10D2E0005B1ADB00D3181B5C424A5375A319DB1988
:10D2F0001B78591EAB19DB191B78163318003C4AF2
:10D300000B00DB005B1ADB00D3181B5C394A9375FA
:10D31000A319DB191B78591EAB19DB191B781733BE
:10D320001800334A0B00DB005B1ADB00D3181B5CD0
:10D33000304AD375A319DB191B78591EAB19DB19B9
:10D340001B78183318002A4A0B00DB005B1ADB003D
:10D35000D3181B5C274A1376A319DB191B78591EB7
:10D36000AB19DB191B7819331800214A0B00DB00BD
:10D370005B1ADB00D3181B5C1E4A5376A319DB191A
:10D380001B78591EAB19DB191B781A331800184A81
:10D390000B00DB005B1ADB00D3181B5C154A93768D
:10D3A000A319DB191B78591EAB19DB191B781B332A
:10D3B00018000F4A0B00DB005B1ADB00D3181B5C64
:10D3C0000C4AD376A319DB191B78591EAB19DB194C
:10D3D0001B781C331800064A0B00DB005B1ADB00CD
:10D3E000D3181B5C034A1377A319DB1904E0C0466A
:10D3F00074120020C41F00201B78591EAB19DB19C2
:10D400001B781D331800CB4A0B00DB005B1ADB00D6
:10D41000D3181B5CC84A537704F019FB1F23A022C2
:10D420009B18DA190123137033E01F25A0216B1814
:10D43000DA191C267318DB1912781B789A421FD050
:10D440006B18DB191B7818000AF0F6F80400A0210D
:10D450007318DB191B78581E29235B18DB191A78FF
:10D460006B18DB191B78D318591EB24A0300DB0076
:10D470001B1ADB00D3185B5C190020000AF00AF9C4
:10D480001F22A0215318DB191B785218D21901331F
:10D4900013701F23A0269B19DB191B78062BC4D9F8
:10D4A0001C25AB19DB191B7818000AF0C5F804001D
:10D4B000AB19DB191B78591E29239B19DB191B7823
:10D4C0000A3318009B4A0B00DB005B1ADB00D31801
:10D4D0001B5C190020000AF0DDF804F0B8FA1C24E7
:10D4E000A026A319DB191B785A1E2925AB19DB19B5
:10D4F000187890491300DB009B1ADB00CB181B5CEB
:10D50000002B12D1A319DB191B78591EAB19DB199B
:10D510001B78581C874A0B00DB005B1ADB00D31812
:10D520001B5C864A137004F083FA1C24A026A319FE
:10D53000DB191B785A1E2925AB19DB1918787D4990
:10D540001300DB009B1ADB00CB181B5C012B01D006
:10D5500004F06EFA7A4A00231370A319DB191B78C2
:10D56000591EAB19DB191B78581C724A0B00DB00E3
:10D570005B1ADB00D3181B5C714A5370A319DB19CB
:10D580001B78591EAB19DB191B78981C694A0B00D4
:10D59000DB005B1ADB00D318185C03230093102315
:10D5A00000220021FDF730FF04F042FA654B1B78A2
:10D5B000002B28D0644B1B881A00644BD0181C2306
:10D5C000A0255B19DB191B785A1E29235B19DB196F
:10D5D00019781300DB009B1ADB005A18554BD11841
:10D5E0001A246319DB191B781A001AF094F86319CE
:10D5F000DB191B789AB2544B1B88D3189BB2524A42
:10D60000138004F024FA504B1B881A004F4BD0189B
:10D610001C23A0255B19DB191B785A1E29235B19D3
:10D62000DB1919781300DB009B1ADB005A18414BF9
:10D63000D1181A246319DB191B781A001AF06BF839
:10D640006319DB191B789AB23F4B1B88D3189BB226
:10D650003D4A13803C4B1B8816211800F2F77AFDD7
:10D6600003009BB2DBB23A4A1370374B1B881A0097
:10D670003649384B18001AF04EF8334A002313800D
:10D6800004F0E5F92D23A0229B18DB191B78180064
:10D690000AF0BCF804F0DBF92A23A0229B18DA195F
:10D6A0000023137036E02D26A0217318DB191B7898
:10D6B000013B294A5B009B5A1CB21C235B18DB19F7
:10D6C0001B78581E29235B18DB191A782A256B183A
:10D6D000DB191B78D118174A0300DB001B1ADB008B
:10D6E000D3185B5C5A1E80231B0213411BB22343D9
:10D6F0001AB2A0243319DB191B78013B90B21649EA
:10D700005A00031C53522B19DB191B782A19D21902
:10D71000013313702A23A0215B18DA191A235B182E
:10D72000DB1912781B789A42BDD30C4A0023137080
:10D7300004F08DF974120020C41F0020A100002005
:10D740000414002033140020341400203020002062
:10D75000A00000201C0200202031002036140020F0
:10D760000023C0217A1813602C23A0215B18DA193A
:10D77000002313701C256B18DB191B785A1E2926F1
:10D780007318DB191878E6491300DB009B1ADB00DD
:10D79000CB181B5C1C06A022AB18DB191B78591E8A
:10D7A000B318DB191B78581CDD4A0B00DB005B1A31
:10D7B000DB00D3181B5C1B04E418A022AB18DB1998
:10D7C0001B78591EB318DB191B78981CD44A0B0020
:10D7D000DB005B1ADB00D3181B5C1B02E418A022E1
:10D7E000AB18DB191B78591EB318DB191B78D81C32
:10D7F000CB4A0B00DB005B1ADB00D3181B5CE31881
:10D80000C02179180B60A0242B19DB191B78591E35
:10D810003319DB191B78181DC14A0B00DB005B1A9A
:10D82000DB00D3181B5CFF2B23D12A231B19DA1929
:10D830000123137014E0C023FB181A682A24A025C2
:10D840006319DB191B781100180009F0D5FE2200BE
:10D8500029005318DB191B785218D21901331370A1
:10D860002A23A0229B18DB191B78062BE3D904F08E
:10D87000EEF82A23A0229B18DA190023137038E04F
:10D880001C23A0269B19DB191B785C1E29239B19DE
:10D89000DB191B781A1D2A239B19DB191B78D0185A
:10D8A0002C25AB19D9199E4A2300DB001B1BDB007A
:10D8B000D3181B5C0B7031006B18DB191B78002B25
:10D8C0000ED06B18DB191B78062B09D8C023FB1868
:10D8D0001A686B18DB191B781100180009F08CFE10
:10D8E0002A22A0215318DB191B785218D2190133B0
:10D8F00013702A23A0215B18DA191A235B18DB198D
:10D9000012781B789A42BBD304F0A1F804F0C0F956
:10D91000F6F7C0F9834A0123137004F098F8F6F77C
:10D9200049FB64200AF016F87E4A0223137004F0C3
:10D930008EF80AF087F90300AC22BA1813601B2393
:10D94000A0201B18DB191B78FF2B1AD11C231B18D6
:10D95000DB191B785A1E29231B18DB1919781300B1
:10D96000DB009B1ADB005A186D4BD1181A231B18C9
:10D97000DB191B78013B1A006B4B180019F0CBFE2A
:10D980003FE01B23A0201B18DB191B78FE2B1FD1A7
:10D990001C231B18DB191B785A1E29231B18DB19A3
:10D9A00019781300DB009B1ADB005A185C4BD11866
:10D9B0001A231B18DB191A782C231B18DB191B7868
:10D9C000D31A023B1A00584B180019F0A4FE18E0B5
:10D9D0001C23A0201B18DB191B785A1E29231B1897
:10D9E000DB1919781300DB009B1ADB005A184C4B2B
:10D9F000D1181A231B18DB191B784B481A0019F091
:10DA00008AFE2C24A026A319DA19484B1B78137020
:10DA1000464A1C239B19DB191B78137099239A0023
:10DA2000AC257B191968404B18000AF07DF80300FB
:10DA3000A822BA1813603D4AA319DB191B7813708A
:10DA40003B4B1B78602B1DD17B191B681800F2F72C
:10DA500065FB02007B191968364B180019F05BFE54
:10DA60007B191B681800F2F759FB03009AB22D23AB
:10DA70009B19DB191B7818211800FDF775FC0A208B
:10DA800009F068FFA823FB181B68002BB9D1264BAF
:10DA900032220021180019F012FD03F0D8FF0AF01D
:10DAA000D1F80300AC243A1913603B191B68180025
:10DAB000F2F734FB03003A1910681A00002119F03C
:10DAC000FEFC1D4B1B78002B3AD01C4B1B881A0008
:10DAD0003B191B6898181C23A0255B19DB191B78C0
:10DAE0005A1E29235B19DB1919781300DB009B1AD6
:10DAF000DB005A180A4BD1181A246319DB191B785A
:10DB00001A0019F008FE6319DB191B789AB20B4B47
:10DB10001B88D3189BB2094A138003F098FFC046B4
:10DB2000741200206C1100205021002038140020B5
:10DB30004811002004140020331400203414002065
:10DB4000394B1B881A00AC23FB181B6898181C2340
:10DB5000A0241B19DB191B785A1E29231B19DB195A
:10DB600019781300DB009B1ADB005A182F4BD118D1
:10DB70001A231B19DB191B781A0019F0CCFD2A4A4D
:10DB8000002313802A4A002313702A4B18680023AD
:10DB9000002200210CF092FC03F059FF264B274A8B
:10DBA0001A60274B01221A700A2009F0D3FEFEF7F3
:10DBB0000BF91C25A0216B18DB191B785A1E29268E
:10DBC0007318DB19187819491300DB009B1ADB0066
:10DBD000CB18185C00230093192300220021FDF7C5
:10DBE00013FC642009F0B6FE164B1C78A0216B18BC
:10DBF000DB191B785A1E7318DB1918780B491300B0
:10DC0000DB009B1ADB00CB18195CA0202B18DB195A
:10DC10001A782D231B18DB1918780B00210004F04B
:10DC200041FA03F014FFC04634140020741200209F
:10DC3000361400203C1E0020F03F0220EFBEADDE77
:10DC40006C110020A10000201C25A022AB18DB19BC
:10DC50001B78591E2926B318DB191B780B331C00BF
:10DC60002C239B18D819F34A0B00DB005B1ADB004E
:10DC7000D3181B5D03701A22A0215318DB191B78DF
:10DC80000F2B14D10A00AB18DB191B78591EB318DF
:10DC9000DB191B781C000D342C239B18D819E54A7E
:10DCA0000B00DB005B1ADB00D3181B5D03701A232B
:10DCB000A0229B18DB191B78112B15D11C239B1854
:10DCC000DB191B78591E29239B18DB191B780F338E
:10DCD0001C002C239B18D819D64A0B00DB005B1ABA
:10DCE000DB00D3181B5D03701C25A0216B18DB190A
:10DCF0001B785A1E29267318DB191878CD49130092
:10DD0000DB009B1ADB00CB181B5C1C06A022AB18A7
:10DD1000DB191B78591EB318DB191B78581CC54A30
:10DD20000B00DB005B1ADB00D3181B5C1B04E41840
:10DD3000A022AB18DB191B78591EB318DB191B780E
:10DD4000981CBC4A0B00DB005B1ADB00D3181B5C81
:10DD50001B02E418A022AB18DB191B78591EB3185C
:10DD6000DB191B78D81CB34A0B00DB005B1ADB0005
:10DD7000D3181B5CE318B42438190360A022AB1835
:10DD8000DB191B78591EB318DB191B78181DA94A1B
:10DD90000B00DB005B1ADB00D3181B5C1C06A02207
:10DDA000AB18DB191B78591EB318DB191B78581DEB
:10DDB000A04A0B00DB005B1ADB00D3181B5C1B04C2
:10DDC000E418A022AB18DB191B78591EB318DB1915
:10DDD0001B78981D974A0B00DB005B1ADB00D318F9
:10DDE0001B5C1B02E418A022AB18DB191B78591E20
:10DDF000B318DB191B78D81D8E4A0B00DB005B1AA9
:10DE0000DB00D3181B5CE318B020381803602C2308
:10DE1000A0215B18DB191B78002B00D0CAE16B181E
:10DE2000DB191B785A1E7318DB1918788149130007
:10DE3000DB009B1ADB00CB181B5C1C06A022AB1876
:10DE4000DB191B78591EB318DB191B78581C794A4B
:10DE50000B00DB005B1ADB00D3181B5C1B04E4180F
:10DE6000A022AB18DB191B78591EB318DB191B78DD
:10DE7000981C704A0B00DB005B1ADB00D3181B5C9C
:10DE80001B02E418A022AB18DB191B78591EB3182B
:10DE9000DB191B78D81C674A0B00DB005B1ADB0020
:10DEA000D3181B5CE318B42438190360A022AB1804
:10DEB000DB191B78591EB318DB191B78181D5D4A36
:10DEC0000B00DB005B1ADB00D3181B5C1C06A022D6
:10DED000AB18DB191B78591EB318DB191B78581DBA
:10DEE000544A0B00DB005B1ADB00D3181B5C1B04DD
:10DEF000E418A022AB18DB191B78591EB318DB19E4
:10DF00001B78981D4B4A0B00DB005B1ADB00D31813
:10DF10001B5C1B02E418A022AB18DB191B78591EEE
:10DF2000B318DB191B78D81D424A0B00DB005B1AC3
:10DF3000DB00D3181B5CE318B021781803602E00B7
:10DF4000A0257319DB191B78591E29246319DB19C5
:10DF50001B7809331800374A0B00DB005B1ADB0023
:10DF6000D3181B5C002B4FD07319DB191B78591E7B
:10DF70006319DB191B780A3318002E4A0B00DB00EB
:10DF80005B1ADB00D3181B5C002B3DD07319DB1927
:10DF90001B78591E6319DB191B7808331800254AB2
:10DFA0000B00DB005B1ADB00D3181D5CA022B3184A
:10DFB000DB191B78591EA318DB191B7818000930D0
:10DFC0001C4A0B00DB005B1ADB00D3181C5CA02290
:10DFD000B318DB191B78591E29239B18DB191B78F2
:10DFE0000A331800134A0B00DB005B1ADB00D3185E
:10DFF0001B5CB022BA181268B42179180968009322
:10E0000023002800FCF748FF1C26A0257319DB1904
:10E010001B78591E29246319DB191B780B33180050
:10E02000044A0B00DB005B1ADB00D3181B5C002BDF
:10E0300052D001E0741200207319DB191B78591EAD
:10E040006319DB191B780C331800594A0B00DB00ED
:10E050005B1ADB00D3181B5C002B3DD07319DB1956
:10E060001B78591E6319DB191B7808331800504AB6
:10E070000B00DB005B1ADB00D3181D5CA022B31879
:10E08000DB191B78591EA318DB191B7818000B30FD
:10E09000474A0B00DB005B1ADB00D3181C5CA02294
:10E0A000B318DB191B78591E29239B18DB191B7821
:10E0B0000C3318003E4A0B00DB005B1ADB00D31860
:10E0C0001B5CB022BA181268B42179180968009351
:10E0D00023002800FCF7E0FE1C26A0257319DB199D
:10E0E0001B78591E29246319DB191B780D3318007E
:10E0F0002F4A0B00DB005B1ADB00D3181B5C002BE4
:10E1000001D103F097FC7319DB191B78591E6319B1
:10E11000DB191B780E331800254A0B00DB005B1A55
:10E12000DB00D3181B5C002B01D103F083FC7319B7
:10E13000DB191B78591E6319DB191B78083318008B
:10E140001B4A0B00DB005B1ADB00D3181D5CA0220E
:10E15000B318DB191B78591EA318DB191B7818009C
:10E160000D30134A0B00DB005B1ADB00D3181C5C7C
:10E17000A022B318DB191B78591E29239B18DB1921
:10E180001B780E3318000A4A0B00DB005B1ADB0019
:10E19000D3181B5CB022BA181268B4217918096828
:10E1A000009323002800FCF777FE03F043FCC046F1
:10E1B000741200201C25A0242B19DB191B785A1E71
:10E1C00029263319DB191B78083319009F481300DF
:10E1D000DB009B1ADB00C3185B5C9BB21900E420D8
:10E1E00005F07EFB2B19DB191B785A1E3319DB193E
:10E1F000197896481300DB009B1ADB00C3185B5CA0
:10E200009BB21B0299B22B19DB191B785A1E3319CA
:10E21000DB191B78581C8D4C1300DB009B1ADB00AC
:10E22000E3181B5C9BB2CB189BB21900E52005F0EC
:10E2300057FBA0242B19DB191B785A1E3319DB1945
:10E240001B78991C81481300DB009B1ADB00C31864
:10E250005B5C9BB21B0299B22B19DB191B785A1E0F
:10E260003319DB191B78D81C784C1300DB009B1A80
:10E27000DB00E3181B5C9BB2CB189BB21900E620B5
:10E2800005F02EFBA0242B19DB191B785A1E33191D
:10E29000DB191B78191D6D481300DB009B1ADB008E
:10E2A000C3185B5C9BB21B0299B22B19DB191B785C
:10E2B0005A1E3319DB191B78581D644C1300DB0000
:10E2C0009B1ADB00E3181B5C9BB2CB189BB21900B6
:10E2D000E72005F005FBA0242B19DB191B785A1E3B
:10E2E0003319DB191B78991D58481300DB009B1A62
:10E2F000DB00C3185B5C9BB21B0299B22B19DB19C4
:10E300001B785A1E3319DB191B78D81D4F4C13008C
:10E31000DB009B1ADB00E3181B5C9BB2CB189BB2A3
:10E320001900E82005F0DCFAA0242B19DB191B7872
:10E330005A1E3319DB191B7809331900434813009F
:10E34000DB009B1ADB00C3185B5C9BB21B0299B21B
:10E350002B19DB191B785A1E3319DB191B780A336A
:10E3600018003A4C1300DB009B1ADB00E3181B5C1F
:10E370009BB2CB189BB21900E92005F0B1FA1A2321
:10E38000A0241B19DB191B78132B29D12B19DB199E
:10E390001B785A1E3319DB191B780B3319002B48D5
:10E3A0001300DB009B1ADB00C3185B5C9BB21B02F3
:10E3B00099B22B19DB191B785A1E3319DB191B78FC
:10E3C0000C331800214C1300DB009B1ADB00E31810
:10E3D0001B5C9BB2CB189BB21900EA2005F080FAB7
:10E3E0001A23A0269B19DB191B78152B2BD11C2473
:10E3F000A319DB191B785A1E2925AB19DB191B78C9
:10E400000D33190011481300DB009B1ADB00C31801
:10E410005B5C9BB21B0299B2A319DB191B785A1ED5
:10E42000AB19DB191B780E331800084C1300DB0006
:10E430009B1ADB00E3181B5C9BB2CB189BB2190044
:10E44000EB2005F04DFAFDF7BFFCC046741200202A
:10E450001C25A0216B18DB191B785A1E292673185E
:10E46000DB191878E6491300DB009B1ADB00CB1898
:10E470001B5C1C06A022AB18DB191B78591EB318B5
:10E48000DB191B78581CDE4A0B00DB005B1ADB0033
:10E49000D3181B5C1B04E418A022AB18DB191B78F3
:10E4A000591EB318DB191B78981CD54A0B00DB00EA
:10E4B0005B1ADB00D3181B5C1B02E418A022AB180C
:10E4C000DB191B78591EB318DB191B78D81CCC4AF2
:10E4D0000B00DB005B1ADB00D3181B5CE318B421D4
:10E4E00078180360A022A818C3191B78591EB01809
:10E4F000C3191B78181DC24A0B00DB005B1ADB0036
:10E50000D3181B5C1C06A022A818C3191B78591E1F
:10E51000B018C3191B78581DB94A0B00DB005B1AF1
:10E52000DB00D3181B5C1B04E418A022A818C31935
:10E530001B78591EB018C3191B78981DB04A0B00E0
:10E54000DB005B1ADB00D3181B5C1B02E418A02263
:10E55000A818C3191B78591EB018C3191B78D81DE9
:10E56000A74A0B00DB005B1ADB00D3181B5CE31827
:10E57000B021781803602C00A022A818C3191B78BA
:10E58000591E3500B018C3191B78093318009C4A6E
:10E590000B00DB005B1ADB00D3181B5C9846994B21
:10E5A0001B789C46A022A018C3191B78591EA818D6
:10E5B000C3191B780B331800914A0B00DB005B1A60
:10E5C000DB00D3181E5CA022A018C3191B78591EAB
:10E5D000AD18EB191B780A331800894A0B00DB00D1
:10E5E0005B1ADB00D3181D5CA0202218D3191B78FE
:10E5F000591E29221418E3191B7818000830804A84
:10E600000B00DB005B1ADB00D3181C5C1C23A02072
:10E610001A18D3191B78591E29221218D3191B78DE
:10E620000C331800764A0B00DB005B1ADB00D318B2
:10E630001B5C5A1E9341DBB20393B023FA18136894
:10E640000293B423FB181B68019300942B00320043
:10E6500061464046FDF732FA03F0F9F91C25A02483
:10E660002B19DB191B785A1E29263319DB19187848
:10E6700063491300DB009B1ADB00CB181B5C002BEB
:10E6800000D03AE12B19DB191B78591E3319DB191D
:10E690001B78981C5A4A0B00DB005B1ADB00D3186E
:10E6A0001B5C1C06A022AB18DB191B78591EB31883
:10E6B000DB191B78D81C524A0B00DB005B1ADB000D
:10E6C000D3181B5C1B04E418A022AB18DB191B78C1
:10E6D000591EB318DB191B78181D494A0B00DB00C3
:10E6E0005B1ADB00D3181B5C1B02E418A022AB18DA
:10E6F000DB191B78591EB318DB191B78581D404ACB
:10E700000B00DB005B1ADB00D3181B5CE318C02195
:10E7100079180B60A022AB18DB191B78591EB318AF
:10E72000DB191B78581C364A0B00DB005B1ADB0038
:10E73000D3181B5C082B00D966E39A00324BD31820
:10E740001B689F46C023FB181B681B78DBB22F4A4F
:10E7500013702D23A0229B18DB191B7801221F2187
:10E760001800FCF701FE56E3C023FB181B681B785A
:10E770005BB2DBB2254A13702D23A0229B18DB1954
:10E780001B7801221F211800FCF7EEFD43E3C02196
:10E790007B181B681B889BB2DBB21C4A13707B186A
:10E7A0001B681B889BB21B0A9BB2DBB2174A5370D3
:10E7B0002D23A0229B18DB191B7802221F21180091
:10E7C000FCF7D2FD27E3C0217B181B681B881BB216
:10E7D000DBB20E4A13707B181B681B881BB21B121E
:10E7E0001BB2DBB2094A53702D23A0229B18DB1900
:10E7F0001B7802221F211800FCF7B6FD0BE3C04670
:10E8000074120020A1000020B8ED020804140020BA
:10E81000C0217B181B681B68DBB2DB4A13707B18B6
:10E820001B681B681B0ADBB2D74A53707B181B6836
:10E830001B681B0CDBB2D44A93707B181B681B68E7
:10E840001B0EDBB2D04AD3702D23A0229B18DB19FC
:10E850001B7804221F211800FCF786FDDBE2C02193
:10E860007B181B681B68DBB2C74A13707B181B68D8
:10E870001B681B12DBB2C44A53707B181B681B68F1
:10E880001B14DBB2C04A93707B181B681B681B16F5
:10E89000DBB2BD4AD3702D23A0229B18DB191B7855
:10E8A00004221F211800FCF75FFDB4E2C0217B1891
:10E8B0001B681B78DBB2B44A13707B181B680133EA
:10E8C0001B78DBB2B04A53707B181B6802331B788D
:10E8D000DBB2AD4A93707B181B6803331B78DBB245
:10E8E000A94AD3702D23A0229B18DB191B7808227C
:10E8F0001F211800FCF738FD8DE21C24A026A31967
:10E90000DB191B785A1E2925AB19DB1918789F498A
:10E910001300DB009B1ADB00CB181B5C022B00D022
:10E920003CE1A319DB191B78581EA319DB191B78CE
:10E930005A1E974B9B5C591E944A0300DB001B1A1E
:10E94000DB00D21800235354A319DB191B785A1E7D
:10E95000AB19DB191B78591C1300DB009B1ADB0079
:10E960005A188A4BD3182C25AA19D4191800F5F770
:10E97000EDFB03002370AB19DB191B78002B0AD1C8
:10E980002D239B19DB191B7801221F211800FCF78E
:10E99000EBFC03F051F82C20A0240319DB191B78A1
:10E9A0005A1E7C4913005B009B189B005B58C022D9
:10E9B000BA1813600319DB191B785A1E7549130026
:10E9C0005B009B189B00CB1804331B786E4A1370B6
:10E9D0006D4B1B78082B00D919E29A006E4BD318A7
:10E9E0001B689F46C023FB181B681B78DBB2664A76
:10E9F00053702D23A0229B18DB191B7802221F21A4
:10EA00001800FCF7B1FC06E2C023FB181B681B785A
:10EA10005BB2DBB25C4A53702D23A0229B18DB193A
:10EA20001B7802221F211800FCF79EFCF3E1C02195
:10EA30007B181B681B889BB2DBB2534A53707B1850
:10EA40001B681B889BB21B0A9BB2DBB24E4A9370B9
:10EA50002D23A0229B18DB191B7803221F211800ED
:10EA6000FCF782FCD7E1C0217B181B681B881BB216
:10EA7000DBB2454A53707B181B681B881BB21B1204
:10EA80001BB2DBB2404A93702D23A0229B18DB19E6
:10EA90001B7803221F211800FCF766FCBBE1C02194
:10EAA0007B181B681B68DBB2374A53707B181B68E6
:10EAB0001B681B0ADBB2344A93707B181B681B6807
:10EAC0001B0CDBB2304AD3707B181B681B681B0E13
:10EAD000DBB22D4A13712D23A0229B18DB191B7862
:10EAE00005221F211800FCF73FFC94E1C0217B1890
:10EAF0001B681B68DBB2244A53707B181B681B68B9
:10EB00001B12DBB2204A93707B181B681B681B1416
:10EB1000DBB21D4AD3707B181B681B681B16DBB267
:10EB2000194A13712D23A0229B18DB191B7805228B
:10EB30001F211800FCF718FC6DE1C0217B181B6831
:10EB40001B78DBB2104A53707B181B6801331B78AB
:10EB5000DBB20D4A93707B181B6802331B78DBB263
:10EB6000094AD3707B181B6803331B78DBB2064A53
:10EB700013712D23A0229B18DB191B7809221F215A
:10EB80001800FCF7F1FB46E1041400207412002089
:10EB9000FC13002054020020DCED02081C24A026F7
:10EBA000A319DB191B785A1E2925AB19DB19187814
:10EBB000D9491300DB009B1ADB00CB181B5C022B2E
:10EBC00001D802F039FFA319DB191B785A1E340053
:10EBD000AB19DB191878D0491300DB009B1ADB0056
:10EBE000CB181B5C043BCD4A9B009B58DAB20F2329
:10EBF0001340DBB2CA4A1370C94B1B78002B0AD1F1
:10EC00002D231B19DB191B7801221F211800FCF78B
:10EC1000ABFB02F011FF1C23A0215B18DB191B7852
:10EC20005A1E29235B18DB191878BB491300DB0037
:10EC30009B1ADB00CB181B5C043BB84A9B009B581B
:10EC40001B0C8022920594466344C022BA181360BC
:10EC5000B34B1B78082B00D9DCE09A00B14BD318DA
:10EC60001B689F46C023FB181B681B78DBB2AC4AAD
:10EC700053702D23A0229B18DB191B7802221F2121
:10EC80001800FCF771FBC6E0C023FB181B681B785B
:10EC90005BB2DBB2A24A53702D23A0229B18DB1972
:10ECA0001B7802221F211800FCF75EFBB3E0C02195
:10ECB0007B181B681B889BB2DBB2994A53707B1888
:10ECC0001B681B889BB21B0A9BB2DBB2944A9370F1
:10ECD0002D23A0229B18DB191B7803221F2118006B
:10ECE000FCF742FB97E0C0217B181B681B881BB216
:10ECF000DBB28B4A53707B181B681B881BB21B123C
:10ED00001BB2DBB2864A93702D23A0229B18DB191D
:10ED10001B7803221F211800FCF726FB7BE0C02193
:10ED20007B181B681B68DBB27D4A53707B181B681D
:10ED30001B681B0ADBB27A4A93707B181B681B683E
:10ED40001B0CDBB2764AD3707B181B681B681B0E4A
:10ED5000DBB2734A13712D23A0229B18DB191B7899
:10ED600005221F211800FCF7FFFA54E0C0217B1890
:10ED70001B681B68DBB26A4A53707B181B681B68F0
:10ED80001B12DBB2664A93707B181B681B681B144E
:10ED9000DBB2634AD3707B181B681B681B16DBB29F
:10EDA0005F4A13712D23A0229B18DB191B780522C3
:10EDB0001F211800FCF7D8FA2DE0C0217B181B6832
:10EDC0001B78DBB2564A53707B181B6801331B78E3
:10EDD000DBB2534A93707B181B6802331B78DBB29B
:10EDE0004F4AD3707B181B6803331B78DBB24C4A45
:10EDF00013712D23A0229B18DB191B7809221F21D8
:10EE00001800FCF7B1FA06E0C04602F015FEC04655
:10EE100002F012FEC04602F00FFE434B1A685B6818
:10EE2000032A01D1002B08D03F4B1A685B68022AE5
:10EE300000D0DFE1002B00D0DCE11C24A026A319C8
:10EE4000DB191B785A1E2925AB19DB1918783249B2
:10EE50001300DB009B1ADB00CB181B5C334A1370DA
:10EE6000A319DB191B785A1EAB19DB1918782A492C
:10EE70001300DB009B1ADB00CB181B5C082B00D9AE
:10EE8000B6E19A002A4BD3181B689F46294A1023E3
:10EE90001370AEE11C23A0229B18DB191B78591EAE
:10EEA00029239B18DB191B78581C1B4A0B00DB001D
:10EEB0005B1ADB00D3181B5C9822B9180B60002387
:10EEC0009C2179180B60184BBA18116852681960A8
:10EED0005A608EE11C23A0229B18DB191B78591E57
:10EEE00029239B18DB191B78581C0B4A0B00DB00ED
:10EEF0005B1ADB00D3181B5C5BB29022B9180B6065
:10EF0000DB17942179180B60074BBA181168526807
:10EF100019605A606DE1C046741200203C14002054
:10EF20000414002000EE0208B8140020A300002002
:10EF300024EE0208361400201C25A022AB18DB1991
:10EF40001B78591E2926B318DB191B78581CE74A71
:10EF50000B00DB005B1ADB00D3181B5C1C00A0223B
:10EF6000AB18DB191B78591EB318DB191B78981CDA
:10EF7000DE4A0B00DB005B1ADB00D3181B5C1B02B4
:10EF8000E3188822B9180B60DB178C2179180B6005
:10EF9000D74BBA181168526819605A6029E11C25CC
:10EFA000A022AB18DB191B78591E2926B318DB19D0
:10EFB0001B78581CCD4A0B00DB005B1ADB00D31812
:10EFC0001B5C1C00A022AB18DB191B78591EB31860
:10EFD000DB191B78981CC54A0B00DB005B1ADB00B1
:10EFE000D3181B5C1B02E3188022B9180B60DB17D7
:10EFF000842179180B60BE4BBA18116852681960E9
:10F000005A60F6E01C25A022AB18DB191B78591EAC
:10F010002926B318DB191B78581CB44A0B00DB00F7
:10F020005B1ADB00D3181B5C1C00A022AB18DB1999
:10F030001B78591EB318DB191B78981CAB4A0B00C0
:10F04000DB005B1ADB00D3181B5C1B02E418A02258
:10F05000AB18DB191B78591EB318DB191B78D81CA9
:10F06000A24A0B00DB005B1ADB00D3181B5C1B04FD
:10F07000E418A022AB18DB191B78591EB318DB1952
:10F080001B78181D994A0B00DB005B1ADB00D318B4
:10F090001B5C1B06E318BB670023FB67944BB96F2F
:10F0A000FA6F19605A60A4E01C25A022AB18DB1986
:10F0B0001B78591E2926B318DB191B78581C8B4A5C
:10F0C0000B00DB005B1ADB00D3181B5C1C00A022CA
:10F0D000AB18DB191B78591EB318DB191B78981C69
:10F0E000824A0B00DB005B1ADB00D3181B5C1B029F
:10F0F000E418A022AB18DB191B78591EB318DB19D2
:10F100001B78D81C794A0B00DB005B1ADB00D31894
:10F110001B5C1B04E418A022AB18DB191B78591EDA
:10F12000B318DB191B78181D704A0B00DB005B1A43
:10F13000DB00D3181B5C1B06E3183B67DB177B6700
:10F140006B4B396F7A6F19605A6052E01C25A02210
:10F15000AB18DB191B78591E2926B318DB191B784D
:10F16000581C624A0B00DB005B1ADB00D3181B5CE7
:10F170001C00A022AB18DB191B78591EB318DB1931
:10F180001B78981C594A0B00DB005B1ADB00D31874
:10F190001B5C1B02E418A022AB18DB191B78591E5C
:10F1A000B318DB191B78D81C504A0B00DB005B1A24
:10F1B000DB00D3181B5C1B04E418A022AB18DB197E
:10F1C0001B78591EB318DB191B78181D474A0B0012
:10F1D000DB005B1ADB00D3181B5C1B06E318BB6665
:10F1E0000023FB66424BB96EFA6E19605A6000E06C
:10F1F000C046A2E13E4B1A685B681100194300D07B
:10F200009BE13B4B1C685D6808220023200029001D
:10F21000F1F78EF9431C012B00D98DE1A200354B8B
:10F22000D3181B689F461C23A0215B18DB191B7891
:10F230005A1E29235B18DB1918782C491300DB00B0
:10F240009B1ADB00CB181B5C3B6600237B66284BBC
:10F25000396E7A6E19605A606FE11C23A0215B1829
:10F26000DB191B785A1E29235B18DB1918781F49F4
:10F270001300DB009B1ADB00CB181B5C5BB2BB6589
:10F28000DB17FB651A4BB96DFA6D19605A6054E1D2
:10F290001C25A0216B18DB191B785A1E2926731810
:10F2A000DB19187811491300DB009B1ADB00CB181F
:10F2B0001B5C1C00A022AB18DB191B78591EB3186D
:10F2C000DB191B78581C094A0B00DB005B1ADB00BA
:10F2D000D3181B5C1B02E3183B65DB177B65044BF3
:10F2E000396D7A6D19605A6027E1C04674120020AA
:10F2F000B814002048EE02081C25A0216B18DB1969
:10F300001B785A1E29267318DB191878E749130051
:10F31000DB009B1ADB00CB181B5C1C00A022AB1887
:10F32000DB191B78591EB318DB191B78581CDF4AF0
:10F330000B00DB005B1ADB00D3181B5C1B02E3181D
:10F34000BB64DB17FB64DA4BB96CFA6C19605A606A
:10F35000F3E01C25A0216B18DB191B785A1E292607
:10F360007318DB191878D1491300DB009B1ADB00F6
:10F37000CB181B5C1C00A022AB18DB191B78591E94
:10F38000B318DB191B78581CC84A0B00DB005B1A4A
:10F39000DB00D3181B5C1B02E418A022AB18DB199E
:10F3A0001B78591EB318DB191B78981CBF4A0B0039
:10F3B000DB005B1ADB00D3181B5C1B04E418A022E3
:10F3C000AB18DB191B78591EB318DB191B78D81C36
:10F3D000B64A0B00DB005B1ADB00D3181B5C1B0674
:10F3E000E3183B6400237B64B14B396C7A6C196081
:10F3F0005A60A2E01C25A0216B18DB191B785A1E4D
:10F4000029267318DB191878A8491300DB009B1A0A
:10F41000DB00CB181B5C1C00A022AB18DB191B788F
:10F42000591EB318DB191B78581CA04A0B00DB00CF
:10F430005B1ADB00D3181B5C1B02E418A022AB187C
:10F44000DB191B78591EB318DB191B78981C974AD7
:10F450000B00DB005B1ADB00D3181B5C1B04E418F9
:10F46000A022AB18DB191B78591EB318DB191B78C7
:10F47000D81C8E4A0B00DB005B1ADB00D3181B5C28
:10F480001B06E318BB63DB17FB63894BB96BFA6B95
:10F4900019605A6051E01C25A0216B18DB191B78FC
:10F4A0005A1E29267318DB19187880491300DB00CF
:10F4B0009B1ADB00CB181B5C1C00A022AB18DB19CD
:10F4C0001B78591EB318DB191B78581C774A0B00A0
:10F4D000DB005B1ADB00D3181B5C1B02E418A022C4
:10F4E000AB18DB191B78591EB318DB191B78981C55
:10F4F0006E4A0B00DB005B1ADB00D3181B5C1B049D
:10F50000E418A022AB18DB191B78591EB318DB19BD
:10F510001B78D81C654A0B00DB005B1ADB00D31894
:10F520001B5C1B06E3183B6300237B63604B396B5A
:10F530007A6B19605A6000E0C0465E4B1B78102B56
:10F5400001D102F07BFA5B4A0023137002F076FAD5
:10F55000584A002313701C24A026A319DB191B781A
:10F560005A1E2925AB19DB19187850491300DB0006
:10F570009B1ADB00CB181B5C002B01D100F0D8FCE0
:10F58000A319DB191B785A1EAB19DB1918784749E8
:10F590001300DB009B1ADB00CB181B5C1E2B01D970
:10F5A00000F0C2FCA319DB191B785A1EAB19DB193A
:10F5B00018783E491300DB009B1ADB00CB181B5C5C
:10F5C000013B3D4A9B009B581B0C3C4A94466344BC
:10F5D000C022BA181360A319DB191B78591EAB1986
:10F5E000DB191B78581C314A0B00DB005B1ADB006F
:10F5F000D3181B5C082B01D900F019FC9A00304B82
:10F60000D3181B689F461C24A0216318DB191B78A4
:10F610005A1E29235B18DB19187824491300DB00D4
:10F620009B1ADB00CB181B5C013B234A9B009A58BA
:10F630000F23134049D1012016F006FB0300C02020
:10F640003D182B603B181B68002B3BD03B181B68F8
:10F65000E0221206944663441D042600A022A3184B
:10F66000DB191B78591E29239B18DB191B78581CA2
:10F670000E4A0B00DB005B1ADB00D3181B5C1C007E
:10F68000A0217318DB191B785A1E29235B18DB197C
:10F69000187806491300DB009B1ADB00CB181B5CB3
:10F6A000013B2919044A9B0099500EE07412002076
:10F6B000B8140020361400203C1400200000012063
:10F6C0006CEE0208D14A12231370D04B1B78122B18
:10F6D00000D1AEE31C23A0229B18DB191B78591E16
:10F6E00029239B18DB191B78981CC023FB181C6866
:10F6F000C74A0B00DB005B1ADB00D3181B5C2370CE
:10F7000097E31C24A0216318DB191B785A1E2923B8
:10F710005B18DB191878BE491300DB009B1ADB006D
:10F72000CB181B5C013BBB4A9B009A580F2313402C
:10F730003DD1012016F088FA0300C0203D182B604F
:10F740003B181B68002B2FD03B181B68E0221206C9
:10F75000944663441D042600A022A318DB191B78DD
:10F76000591E29239B18DB191B78581CA84A0B002B
:10F77000DB005B1ADB00D3181B5C1C00A021731894
:10F78000DB191B785A1E29235B18DB191878A0494E
:10F790001300DB009B1ADB00CB181B5C013B291913
:10F7A0009C4A9B00995002E0984A12231370974B91
:10F7B0001B78122B00D13EE31C23A0229B18DB19DF
:10F7C0001B78591E29239B18DB191B78981C904A1B
:10F7D0000B00DB005B1ADB00D3181B5CC022BA18DD
:10F7E00012685BB2137026E31C24A0216318DB1996
:10F7F0001B785A1E29235B18DB19187884491300DB
:10F80000DB009B1ADB00CB181B5C013B814A9B0091
:10F810009A580F2313403DD1022016F015FA030029
:10F82000C0203D182B603B181B68002B2FD03B18C5
:10F830001B68E0221206944663441D042600A022A1
:10F84000A318DB191B78591E29239B18DB191B7879
:10F85000581C6F4A0B00DB005B1ADB00D3181B5CE3
:10F860001C00A0217318DB191B785A1E29235B1872
:10F87000DB19187866491300DB009B1ADB00CB18F4
:10F880001B5C013B2919634A9B00995002E05F4AC7
:10F89000122313705D4B1B78122B00D1CDE21C2577
:10F8A000A022AB18DB191B78591E2926B318DB19C7
:10F8B0001B78981C564A0B00DB005B1ADB00D31840
:10F8C0001B5C9CB2A022AB18DB191B78591EB31825
:10F8D000DB191B78D81C4E4A0B00DB005B1ADB00DF
:10F8E000D3181B5C9BB21B029BB2C022BA181268D1
:10F8F000E3189BB21380A0E21C24A0216318DB193B
:10F900001B785A1E29235B18DB191878404913000D
:10F91000DB009B1ADB00CB181B5C013B3D4A9B00C4
:10F920009A580F2313403DD1022016F08DF90300A1
:10F93000C0203D182B603B181B68002B2FD03B18B4
:10F940001B68E0221206944663441D042600A02290
:10F95000A318DB191B78591E29239B18DB191B7868
:10F96000581C2B4A0B00DB005B1ADB00D3181B5C16
:10F970001C00A0217318DB191B785A1E29235B1861
:10F98000DB19187822491300DB009B1ADB00CB1827
:10F990001B5C013B29191F4A9B00995002E01B4A3E
:10F9A00012231370194B1B78122B00D147E21C2530
:10F9B000A022AB18DB191B78591E2926B318DB19B6
:10F9C0001B78981C124A0B00DB005B1ADB00D31873
:10F9D0001B5C9CB2A022AB18DB191B78591EB31814
:10F9E000DB191B78D81C0A4A0B00DB005B1ADB0012
:10F9F000D3181B5C9BB21B029BB2E3189BB2C022C4
:10FA0000BA1812681BB2138019E2C04636140020DF
:10FA1000741200203C1400201C24A0216318DB1960
:10FA20001B785A1E29235B18DB191878CD4913005F
:10FA3000DB009B1ADB00CB181B5C013BCA4A9B0016
:10FA40009A580F2313403DD1042016F0FDF803000F
:10FA5000C0203D182B603B181B68002B2FD03B1893
:10FA60001B68E0221206944663441D042600A0226F
:10FA7000A318DB191B78591E29239B18DB191B7847
:10FA8000581CB84A0B00DB005B1ADB00D3181B5C68
:10FA90001C00A0217318DB191B785A1E29235B1840
:10FAA000DB191878AF491300DB009B1ADB00CB1879
:10FAB0001B5C013B2919AC4A9B00995002E0AB4A00
:10FAC00012231370A94B1B78122B00D1B9E11C250E
:10FAD000A022AB18DB191B78591E2926B318DB1995
:10FAE0001B78981C9F4A0B00DB005B1ADB00D318C5
:10FAF0001B5C1C00A022AB18DB191B78591EB31825
:10FB0000DB191B78D81C974A0B00DB005B1ADB0063
:10FB1000D3181B5C1B02E418A022AB18DB191B785E
:10FB2000591EB318DB191B78181D8E4A0B00DB0019
:10FB30005B1ADB00D3181B5C1B04E418A022AB1873
:10FB4000DB191B78591EB318DB191B78581D854A21
:10FB50000B00DB005B1ADB00D3181B5C1B06C0220A
:10FB6000BA181268E31813606BE11C24A021631813
:10FB7000DB191B785A1E29235B18DB191878794981
:10FB80001300DB009B1ADB00CB181B5C013B764AA1
:10FB90009B009A580F2313403DD1042016F054F8CF
:10FBA0000300C0203D182B603B181B68002B2FD092
:10FBB0003B181B68E0221206944663441D0426008D
:10FBC000A022A318DB191B78591E29239B18DB19C7
:10FBD0001B78581C634A0B00DB005B1ADB00D31850
:10FBE0001B5C1C00A0217318DB191B785A1E2923EB
:10FBF0005B18DB1918785B491300DB009B1ADB00EC
:10FC0000CB181B5C013B2919574A9B00995002E015
:10FC1000564A12231370554B1B78122B00D112E158
:10FC20001C25A022AB18DB191B78591E2926B318F6
:10FC3000DB191B78981C4B4A0B00DB005B1ADB00BE
:10FC4000D3181B5C1C00A022AB18DB191B78591EB3
:10FC5000B318DB191B78D81C424A0B00DB005B1A77
:10FC6000DB00D3181B5C1B02E418A022AB18DB19C5
:10FC70001B78591EB318DB191B78181D394A0B0065
:10FC8000DB005B1ADB00D3181B5C1B04E418A0220A
:10FC9000AB18DB191B78591EB318DB191B78581DDC
:10FCA000304A0B00DB005B1ADB00D3181B5C1B0621
:10FCB000C022BA181268E3181360C4E01C24A02103
:10FCC0006318DB191B785A1E29235B18DB19187877
:10FCD00024491300DB009B1ADB00CB181B5C013BA3
:10FCE000214A9B009A580F23134044D1042015F059
:10FCF000ABFF0300C0203D182B603B181B68002B96
:10FD000036D03B181B68E0221206944663441D045B
:10FD10002600A022A318DB191B78591E29239B1843
:10FD2000DB191B78581C0F4A0B00DB005B1ADB0049
:10FD3000D3181B5C1C00A0217318DB191B785A1EFA
:10FD400029235B18DB19187806491300DB009B1A7E
:10FD5000DB00CB181B5C013B2919034A9B0099501F
:10FD600009E0C046741200203C1400203614002024
:10FD7000EC4A12231370EB4B1B78122B65D01C2519
:10FD8000A022AB18DB191B78591E2926B318DB19E2
:10FD90001B78981CE44A0B00DB005B1ADB00D318CD
:10FDA0001B5C1C00A022AB18DB191B78591EB31872
:10FDB000DB191B78D81CDC4A0B00DB005B1ADB006C
:10FDC000D3181B5C1B02E418A022AB18DB191B78AC
:10FDD000591EB318DB191B78181DD34A0B00DB0022
:10FDE0005B1ADB00D3181B5C1B04E418A022AB18C1
:10FDF000DB191B78591EB318DB191B78581DCA4A2A
:10FE00000B00DB005B1ADB00D3181B5C1B06E3183E
:10FE1000BB620023FB62C54BB96AFA6A19605A607B
:10FE2000C24BC022BA1812681B6813600DE0C046AE
:10FE30000CE0C0460AE0C04608E0C04606E0C04606
:10FE400004E0C04602E0C04600E0C0461C26A021F7
:10FE50007318DB191B785A1E29256B18DB191878C3
:10FE6000B1491300DB009B1ADB00CB181B5C013B84
:10FE7000AF4A9B009A580F231A401400A022B318CF
:10FE8000DB191B78591EAB18DB191B78581CA64AC6
:10FE90000B00DB005B1ADB00D3181B5C9C4201D11A
:10FEA00000F0CEFBA0217318DB191B785A1E2C0022
:10FEB0006B18DB1918789C491300DB009B1ADB00D8
:10FEC000CB181B5C013B9A4A9B009D58A022B3189B
:10FED000DB191B78591EA318DB191B78581C924A92
:10FEE0000B00DB005B1ADB00D3181B5C914A9446C5
:10FEF00063441C00A0217318DB191B785A1E2923A8
:10FF00005B18DB19187888491300DB009B1ADB00AB
:10FF1000CB181B5C013B21002940854A9B0099506E
:10FF2000804A142313708BE37E4A1323137087E3F4
:10FF30001C25A022AB18DB191B78591E2926B318E3
:10FF4000DB191B78981C784A0B00DB005B1ADB007E
:10FF5000D3181B5C1C06A022AB18DB191B78591E9A
:10FF6000B318DB191B78D81C6F4A0B00DB005B1A37
:10FF7000DB00D3181B5C1B04E418A022AB18DB19B0
:10FF80001B78591EB318DB191B78181D664A0B0025
:10FF9000DB005B1ADB00D3181B5C1B02E418A022F9
:10FFA000AB18DB191B78591EB318DB191B78581DC9
:10FFB0005D4A0B00DB005B1ADB00D3181B5CE31807
:10FFC000C021781803607B181A6880239B059A4229
:10FFD00000D2B1E17B181A68574B9A4200D9ABE1C5
:10FFE000A022AB18DB191B78591EB318DB191B783C
:10FFF000581C4D4A0B00DB005B1ADB00D3181B5C5E
:020000040801F1
:10000000082B00D996E19A004C4BD3181B689F46E9
:100010001C23A0229B18DB191B78591E29239B182F
:10002000DB191B78981DC023FB181C683E4A0B0087
:10003000DB005B1ADB00D3181B5C23707BE11C2305
:10004000A0229B18DB191B78591E29239B18DB194A
:100050001B78981D344A0B00DB005B1ADB00D318B9
:100060001B5CC022BA1812685BB2137063E11C25D6
:10007000A022AB18DB191B78591E2926B318DB19EF
:100080001B78981D284A0B00DB005B1ADB00D31895
:100090001B5C9CB2A022AB18DB191B78591EB3184D
:1000A000DB191B78D81D204A0B00DB005B1ADB0034
:1000B000D3181B5C9BB21B029BB2C022BA181268F9
:1000C000E3189BB2138036E11C25A022AB18DB1984
:1000D0001B78591E2926B318DB191B78981D124A64
:1000E0000B00DB005B1ADB00D3181B5C9CB2A02268
:1000F000AB18DB191B78591EB318DB191B78D81DF8
:10010000094A0B00DB005B1ADB00D3181B5C9BB2B7
:100110001B029BB2E3189BB2C022BA1812681BB232
:10012000138008E13614002074120020B814002057
:100130003C140020F0FF0000FF7F002090EE02083A
:100140001C25A022AB18DB191B78591E2926B318D1
:10015000DB191B78981DCB4A0B00DB005B1ADB0018
:10016000D3181B5C1C00A022AB18DB191B78591E8E
:10017000B318DB191B78D81DC24A0B00DB005B1AD1
:10018000DB00D3181B5C1B02E418A022AB18DB19A0
:100190001B78591EB318DB191B7808331800B94AAD
:1001A0000B00DB005B1ADB00D3181B5C1B04E4189C
:1001B000A022AB18DB191B78591EB318DB191B786A
:1001C00009331800AF4A0B00DB005B1ADB00D318C1
:1001D0001B5C1B06C022BA181268E3181360AAE061
:1001E0001C25A022AB18DB191B78591E2926B31831
:1001F000DB191B78981DA34A0B00DB005B1ADB00A0
:10020000D3181B5C1C00A022AB18DB191B78591EED
:10021000B318DB191B78D81D9A4A0B00DB005B1A58
:10022000DB00D3181B5C1B02E418A022AB18DB19FF
:100230001B78591EB318DB191B7808331800914A34
:100240000B00DB005B1ADB00D3181B5C1B04E418FB
:10025000A022AB18DB191B78591EB318DB191B78C9
:1002600009331800874A0B00DB005B1ADB00D31848
:100270001B5C1B06C022BA181268E31813605AE010
:100280001C25A022AB18DB191B78591E2926B31890
:10029000DB191B78981D7B4A0B00DB005B1ADB0027
:1002A000D3181B5C1C00A022AB18DB191B78591E4D
:1002B000B318DB191B78D81D724A0B00DB005B1AE0
:1002C000DB00D3181B5C1B02E418A022AB18DB195F
:1002D0001B78591EB318DB191B7808331800694ABC
:1002E0000B00DB005B1ADB00D3181B5C1B04E4185B
:1002F000A022AB18DB191B78591EB318DB191B7829
:10030000093318005F4A0B00DB005B1ADB00D318CF
:100310001B5C1B06E3183B6200237B625A4B396A65
:100320007A6A19605A60584BC022BA1812681B6862
:10033000136000E0C04683E1C0243B191A688023A3
:100340001B059A4200D278E13B191A684F4B9A423A
:1003500000D972E10CF0B2FB2623A0229B18DB1916
:100360001B88222B04D13B191B68180003F08EFD5B
:10037000474B1B78002B00D052E11C23A0229B1876
:10038000DB191B78591E29239B18DB191B78581C75
:100390003C4A0B00DB005B1ADB00D3181B5C082B0C
:1003A00000D93CE19A003B4BD3181B689F46C02301
:1003B000FB181B681B889AB2374B9A4203D0344A09
:1003C000162313702CE11C23A0229B18DB191B7829
:1003D000591E29239B18DB191B78981D294A0B00ED
:1003E000DB005B1ADB00D3181B5CBB610023FB61E5
:1003F000254BB969FA6919605A6011E1C023FB18ED
:100400001B681B889AB2244B9A4203D0204A1623B9
:10041000137005E11C25A022AB18DB191B78591EAF
:100420002926B318DB191B78981D164A0B00DB0030
:100430005B1ADB00D3181B5C1C00A022AB18DB1975
:100440001B78591EB318DB191B78D81D0D4A0B00F9
:10045000DB005B1ADB00D3181B5C1B02E3183B615B
:10046000DB177B61084B39697A6919605A60D7E0FC
:10047000C023FB181B681B6801330FD0044A1623E6
:100480001370CDE074120020B8140020FFFF0108A3
:1004900036140020B4EE0208FFFF00001C25A02245
:1004A000AB18DB191B78591E2926B318DB191B78EA
:1004B000981DA04A0B00DB005B1ADB00D3181B5C05
:1004C0001C00A022AB18DB191B78591EB318DB19CE
:1004D0001B78D81D974A0B00DB005B1ADB00D31892
:1004E0001B5C1B02E418A022AB18DB191B78591EF9
:1004F000B318DB191B78083318008E4A0B00DB0099
:100500005B1ADB00D3181B5C1B04E418A022AB1899
:10051000DB191B78591EB318DB191B780933180037
:10052000844A0B00DB005B1ADB00D3181B5C1B0644
:10053000E318BB600023FB607F4BB968FA68196061
:100540005A606DE0C023FB181B681B68013303D0A1
:100550007A4A1623137063E01C25A022AB18DB191E
:100560001B78591E2926B318DB191B78981D714A70
:100570000B00DB005B1ADB00D3181B5C1C00A02205
:10058000AB18DB191B78591EB318DB191B78D81D63
:10059000684A0B00DB005B1ADB00D3181B5C1B02F4
:1005A000E418A022AB18DB191B78591EB318DB190D
:1005B0001B78083318005F4A0B00DB005B1ADB0076
:1005C000D3181B5C1B04E418A022AB18DB191B78A2
:1005D000591E1500B318DB191B7809331800554A4A
:1005E0000B00DB005B1ADB00D3181B5C1B06E31857
:1005F0003B6000237B60504B39687A6819605A6011
:100600004D4B1A685B682E214919CC19C021791805
:10061000096801200CF004FA0300237000E0C046D2
:100620000CF070FA2E23A0229B18DB191B78002BEC
:1006300006D0424A1623137002E0404A1523137075
:100640003F4B1B78602B05D03D4B1B78202B01D0F6
:1006500001F0F6F9394B1B783A4A13702D23A0228A
:100660009B18DB191B78012221211800FAF77CFE68
:1006700001F0E6F91C23A0215B18DB191B785A1E38
:1006800029235B18DB1918782A491300DB009B1A11
:10069000DB00CB181B5C294A137001F0D8F91C242D
:1006A000A026A319DB191B785A1E2925AB19DB19C3
:1006B000187820491300DB009B1ADB00CB18185C6C
:1006C000A319DB191B785A1E3400AB19DB191B78F0
:1006D000591C1300DB009B1ADB005A18154BD1186C
:1006E0001A231B19DB191B789BB2013B9AB20A2310
:1006F00000930A2306F0EEFE01F0A9F91C23A021C5
:100700005B18DB191B785A1E29235B18DB19187834
:1007100008491300DB009B1ADB00CB181B5C022B83
:1007200000D1DBE100DD24E2002B0DD0012B00D154
:10073000EDE01EE274120020B814002036140020F0
:1007400048110020041400201C25A022AB18DB193E
:100750001B78591E2926B318DB191B78581CDD4A53
:100760000B00DB005B1ADB00D3181B5C1C00A02213
:10077000AB18DB191B78591EB318DB191B78981CB2
:10078000D44A0B00DB005B1ADB00D3181B5C1B0296
:10079000E418A022AB18DB191B78591EB318DB191B
:1007A0001B78D81CCB4A0B00DB005B1ADB00D3188C
:1007B0001B5C1B04E418A022AB18DB191B78591E24
:1007C000B318DB191B78181DC24A0B00DB005B1A3B
:1007D000DB00D3181B5C1B06E218BF4B1A60A0227B
:1007E000AB18DB191B78591EB318DB191B78581D81
:1007F000B84A0B00DB005B1ADB00D3181B5C1C0043
:10080000A022AB18DB191B78591EB318DB191B7813
:10081000981DB04A0B00DB005B1ADB00D3181B5C91
:100820001B02E418A022AB18DB191B78591EB31861
:10083000DB191B78D81DA74A0B00DB005B1ADB0015
:10084000D3181B5C1B04E418A022AB18DB191B781F
:10085000591EB318DB191B78083318009D4A0B008A
:10086000DB005B1ADB00D3181B5C1B06E2189A4BFB
:100870005A60A022AB18DB191B78591EB318DB197C
:100880001B7809331800934A0B00DB005B1ADB006E
:10089000D3181B5C1C00A022AB18DB191B78591E57
:1008A000B318DB191B780A3318008A4A0B00DB00E7
:1008B0005B1ADB00D3181B5C1B02E418A022AB18E8
:1008C000DB191B78591EB318DB191B780B33180082
:1008D000804A0B00DB005B1ADB00D3181B5C1B0497
:1008E000E418A022AB18DB191B78591EB318DB19CA
:1008F0001B780C331800774A0B00DB005B1ADB0017
:10090000D3181B5C1B06E218734B9A6031E11C255F
:10091000A022AB18DB191B78591E2926B318DB1946
:100920001B78581C6B4A0B00DB005B1ADB00D318EA
:100930001B5C1C00A022AB18DB191B78591EB318D6
:10094000DB191B78981C634A0B00DB005B1ADB0089
:10095000D3181B5C1B02E418A022AB18DB191B7810
:10096000591EB318DB191B78D81C5A4A0B00DB0040
:100970005B1ADB00D3181B5C1B04E418A022AB1825
:10098000DB191B78591EB318DB191B78181D514A47
:100990000B00DB005B1ADB00D3181B5C1B06E218A4
:1009A0004D4BDA60A022AB18DB191B78591EB31827
:1009B000DB191B78581D474A0B00DB005B1ADB0074
:1009C000D3181B5C1C00A022AB18DB191B78591E26
:1009D000B318DB191B78981D3E4A0B00DB005B1A2D
:1009E000DB00D3181B5C1B02E418A022AB18DB1938
:1009F0001B78591EB318DB191B78D81D354A0B001C
:100A0000DB005B1ADB00D3181B5C1B04E418A0227C
:100A1000AB18DB191B78591EB318DB191B78083388
:100A200018002C4A0B00DB005B1ADB00D3181B5CA0
:100A30001B06E218284B1A61A022AB18DB191B78A1
:100A4000591EB318DB191B7809331800214A0B0013
:100A5000DB005B1ADB00D3181B5C1C00A022AB1868
:100A6000DB191B78591EB318DB191B780A331800E1
:100A7000184A0B00DB005B1ADB00D3181B5C1B025F
:100A8000E418A022AB18DB191B78591EB318DB1928
:100A90001B780B3318000F4A0B00DB005B1ADB00DE
:100AA000D3181B5C1B04E418A022AB18DB191B78BD
:100AB000591EB318DB191B780C331800054A0B00BC
:100AC000DB005B1ADB00D3181B5C1B06E218024B31
:100AD0005A614EE0741200200C2000201C25A02238
:100AE000AB18DB191B78591E2926B318DB191B78A4
:100AF000581CEF4A0B00DB005B1ADB00D3181B5CB1
:100B00001C00A022AB18DB191B78591EB318DB1987
:100B10001B78981CE64A0B00DB005B1ADB00D3183D
:100B20001B5C1B02E418A022AB18DB191B78591EB2
:100B3000B318DB191B78D81CDD4A0B00DB005B1AED
:100B4000DB00D3181B5C1B04E418A022AB18DB19D4
:100B50001B78591EB318DB191B78181DD44A0B00DB
:100B6000DB005B1ADB00D3181B5C1B06E218D14BC1
:100B70009A611C24A026A319DB191B785A1E29256B
:100B8000AB19DB191878CA491300DB009B1ADB008C
:100B9000CB181B5C9BB2C84A1380A319DB191B78C6
:100BA000591EAB19DB191B78581CC14A0B00DB001E
:100BB0005B1ADB00D3181B5C9BB2C04A1380BF4B8F
:100BC0001B88002B10D1BC4B1B88DAB2BC4B190020
:100BD000100004F01BFFB84B1B88D8B2B94AB84BC1
:100BE000190004F069FF13E0B44B1B88012B0FD1EF
:100BF000B14B1B88DAB2B44B1900100004F006FFA9
:100C0000AD4B1B88D8B2AF4AAF4B190004F054FF6C
:100C1000AE4AAF4B1100180004F0D4FF1C25A026EB
:100C2000AB19DB191B785A1E2924A319DB19187874
:100C30009F491300DB009B1ADB00CB181B5C9BB2A7
:100C40009D4A13809C4B1B88DAB2A24B19001000FE
:100C500005F0B0F83200AB18DB191B78591E2600DE
:100C6000B318DB191B78581D914A0B00DB005B1A87
:100C7000DB00D3181B5C1C00A022AB18DB191B780F
:100C8000591EB318DB191B78981D894A0B00DB002D
:100C90005B1ADB00D3181B5C1B02E418A022AB1804
:100CA000DB191B78591EB318DB191B78D81D804A35
:100CB0000B00DB005B1ADB00D3181B5C1B04E41881
:100CC000A022AB18DB191B78591EB318DB191B784F
:100CD00008331800764A0B00DB005B1ADB00D318E0
:100CE0001B5C1B06E218734BDA61A022AB18DB1900
:100CF0001B78591EB318DB191B78093318006C4A8E
:100D00000B00DB005B1ADB00D3181B5C1C00A0226D
:100D1000AB18DB191B78591EB318DB191B780A3383
:100D20001800634A0B00DB005B1ADB00D3181B5C66
:100D30001B02E418A022AB18DB191B78591EB3184C
:100D4000DB191B780B331800594A0B00DB005B1AC8
:100D5000DB00D3181B5C1B04E418A022AB18DB19C2
:100D60001B78591EB318DB191B780C331800504A36
:100D70000B00DB005B1ADB00D3181B5C1B06E218C0
:100D80004C4B1A6200F063FE534A0123137000F0CB
:100D90005EFE524A0123137000F059FE504A0123AF
:100DA00013701C23A0215B18DB191B785A1E292302
:100DB0005B18DB1918783E491300DB009B1ADB0037
:100DC000CB181B5C082B01D900F08FFD9A00454B16
:100DD000D3181B689F461C23A0241B19DB191B7802
:100DE000591E29231B19DB191B78581C304A0B008C
:100DF000DB005B1ADB00D3181B5C002B09D12F230F
:100E00001B19DA1900231370374A1023137000F0EE
:100E10006DFD2F23A0229B18DA19FF23137000F019
:100E200065FD1C24A026A319DB191B78591E292552
:100E3000AB19DB191B78581C1D4A0B00DB005B1A31
:100E4000DB00D3181B5C002B29D12F239B19DA1947
:100E500000231370A319DB191B78591EAB19DB197A
:100E60001B78981C124A0B00DB005B1ADB00D318BE
:100E70001B5C1E4A1370A319DB191B78591EAB1992
:100E8000DB191B78D81C0A4A0B00DB005B1ADB005D
:100E9000D3181B5C1A00164B1A6000F027FD2F2395
:100EA000A0229B18DA19FF23137000F01FFDC04623
:100EB000741200200C200020981F00209A1F002090
:100EC000E8EC0208A81F0020ECEC02089C1F0020A0
:100ED000A01F0020A41F00206D1100206E11002013
:100EE000E41E0020D8EE020836140020E51E002083
:100EF000E81E00201C24A026A319DB191B78591E0C
:100F00002925AB19DB191B78581CD04A0B00DB00D4
:100F10005B1ADB00D3181B5C002B4DD12F239B19D0
:100F2000DA1900231370A319DB191B78591EAB19AA
:100F3000DB191B78981CC54A0B00DB005B1ADB0031
:100F4000D3181B5CC24A1370A319DB191B78591EF6
:100F5000AB19DB191B78D81CBC4A0B00DB005B1AF1
:100F6000DB00D3181B5C1A00BA4B1A60A319DB19FB
:100F70001B78591EAB19DB191B78181DB34A0B00DF
:100F8000DB005B1ADB00D3181B5C1A00B14B5A6004
:100F9000A319DB191B78591EAB19DB191B78581DD7
:100FA000AA4A0B00DB005B1ADB00D3181B5C1A009B
:100FB000A84B9A6000F09AFC2F23A0229B18DA1904
:100FC000FF23137000F092FC1C24A026A319DB1948
:100FD0001B78591E2925AB19DB191B78581C9B4A15
:100FE0000B00DB005B1ADB00D3181B5C002B29D144
:100FF0002F239B19DA1900231370A319DB191B780F
:10100000591EAB19DB191B78981C904A0B00DB00AA
:101010005B1ADB00D3181B5C8D4A1370A319DB1914
:101020001B78591EAB19DB191B78D81C874A0B009B
:10103000DB005B1ADB00D3181B5C1A00854B1A60BF
:1010400000F054FC2F23A0229B18DA19FF23137001
:1010500000F04CFC1C25A0242B19DB191B78591E11
:1010600029263319DB191B78581C784A0B00DB0042
:101070005B1ADB00D3181B5C002B00D085E02F230C
:101080001B19DA19002313702B19DB191B78591E51
:101090003319DB191B78981C6C4A0B00DB005B1AB8
:1010A000DB00D3181B5C6A4A13702B19DB191B7801
:1010B000591E3319DB191B78D81C644A0B00DB005E
:1010C0005B1ADB00D3181B5C1C00A022AB18DB19D9
:1010D0001B78591EB318DB191B78181D5B4A0B00CF
:1010E000DB005B1ADB00D3181B5C1B02E218594BB8
:1010F0001A60A022AB18DB191B78591EB318DB1934
:101100001B78581D514A0B00DB005B1ADB00D3181B
:101110001B5C1C00A022AB18DB191B78591EB318EE
:10112000DB191B78981D494A0B00DB005B1ADB00BA
:10113000D3181B5C1B02E218464B5A60A022AB1866
:10114000DB191B78591EB318DB191B78D81D3F4AD1
:101150000B00DB005B1ADB00D3181B5C1C00A02219
:10116000AB18DB191B78591EB318DB191B78083331
:101170001800364A0B00DB005B1ADB00D3181B5C3F
:101180001B02E218334B9A60B0E32F23A0229B1876
:10119000DA19FF231370A9E31C24A026A319DB1975
:1011A0001B78591E2925AB19DB191B78581C274AB7
:1011B0000B00DB005B1ADB00D3181B5C002B3ED15D
:1011C0002F239B19DA19002313703200A319DB199E
:1011D0001B78591E2E00B318DB191B78981C1B4A6C
:1011E0000B00DB005B1ADB00D3181B5C184A137082
:1011F0002500A022A318DB191B78591EB318DB1990
:101200001B78D81C114A0B00DB005B1ADB00D318DB
:101210001B5C1C00A022AB18DB191B78591EB318ED
:10122000DB191B78181D094A0B00DB005B1ADB0079
:10123000D3181B5C1B02E218064B1A6056E32F23DF
:10124000A0229B18DA19FF2313704FE374120020B9
:10125000E51E0020E81E00201C25A0242B19DB1908
:101260001B78591E29263319DB191B78581CE94AAB
:101270000B00DB005B1ADB00D3181B5C002B5ED17C
:101280002F231B19DA19002313702B19DB191B7874
:10129000591E3319DB191B78981CDE4A0B00DB0042
:1012A0005B1ADB00D3181B5CDB4A13702B19DB19AC
:1012B0001B78591E3319DB191B78D81CD54A0B0033
:1012C000DB005B1ADB00D3181B5C1C00A022AB18F0
:1012D000DB191B78591EB318DB191B78181DCD4A72
:1012E0000B00DB005B1ADB00D3181B5C1B02E4184D
:1012F000A022AB18DB191B78591EB318DB191B7819
:10130000581DC44A0B00DB005B1ADB00D3181B5CC2
:101310001B04E418A022AB18DB191B78591EB31864
:10132000DB191B78981DBB4A0B00DB005B1ADB0046
:10133000D3181B5C1B06E218B84B1A60D6E22F23A9
:10134000A0229B18DA19FF231370CFE21C25A024DA
:101350002B19DB191B78591E29263319DB191B7829
:10136000581CAC4A0B00DB005B1ADB00D3181B5C7B
:10137000002B00D047E12F231B19DA19002313702B
:101380002B19DB191B78591E3319DB191B78981C94
:10139000A04A0B00DB005B1ADB00D3181B5C9E4AE3
:1013A00013702B19DB191B78591E3319DB191B78A5
:1013B000D81C984A0B00DB005B1ADB00D3181B5CBF
:1013C0001C00A022AB18DB191B78591EB318DB19BF
:1013D0001B78181D8F4A0B00DB005B1ADB00D3184B
:1013E0001B5C1B02E418A022AB18DB191B78591EEA
:1013F000B318DB191B78581D864A0B00DB005B1AFB
:10140000DB00D3181B5C1B04E418A022AB18DB190B
:101410001B78591EB318DB191B78981D7D4A0B00E9
:10142000DB005B1ADB00D3181B5C1B06E2187B4B4E
:101430001A60A022AB18DB191B78591EB318DB19F0
:101440001B78D81D734A0B00DB005B1ADB00D31836
:101450001B5C1C00A022AB18DB191B78591EB318AB
:10146000DB191B78083318006A4A0B00DB005B1A93
:10147000DB00D3181B5C1B021C43A022AB18DB193A
:101480001B78591EB318DB191B7809331800614A01
:101490000B00DB005B1ADB00D3181B5C1B041C4336
:1014A000A022AB18DB191B78591EB318DB191B7867
:1014B0000A331800574A0B00DB005B1ADB00D31815
:1014C0001B5C1B0622001A43544B5A60A022AB1827
:1014D000DB191B78591EB318DB191B780B33180066
:1014E0004C4A0B00DB005B1ADB00D3181B5C1C00B2
:1014F000A022AB18DB191B78591EB318DB191B7817
:101500000C331800434A0B00DB005B1ADB00D318D6
:101510001B5C1B021C43A022AB18DB191B78591E55
:10152000B318DB191B780D3318003A4A0B00DB00A7
:101530005B1ADB00D3181B5C1B041C43A022AB18F6
:10154000DB191B78591EB318DB191B780E331800F2
:10155000304A0B00DB005B1ADB00D3181B5C1B0658
:1015600022001A432D4B9A60A022AB18DB191B787E
:10157000591EB318DB191B780F331800254A0B00CE
:10158000DB005B1ADB00D3181B5C1C00A022AB182D
:10159000DB191B78591EB318DB191B7810331800A0
:1015A0001C4A0B00DB005B1ADB00D3181B5C1B0220
:1015B0001C43A022AB18DB191B78591EB318DB198A
:1015C0001B7811331800134A0B00DB005B1ADB0099
:1015D000D3181B5C1B041C43A022AB18DB191B781F
:1015E000591EB318DB191B7812331800094A0B0077
:1015F000DB005B1ADB00D3181B5C1B0622001A43BE
:10160000064BDA6072E12F23A0229B18DA19FF2320
:1016100013706BE174120020E51E0020E81E00200C
:101620001C25A0242B19DB191B78591E29263319D8
:10163000DB191B78581CF64A0B00DB005B1ADB0039
:10164000D3181B5C002B00D048E12F231B19DA199B
:10165000002313702B19DB191B78591E3319DB1962
:101660001B78981CEA4A0B00DB005B1ADB00D318DE
:101670001B5CE84A13702B19DB191B78591E3319B0
:10168000DB191B78D81CE24A0B00DB005B1ADB007D
:10169000D3181B5C1C00A022AB18DB191B78591E49
:1016A000B318DB191B78181DD94A0B00DB005B1A35
:1016B000DB00D3181B5C1B021C43A022AB18DB19F8
:1016C0001B78591EB318DB191B78581DD04A0B0024
:1016D000DB005B1ADB00D3181B5C1B041C43A0223D
:1016E000AB18DB191B78591EB318DB191B78981D32
:1016F000C74A0B00DB005B1ADB00D3181B5C1B0620
:1017000022001A43C44B1A60A022AB18DB191B78C5
:10171000591EB318DB191B78D81DBD4A0B00DB001E
:101720005B1ADB00D3181B5C1C00A022AB18DB1972
:101730001B78591EB318DB191B7808331800B44AFC
:101740000B00DB005B1ADB00D3181B5C1B021C4385
:10175000A022AB18DB191B78591EB318DB191B78B4
:1017600009331800AA4A0B00DB005B1ADB00D31810
:101770001B5C1B041C43A022AB18DB191B78591EF1
:10178000B318DB191B780A331800A14A0B00DB00E1
:101790005B1ADB00D3181B5C1B0622001A439E4B0E
:1017A0005A60A022AB18DB191B78591EB318DB193D
:1017B0001B780B331800964A0B00DB005B1ADB002A
:1017C000D3181B5C1C00A022AB18DB191B78591E18
:1017D000B318DB191B780C3318008D4A0B00DB00A3
:1017E0005B1ADB00D3181B5C1B021C43A022AB1846
:1017F000DB191B78591EB318DB191B780D33180041
:10180000834A0B00DB005B1ADB00D3181B5C1B0454
:101810001C43A022AB18DB191B78591EB318DB1927
:101820001B780E3318007A4A0B00DB005B1ADB00D2
:10183000D3181B5C1B0622001A43774B9A60A02228
:10184000AB18DB191B78591EB318DB191B780F3343
:1018500018006F4A0B00DB005B1ADB00D3181B5C1F
:101860001C00A022AB18DB191B78591EB318DB191A
:101870001B7810331800664A0B00DB005B1ADB0094
:10188000D3181B5C1B021C43A022AB18DB191B786E
:10189000591EB318DB191B78113318005C4A0B0072
:1018A000DB005B1ADB00D3181B5C1B041C43A0226B
:1018B000AB18DB191B78591EB318DB191B781233D0
:1018C0001800534A0B00DB005B1ADB00D3181B5CCB
:1018D0001B0622001A43504BDA6007E02F23A02298
:1018E0009B18DA19FF23137000E0C046AFE01C23F9
:1018F000A0241B19DB191B785A1E29231B19DB197D
:10190000187843491300DB009B1ADB00CB181B5CE3
:10191000424A1370414B1B781800F4F7B9F90300E1
:101920001A002F210B19DB191B78934200D189E093
:101930000B19DA19FF23137084E01C23A0241B1950
:10194000DB191B785A1E29231B19DB19187830491B
:101950001300DB009B1ADB00CB181B5C304A1370B2
:101960002F4B1B781800F4F7EFF903001A002F2112
:101970000B19DB191B78934266D00B19DA19FF2378
:10198000137061E02F26A0203318DD191B231B18CC
:10199000DB191C782D221318DB191B789C461C219F
:1019A00002000B18DB19197826208318DB19188818
:1019B00029239B18DB191B7800932300624600F053
:1019C0009FF803002B70A022B318DB191B78012BA2
:1019D0003CD1B318DD191B2316009B19DB191C78A9
:1019E0002D229319DB191A781C218B19DB19197810
:1019F00026208319DB19188829239B19DB191B78EA
:101A00000093230000F0CEFC03002B701EE0C046C4
:101A100074120020E51E0020E81E0020C01F0020D8
:101A2000C11F0020C04612E0C04610E0C0460EE0D4
:101A3000C0460CE0C0460AE0C04608E0C04606E0EA
:101A4000C04604E0C04602E0C04600E0C0462F2485
:101A5000A0256319DB191B78012B0CD12D235B19F1
:101A6000DB191B78002200211800F9F77DFC6319AF
:101A7000DA19002313701C21A0254B19DB191B78E0
:101A8000013B1A00D200D21AD3001A00194BD01809
:101A90000C004B19DB191B785A1E174B9B5C1A0064
:101AA000002115F00CFD6319DB191B78591E124A31
:101AB000002353546319DB191A78104B9B5C022BDB
:101AC00013D06319DB191A780C4B9B5C032B0CD0D9
:101AD0006319DB191A78094B9B5C042B05D0631939
:101AE000DB191978054A0023535406F021FBFAF755
:101AF000CCFDC04674120020FC13002070110020A1
:101B0000B0B584B000AF05000C0010001900BB1D7B
:101B10002A1C1A807B1D221C1A703B1D021C1A7085
:101B2000FB1C0A1C1A700F217B1801221A707B18EB
:101B30001B781800BD4604B0B0BD0000F0B5A9B0D8
:101B400000AF64243B1918003C231A00002115F053
:101B5000B6FC5426BB19180010231A00002115F0FA
:101B6000AEFC08257B1918004C231A00002115F043
:101B7000A6FC80239B0018000BF0DEFC3B19092219
:101B80001A603B19802252025A6021007B18012200
:101B90009A617B1802221A627B1803225A627B1810
:101BA00000229A627B180C22DA627B188022920251
:101BB0001A637B18802292045A637B188022920554
:101BC0009A637B1818000BF003FD31007B18072285
:101BD0001A607B1802225A607B1800229A607B18D8
:101BE0000022DA607B18022118000CF051F829005D
:101BF0007B18254A1A607B1800229A607B18802285
:101C000092001A647B18802292031A607B180022CB
:101C10009A637B1818000CF0E5F91C4BDA6B1B4B30
:101C2000802149050A43DA63184BDA6B80235B0590
:101C300013407B607B680BF0DDFB0CF0B3F9020016
:101C4000FA2399001000EEF785FA030018000AF055
:101C5000E0F904200AF0EAF90C4B1A6C0B4B012155
:101C60000A431A64094B1B6C012213403B603B681A
:101C700001235B420022002118000AF095F9C046BA
:101C8000BD4629B0F0BDC04602000200001002406F
:101C9000F0B58DB000AF1C2308215B18DB190022C2
:101CA0001A701B267318DB1900221A7026235B1882
:101CB000DB1908221A8018235B18DB1900221A800E
:101CC0007B1800221A60043311220021180015F03D
:101CD000F6FB0AF0F3FEC44B190004200BF020F8C9
:101CE0000823F218D619FA239B0018000AF026FFE1
:101CF00003003370BD4B190004200BF011F81B26B4
:101D00000823F218D619FA239B0018000AF016FFD0
:101D1000030033701B260823F318DB191B78002BF4
:101D200003D0B34B5B68DBB2B2E1B24B5A69B14B43
:101D300002218A435A61B04B1B78002B00D1B6E0D8
:101D4000AE4B1B789BB21B0299B2AB4B1B789AB27D
:101D5000182008268319DB198A181A808319DB19C1
:101D60001B889BB23B6000237B609F493A687B687D
:101D700001200AF055FE1B239B19DE19FA239B0054
:101D800018000AF0DBFE030033701B2308269B19A2
:101D9000DB191B78002B03D0954B5B68DBB277E136
:101DA000944B5A69934B01218A435A612523082297
:101DB0009B18DB1901221A7070E0242308229B185B
:101DC000DB1900221A705AE0252008268319DB1936
:101DD0001B785A1E8A491300DB009B1A5B005B5A72
:101DE000002B43D0262331005B18DB191B887E4A69
:101DF0009E184318DB191B785A1E24235B18DB1925
:101E000018787F491300DB009B1A1B185B005B5A94
:101E10001C0000231D0022002B00310001200AF0CD
:101E2000FFFD1B2308215B18DE19FA239B00180015
:101E30000AF084FE030033701B2308215B18DB19B2
:101E40001B78002B03D06A4B5B68DBB220E1694B47
:101E50005A69684B01218A435A6126220821531886
:101E6000DB195218D219128808321A80242108204E
:101E70000B18DB191A780B18DB1901321A7024239E
:101E800008201B18DB191B780A2B9DD925210B185C
:101E9000DB191A780B18DB1901321A70574B1B78B3
:101EA000252208215218D21912789A4285D94F4B0F
:101EB000BB621F2308229B18DB1900221A70D7E08F
:101EC0001F2008240319DB191A784E4913009B00C0
:101ED0009B189B005B5C002B00D1C0E03B19FE22ED
:101EE0001A700319DB191A7813009B009B189B00CA
:101EF000444A99183B1901331422180015F00BFCC1
:101F00001E231B19DB1900221A7032E0B96A1E2346
:101F100008269B19DB191B78DB00BA19D3181A683D
:101F20005B6801200AF07CFD1B25AB19DC19FA2344
:101F30009B0018000AF002FE03002370AB19DB19A6
:101F40001B78002B03D02A4B5B68DBB2A0E0294B47
:101F50005A69284B01218A435A61BB6A0833BB6224
:101F60001E2108200B18DB191A780B18DB19013217
:101F70001A701E2308229B18DB191B78042BC5D965
:101F80001D239B18DB1900221A704FE0B86A1F232B
:101F900008241B19DB191A781A4913009B009B1897
:101FA0009B00CB180C331B681D221219D219127812
:101FB00092009B181A685B68010001200AF030FD4E
:101FC0001B2526002B19DC19FA239B0018000AF0A8
:101FD000B5FD03002370AB19DB191B78002B13D060
:101FE000034B5B68DBB253E00000040800100408F8
:101FF0009097012000200240A1000020A0000020B6
:102000003802002020150020234B5A69224B012161
:102010008A435A61BB6A0833BB621D2108200B1832
:10202000DB191A780B18DB1901321A701D230822EC
:102030009B18DB191C781F239B18DB191A7817498A
:1020400013009B009B189B00CB180C331B681800D7
:10205000EEF764F8030001339B089C4296D31F21DE
:1020600008200B18DB191A780B18DB1901321A70CB
:102070000B4B1B781F2208241219D21912789A428E
:1020800000D21DE70AF03EFD1C231B19DB191B784B
:102090001800BD460DB0F0BD002002402015002004
:1020A00084150020F0B589B004AF05000C001000C5
:1020B0001900FB1D2A1C1A70BB1D221C1A707B1DE7
:1020C000021C1A703B1D0A1C1A700F257B19002276
:1020D0001A700E26BB1900221A704A4B1A787C1906
:1020E000BB1D1B7819001000F2F764FB030023707E
:1020F0003B1D1B78002B0ED0424B1B78BA1D12786B
:102100009A4208D17B193A1D12781A70BB193D4AC0
:1021100012781A701BE03B1D1B78002B17D1BB1DDA
:102120001B78013B384AD35C012B05D10E23FB18E9
:10213000344A12781A700AE0BB1D1B78013B324A00
:10214000D35C5A1E0E23FB1830498A5C1A702D4B43
:102150001B78FA1D12789A422FD105F073FD030007
:10216000BB603B1D1B78002B08D1294B1968BB1D98
:102170001A78BB68180015F023F908E0254B196898
:10218000BB1D1A783B1D1B78B86815F019F9224B56
:102190001A68BB681100180015F099F9BB6818009F
:1021A000EDF7BCFF03009AB2B9687B1D18783223A3
:1021B00005F0E6F9642008F0B3FE7B1D1B781800DB
:1021C00000F02CF80F257B191B78180000F026F87A
:1021D0000C4B19780B4B1C787B191A787B1D1878DF
:1021E0000023039301235B42029301235B4201938B
:1021F000022300932300F9F761FCC046BD4605B0F9
:10220000F0BDC046A100002044120020F81E0020AE
:1022100094000020980000209C00002080B584B02D
:1022200000AF0200FB1D1A70FB1D1B78180005F0A3
:1022300003FA0300FB60FB68E12212025A60FB68AC
:102240008022D2001A61FB68802252019A60FB68EA
:1022500018000DF003FFFB681B681A68FB681B6819
:1022600020210A431A60C046BD4604B080BD00006C
:1022700080B582B000AF04F095FC04F0D1FC04F00E
:102280000DFD04F049FD04F07FFD04F0ADFD01F00B
:1022900075FE04F02DFB01237B6061E07B68DBB2FF
:1022A000180005F0C9F90200314B9A4206D17B684B
:1022B0005A1E304B92003049D1504EE07B68DBB261
:1022C000180005F0B9F902002C4B9A4206D17B6840
:1022D0005A1E284B92002A49D1503EE07B68DBB25F
:1022E000180005F0A9F90200264B9A4206D17B6836
:1022F0005A1E204B92002449D1502EE07B68DBB25D
:10230000180005F099F90200204B9A4206D17B682B
:102310005A1E184B92001E49D1501EE07B68DBB25A
:10232000180005F089F902001A4B9A4206D17B6821
:102330005A1E104B92001849D1500EE07B68DBB258
:10234000180005F079F90200144B9A4205D17B6818
:102350005A1E084B92001249D1507B6801337B60B2
:102360007B68062B9ADDC046C046BD4602B080BDE4
:10237000D42100202C1100200C00024068220020F3
:1023800020000240FC220020340002409023002064
:1023900048000240242400205C000240B8240020B1
:1023A00070000240B0B586B000AF05000C00100010
:1023B0001900BB1D2A1C1A807B1D221C1A703B1D94
:1023C000021C1A70FB1C0A1C1A701723FB1800222F
:1023D0001A7000233B610023FB60BB1D1A88922307
:1023E000FF339A421FD17B1D1B785A1E28257B196B
:1023F000197813481300DB009B1ADB00C3185C5CE0
:102400007B1D1B785A1E7B191B78591C0C48130026
:10241000DB009B1ADB00C3185B5C00221900200064
:1024200000F066F904E01723FB1804221A70C04676
:102430001723FB181B781800BD4606B0B0BDC04678
:102440007412002080B500AF034B180005F044FB68
:10245000C046BD4680BDC0465CF3020880B582B070
:1024600000AF78607B681B68164A934201D1012354
:1024700023E07B681B68144A934201D102231CE0CD
:102480007B681B68114A934201D1032315E07B68E6
:102490001B680F4A934201D104230EE07B681B683E
:1024A0000C4A934201D1052307E07B681B680A4A66
:1024B000934201D1062300E000231800BD4602B07C
:1024C00080BDC046004C0040004400400048004031
:1024D0000038014000500040003C0140B0B5A4B0BD
:1024E00002AFBA607B600F23FB18021C1A700E2328
:1024F000FB180A1C1A708723FB1800221A7000238D
:102500008022BA181360B9687868EDF723FE0300DB
:10251000FB67FB6F632B01D801235EE00E23FB18E2
:102520001B78002B4ED1FA6F7B689A4201D9FB6F62
:102530007B602C4B00221A7039E005F083FB03000E
:102540008022BA18136087257C191623FB181800FF
:1025500000F04EF9030023707B191B78002B02D08A
:102560007B191B7839E01623FB1800229B5E1E4A5C
:1025700018257819322114F0EFFE7B191800EDF7B9
:10258000CDFD03009AB2FA235C0079190F23FB18E2
:10259000187801235B420093230004F09BFFBA6884
:1025A000FB6F1100180000F023F8031E08D1BB6870
:1025B0005A1EBA60002BC0D17B680133BDD006E043
:1025C000C04604E08723FB1802221A70C046074B5E
:1025D00004221A708723FB181B781800BD4622B00E
:1025E000B0BDC0466C25002070F3020866250020AF
:1025F00090B587B000AF786039606423FB60F968FC
:102600007868EDF7A7FD03007B617B68F968180027
:10261000EDF726FE0B00BB6047E0FA6813005B0194
:102620009B1A9B009B18DB001A00FA2399001000EC
:10263000EDF790FD0300180006F002FE1323FB18CF
:1026400001221A7026E0264B1B785A1E13243B19D0
:102650001978244813005B009B189B01C3185B5C2E
:102660000D2B11D11E4B1B785A1E3B1919781D4892
:1026700013005B009B189B01C31800225A541A4B8D
:1026800001221A70032327E013217B181A787B1884
:1026900001321A701323FB181B78BF2BD3D9134BAD
:1026A0001B78002B01D0032316E07B695A1E7A6148
:1026B000002BB2DCBA6813005B019B1A9B009B18CD
:1026C000DB001A00FA2399001000EDF743FD030028
:1026D000180006F0B5FD00231800BD4607B090BDF8
:1026E00038140020E01700206D2500206C25002004
:1026F000B0B584B000AF040008001100FB1D221C1F
:102700001A70BB1D021C1A707B1D0A1C1A700F2543
:102710007B1900221A707B1D1B78002B55D17C1968
:102720000C23FB18180000F063F8030023707B19DA
:102730001B78002B05D07B19FF221A707B191B78A0
:102740004BE0284B1B78FA1D12789A4203D0FB1DF0
:102750001B78002B13D10C217B181B68DAB2224B9B
:102760001A707B181B681B0ADAB21F4B5A701E497D
:10277000BB1D18780A23022204F002FF2AE00F236F
:10278000FB181B78002B03D1184B00225A7002E073
:10279000164BFF225A70154B03221A70134B01225D
:1027A0009A700C217B181B68DAB2104BDA707B1818
:1027B0001B681B0ADAB20D4B1A71FB1D1B78052230
:1027C0002E211800F8F7D0FD04E00F23FB18022299
:1027D0001A70C0460F23FB181B781800BD4604B0C2
:1027E000B0BDC046A10000207025002004140020C8
:1027F000B0B584B000AF78600F257B1900221A7045
:1028000010F03EFC7C197B68180010F0DBFC030024
:1028100023707B191B78002B05D07B19FF221A70BF
:102820007B191B7802E00F23FB181B781800BD46AC
:1028300004B0B0BD80B588B000AFF860B9607A6010
:102840001E4BFB610023BB6100237B61FB68002200
:102850001A701423FA187B680121180005F0FAF9A0
:102860000300BB61BB69002B07D1154AB968FB683F
:10287000180014F071FD00231BE0FB691800EDF750
:102880004DFC0200F969BB69180014F03BFE031E01
:1028900008D10C4B1878FA235B0001220021FFF7C6
:1028A0001DFE05E0064AB968FB68180014F054FDE7
:1028B00000231800BD4608B080BDC04688F302085A
:1028C0008CF302083814002080B584B000AFF860A3
:1028D000B9607A60BB689B00094A944663441B68F0
:1028E0007F2293431900BB689B00054A94466344CA
:1028F0007A680A431A60C046BD4604B080BDC0462F
:102900000008024080B582B000AF204B9A6B1F4B8D
:1029100001210A439A631D4B9B6B012213407B608C
:102920007B681A4B9A6B194B02210A439A63174B27
:102930009B6B022213403B603B68154A154B11000C
:10294000180000F03DF8144A144B1100180000F074
:1029500037F8134A134B1100180000F031F8124AEF
:10296000124B1100180000F02BF8114A114B110006
:10297000180000F025F8104A104B1100180000F064
:102980001FF8C046BD4602B080BDC04600100240E0
:1029900044000240C42500201C00024024260020E0
:1029A000300002408426002008000240E426002077
:1029B00058000240442700206C000240A427002059
:1029C00080B582B000AF786039607B683A681A6081
:1029D0007B6800229A607B680022DA607B68802234
:1029E0001A617B6800225A617B6800229A617B68C9
:1029F0002022DA617B68802292011A627B681800CB
:102A000009F060FDC046BD4602B080BD80B582B011
:102A100000AF786039607B683A681A607B68002292
:102A20009A607B680022DA607B6800221A617B680A
:102A300000225A617B6800229A617B682022DA6159
:102A40007B68802252011A627B68180009F03AFD07
:102A5000C046BD4602B080BD80B500AF1F4B5B785D
:102A6000002B05D11E4A1F4B1100180000F050F832
:102A70001A4B9B78002B05D11B4A1C4B11001800E8
:102A800000F046F8154BDB78002B05D1184A194B9E
:102A90001100180000F03CF8104B1B79002B05D1F9
:102AA000154A164B1100180000F032F80B4B5B79F9
:102AB000002B05D1124A134B1100180000F028F822
:102AC000064B9B79002B05D10F4A104B11001800C3
:102AD00000F01EF8C046BD4680BDC0467011002003
:102AE000C4250020902300202426002068220020F6
:102AF00084260020FC220020E4260020D42100208F
:102B00004427002024240020A4270020B8240020EB
:102B100080B582B000AF786039607B681800FFF73D
:102B20009DFC03005A1E13005B009B189B01054A85
:102B300099187B68C02218000DF0D8FCC046BD462D
:102B400002B080BDE017002080B582B000AF786091
:102B50007B68DB6F180000F031F97B68DB6F0022C7
:102B60009A627B680022DA67C046BD4602B080BD2B
:102B7000B0B586B000AFF860B960BB1D1A801725EC
:102B80007C19FB681800FFF769FC030023707B19B0
:102B90001B785A1E13005B009B185B010D4A9B18A3
:102BA0003B613A69FB681100180000F079F9FB6895
:102BB000882220219950BB681B6828331900BB1D4F
:102BC0001A88FB6818000DF091FCC046BD4606B09F
:102BD000B0BDC0462429002080B584B000AF0200FB
:102BE000FB1D1A70FB1D1B785A1E13005B009B18FF
:102BF0005B01124A9B18FB60FB1D1B78180004F058
:102C00001BFD0300BB60BB6818000DF0D5FCFB6822
:102C10001B6800225A60FB1D1B785A1E084B92004D
:102C20000021D150FB1D1B785A1E064B920000213B
:102C3000D150C046BD4604B080BDC0462429002006
:102C4000B81C0020D01C002080B584B000AF02006A
:102C5000FB1D1A70FB1D1B78180004F0EDFC03002F
:102C6000FB60FB1D1B785A1E13005B009B185B0169
:102C7000074A9B18BB60FB6818000DF09DFCBB6801
:102C80001B6800225A60C046BD4604B080BDC046E5
:102C9000C425002080B582B000AF0200FB1D1A7071
:102CA000FB1D1B781800FFF7CFFFFB1D1B785A1E7A
:102CB00013005B009B185B01084A9818FB1D1B78EA
:102CC0005A1E074913005B009B185B015B581900F3
:102CD000FFF79CFEC046BD4602B080BD24290020FF
:102CE000C425002080B584B000AF0200FB1D1A701F
:102CF000FB1D1B781800FFF76FFFFB1D1B781800EA
:102D000004F09AFC0300FB60FB1D1B785A1E1300A5
:102D10005B009B185B01254A9818FB1D1B785A1E07
:102D2000234913005B009B185B015B581900FFF7F8
:102D300047FEFB68180004F087F8FB1D1B785A1E3D
:102D40001B4913005B009B185B01CB1828331B68E1
:102D50001800FFF783FB03001A00164B002199545B
:102D6000FB1D1B785A1E124913005B009B185B0168
:102D700000225A50FB1D1B785A1E0F4B9200002157
:102D8000D150FB1D1B78180004F056FCFB1D1B786E
:102D90005A1E13005B009B185B01044A9B18190024
:102DA000FFF7B6FEC046BD4604B080BDC425002076
:102DB0002429002070110020A01C002080B582B0C2
:102DC00000AF78607B681B68294A934247D0284A45
:102DD000934248D8274A934241D0264A934242D848
:102DE000254A93423BD0244A93423CD8234A9342FB
:102DF00031D0224A934236D8214A93422BD0204ADE
:102E0000934230D81F4A934229D01E4A93422AD86F
:102E10001D4A934223D01C4A934224D81B4A934212
:102E20001DD01A4A93421ED8194A934217D0184A05
:102E3000934218D8174A93420DD0164A934212D89B
:102E4000154A934203D0154A934204D00BE009205F
:102E500009F0CFF808E00A2009F0CBF804E00B20D5
:102E600009F0C7F800E0C046C046BD4602B080BDCC
:102E70005804024044040240300402401C04024052
:102E800008040240800002406C00024058000240EA
:102E90004400024030000240080002401C00024092
:102EA00080B582B000AF786039607B681B68374AB4
:102EB00093420BD13B681B68354A934206D1354B90
:102EC000322200211800FFF7FFFC53E07B681B68EB
:102ED000314A93420BD13B681B68304A934206D17A
:102EE0002F4B342201211800FFF7EEFC42E07B68F3
:102EF0001B682C4A93420BD13B681B682A4A9342B9
:102F000006D12A4B362202211800FFF7DDFC31E002
:102F10007B681B68264A93420BD13B681B68254A95
:102F2000934206D1244B382203211800FFF7CCFC32
:102F300020E07B681B68214A93420BD13B681B68E9
:102F40001F4A934206D11F4B4A2204211800FFF763
:102F5000BBFC0FE07B681B681B4A93420AD13B68AD
:102F60001B681A4A934205D1194B4C2205211800BF
:102F7000FFF7AAFC7B6880213A685A503B687A6860
:102F80009A62C046BD4602B080BDC04600380140CE
:102F900008000240842C0020004400401C00024035
:102FA000882C002000480040300002408C2C00207B
:102FB000004C004044000240902C00200050004093
:102FC00058000240942C0020003C01406C0002405C
:102FD000982C002080B500AF0D4B0E4A1A600C4BA8
:102FE0001022DA600A4B00225A71094B00221A7132
:102FF000074B00225A61064B00229A61044B0322C0
:103000001A62034B180009F02BF8C046BD4680BD7C
:10301000B42C00200030024080B584B000AF78604E
:10302000084B9A6B074B802149010A439A63054B71
:103030009A6B80235B011340FB60FB68C046BD4672
:1030400004B080BD0010024080B586B000AF78604B
:103050000A00BB1C1A800823FB1800221A607B6838
:10306000002B00D192E0BB1C1B88002B00D18DE00F
:10307000BB1C1B88032B33D81623FB1800221A70A5
:1030800000233B611BE01622BB181B78BA18591CA1
:1030900011701A007B689B1819780823FA183B698D
:1030A000D3180A1C1A70BB1CBA1C1288013A1A8069
:1030B000BB1C1B88002B06D03B6901333B613B697D
:1030C000032BE0DD00E0C0460823F918324B012253
:1030D000180009F072F802001723FB181A7051E06B
:1030E000BB1C1B889B089BB21A0079682A4B1800EE
:1030F00009F063F802001723FB181A70BB1C1B8829
:10310000032213409BB2002B3CD0BB1C1B88DAB2BD
:103110001623FB1803218A431A70BB1CBA1C1288A1
:1031200003210A401A800023FB601BE01622BB1813
:103130001B78BA18591C11701A007B689B181978F3
:103140000823FA18FB68D3180A1C1A70BB1CBA1C97
:103150001288013A1A80BB1C1B88002B06D0FB6822
:103160000133FB60FB68032BE0DD00E0C046082371
:10317000F918094B0122180008F0D8FF02001723A4
:10318000FB181A701723FB181B7800E000231800A7
:10319000BD4606B080BDC046B42C0020B0B584B09A
:1031A00000AF0A243B1906221A8008257B19062243
:1031B0001A800E23FB1800221A80BB1D00221A80E1
:1031C0003B1D00221A800C23FB18012252421A8058
:1031D000BB1C01221A8009F071FCD14B1A683B1903
:1031E0001A80D04B1A687B191A803B191B88CE4A6B
:1031F00093420CD080225202934200DBD8E2002B93
:1032000000D1DFE1C94A934200D1AEE0D0E2082309
:10321000FB181B88002B36D1C14A80231B021100EA
:10322000180009F07DFDFA239B00180009F086FCC8
:1032300003001A00BB1C1A80BB1C1B88002B03D088
:10324000BB4B5B689BB2D2E2BA4A80231B021100DF
:10325000180009F065FDFA239B00180009F06EFCC8
:1032600003001A00BB1C1A80BB1C1B88002B03D058
:10327000AF4B5B689BB2BAE2AF4B5A69AE4B0221CF
:103280008A435A61A9E20823FB181B88A74A934284
:1032900054D1A34A80231B021100180009F040FDFD
:1032A000FA239B00180009F049FC03001A00BB1C1C
:1032B0001A80BB1C1B88002B03D09D4B5B689BB204
:1032C00095E29C4A80231B021100180009F028FD9A
:1032D000FA239B00180009F031FC03001A00BB1C04
:1032E0001A80BB1C1B88002B03D0914B5B689BB2E0
:1032F0007DE2914B5A69904B02218A435A618F4A71
:1033000001235B428749012009F08AFBFA239B00D5
:10331000180009F013FC03001A00BB1C1A80BB1C28
:103320001B88002B03D0824B5B689BB25FE2824B11
:103330005A69814B01218A435A614EE2BC1C00F05C
:1033400001FB03002380FA239B00180009F0F6FB21
:1033500003001A00BB1C1A80BB1C1B88002B00D169
:103360003BE2734B5B689BB241E20823FB181B886E
:10337000002B00D0A1E00E23FB1801221A8044E0AC
:103380006F4B1B889BB20E217A1812889A4204D187
:103390000C23FB187A1812881A800E257B191A88BC
:1033A0000C23FB1800215B5E9A4228D03C1D654A25
:1033B0007B191B881100180000F032FA03002380EB
:1033C0003B1D1B88012B1AD05E4B1A88BC1D7B1934
:1033D0001B881100180000F0A3FB03002380FA23D0
:1033E0009B00180009F0AAFB03001A00BB1C1A80FE
:1033F000BB1C1B88002B02D0BB1D1B88F7E10E21D4
:103400007B181A887B1801321A800E23FB181A8841
:103410008023DB009A42B3D9484A01235B424049EA
:10342000012009F0FDFAFA239B00180009F086FB41
:1034300003001A00BB1C1A80BB1C1B88002B03D086
:103440003B4B5B689BB2D2E13B4B5A693A4B012143
:103450008A435A61334B1900042009F061FCFA23B6
:103460009B00180009F06AFB03001A00BB1C1A80BD
:10347000BB1C1B88002B03D02D4B5B689BB2B6E1B5
:10348000314B1900042009F04BFCFA239B00180073
:1034900009F054FB03001A00BB1C1A80BB1C1B88DC
:1034A000002B03D0224B5B689BB2A0E1224B5A69F0
:1034B000214B02218A435A6191E10823FB181B88A2
:1034C000194A934267D1174B1900042009F028FCD0
:1034D000FA239B00180009F031FB03001A00BB1C03
:1034E0001A80BB1C1B88002B03D0114B5B689BB25E
:1034F0007DE1154B1900042009F012FCFA239B0012
:10350000180009F01BFB03001A00BB1C1A80BB1C2F
:103510001B88002B1AD0064B5B689BB267E1C04644
:1035200000D8070800E80708FFFF0000EEEE0000E3
:103530009097012000E00708002002400000FFFFF4
:1035400006D80708282D002000F00708AA4B5A6962
:10355000A94B02218A435A61A84A01235B42A84928
:10356000012009F05DFAFA239B00180009F0E6FA41
:1035700003001A00BB1C1A80BB1C1B88002B03D045
:10358000A04B5B689BB232E19B4B5A699A4B01217D
:103590008A435A6123E1BC1C00F0D4F90300238064
:1035A000FA239B00180009F0C9FA03001A00BB1C9B
:1035B0001A80BB1C1B88002B00D110E1914B5B686B
:1035C0009BB214E10823FB181B88002B15D1BC1CEF
:1035D00000F0B8F903002380FA239B00180009F0DB
:1035E000ADFA03001A00BB1C1A80BB1C1B88002B01
:1035F00000D1F6E0BB1C1B88F9E00823FB181B88F0
:10360000814A934232D1814B1900042009F088FB92
:10361000FA239B00180009F091FA03001A00BB1C62
:103620001A80BB1C1B88002B03D0764B5B689BB2B7
:10363000DDE0774B1900042009F072FBFA239B00B0
:10364000180009F07BFA03001A00BB1C1A80BB1C8F
:103650001B88002B03D06B4B5B689BB2C7E0664BAB
:103660005A69654B02218A435A61BAE00E23FB185E
:1036700001221A8044E0674B1B889BB20E217A1806
:1036800012889A4204D10C23FB187A1812881A80E7
:103690000E257B191A880C23FB1800215B5E9A42C9
:1036A00028D03C1D5C4A7B191B881100180000F0D3
:1036B000B7F8030023803B1D1B88012B1AD0564B03
:1036C0001A88BC1D7B191B881100180000F028FA0D
:1036D00003002380FA239B00180009F02FFA03004F
:1036E0001A00BB1C1A80BB1C1B88002B02D0BB1D00
:1036F0001B887CE00E217B181A887B1801321A8007
:103700000E23FB181A888023DB009A42B3D93B4A68
:1037100001235B423D49012009F082F9FA239B0015
:10372000180009F00BFA03001A00BB1C1A80BB1C1E
:103730001B88002B03D0334B5B689BB257E02E4BAA
:103740005A692D4B01218A435A612D4B19000420DF
:1037500009F0E6FAFA239B00180009F0EFF90300DC
:103760001A00BB1C1A80BB1C1B88002B03D0254BE6
:103770005B689BB23BE0294B1900042009F0D0FAAA
:10378000FA239B00180009F0D9F903001A00BB1CAA
:103790001A80BB1C1B88002B03D01A4B5B689BB2A2
:1037A00025E0154B5A69144B02218A435A6118E0EF
:1037B000BC1C00F0C7F803002380FA239B0018000C
:1037C00009F0BCF903001A00BB1C1A80BB1C1B8843
:1037D000002B08D0BB1C1B8809E0C04604E0C04693
:1037E00002E0C04600E0C04609F08CF90023180052
:1037F000BD4604B0B0BDC046002002400000FFFF3F
:1038000000D8070890970120FFFF000000E8070894
:1038100000F0070806E80708282D002000E0070848
:10382000B0B586B000AF02003960BB1D1A800E2112
:103830007B1800221A800C23FB18264A1A801623B4
:10384000FB1801221A8000233B610023BB600D009E
:103850007C18002000F01CF9030023807B191B88D2
:10386000AB2B01D1AB2330E00E22BB181B881A49C9
:103870008C466344DB02BB60BB181B88174A944626
:103880006344DB023B6118E03A690C217B18128823
:103890001A807A18BB1D12881B889A420AD13B698C
:1038A000083B1B889AB23B681A801623FB1800223B
:1038B0001A8007E03B69083B3B61BB6804333A6907
:1038C0009A42E1D81623FB181B881800BD4606B0A3
:1038D000B0BDC04655550000FB000100FD000100D1
:1038E000B0B584B000AF0200BB1D1A803B1D0A1C9E
:1038F0001A800E257B1900221A8009F0DFF87C1946
:103900003B1D1A88BB1D1B881100180000F008F928
:10391000030023807B191B88802B0AD17C193B1D57
:103920001A88BB1D1B881100180000F0A9F90300BC
:10393000238009F0E7F80E23FB181B881800BD460A
:1039400004B0B0BD90B583B000AFFB1D00221A706B
:1039500009F0B4F8474A80231B021100180009F04F
:10396000DFF9FC1DFA239B00180009F0E7F80300BB
:103970002370FB1D1B78002B03D03F4B5B689BB271
:1039800074E03E4A80231B021100180009F0C8F9B8
:10399000FC1DFA239B00180009F0D0F803002370E7
:1039A000FB1D1B78002B03D0334B5B689BB25DE0A3
:1039B000334B5A69324B02218A435A61314A0123FF
:1039C0005B422C49012009F02BF8FC1DFA239B00D7
:1039D000180009F0B3F803002370FB1D1B78002BBF
:1039E00003D0254B5B689BB240E0254B5A69244BC2
:1039F00001218A435A6109F085F8234A80231B027A
:103A00001100180009F08CF9FC1DFA239B00180026
:103A100009F094F803002370FB1D1B78002B03D0E2
:103A2000154B5B689BB221E0184A80231B021100F2
:103A3000180009F075F9FC1DFA239B00180009F025
:103A40007DF803002370FB1D1B78002B03D00A4B6D
:103A50005B689BB20AE00A4B5A69094B01218A4311
:103A60005A6109F04FF8FB1D1B789BB21800BD4648
:103A700003B090BD00D807089097012000E0070828
:103A8000002002400000FFFF00E8070800F00708E0
:103A900080B584B000AF0200FB1D1A700623FB60E6
:103AA0000623BB601B4B1B889BB2FB601A4B1B8819
:103AB0009BB2BB60FB1D1B78002B19D0012B23D1BF
:103AC000BB68002B07D1FB68144A934201D1002345
:103AD0001BE0022319E0FB68002B07D1BB680F4AEB
:103AE000934201D1022310E000230EE0AB230CE04F
:103AF000FB68002B01D1002307E0BB68002B01D13C
:103B0000022302E0AB2300E000231800BD4604B00E
:103B100080BDC04600D8070800E80708EEEE0000A8
:103B2000F0B589B000AF02000E23FB181A800C23F9
:103B3000FB180A1C1A80132308215B18DB190022CA
:103B40001A7010267318DB1900221A800023FB61FB
:103B500000237B6108F0B2FF08217318DE190120F1
:103B6000FFF796FF03003380102608217318DB1936
:103B70001B88AB2B01D1AB2375E010220820131852
:103B8000DB191B883A498C466344DB02FB6113183E
:103B9000DB191B880233DB02364A944663447B619F
:103BA0005AE0FB691B68013353D10C23FB181B88B7
:103BB0009BB21C0000231D00F96922002B0001208C
:103BC00008F02EFF13250826AB19DC19FA239B00F9
:103BD000180008F0B3FF03002370AB19DB191B7842
:103BE000002B03D0244B5B689BB23CE0234B5A690B
:103BF000224B01218A435A61FB69083319000E23C5
:103C0000FB181B889BB23B6000237B603A687B6893
:103C1000012008F005FF13250826AB19DC19FA234B
:103C20009B00180008F08AFF03002370AB19DB1912
:103C30001B78002B03D0104B5B689BB213E00F4B3B
:103C40005A690E4B01218A435A610B4B5B689BB248
:103C500009E0FB690833FB61FA697B699A42A0D3EA
:103C600008F050FF80231800BD4609B0F0BDC046E3
:103C7000FB000100FED707089097012000200240BA
:103C8000F0B589B000AF0200BB1D1A803B1D0A1CB5
:103C90001A801923FB1800221A7000237B6100236D
:103CA000FB6112243B1900221A801A23FB18002200
:103CB0001A801023FB1800221A800E23FB18002202
:103CC0001A8008F0FBFE25003C190020FFF7E0FEFB
:103CD000030023807B191B88022B04D1664B7B6178
:103CE000664BFB610BE01223FB181B88002B04D1F1
:103CF000624B7B61604BFB6101E0AB23B7E01925B0
:103D00007C19FA239B00180008F018FF03002370A9
:103D10007B191B78002B03D0594B5B689BB2A6E044
:103D2000584B5A69574B01218A435A6110257C1917
:103D30003B1D1A88BB1D1B8811001800FFF7F0FE01
:103D4000030023807B191B88002B02D07B191B8862
:103D50008DE01A23FB1801221A802EE01A257A1909
:103D6000BB1D12881B889A4221D00E26BC19464AD8
:103D70007B191B8811001800FFF752FD03002380F8
:103D8000BB191B88012B12D03F4B1A881026BC1977
:103D90007B191B8811001800FFF7C2FE0300238067
:103DA000BB191B88002B02D0BB191B885FE01A21AE
:103DB0007B181A887B1801321A801A23FB181A887C
:103DC0008023DB009A42C9D9FB691900042008F05E
:103DD000A7FF19257C19FA239B00180008F0AEFEF6
:103DE000030023707B191B78002B03D0244B5B68E6
:103DF0009BB23CE0FB6980221201944663441900A7
:103E0000042008F08DFF19257C19FA239B00180067
:103E100008F094FE030023707B191B78002B03D05D
:103E2000174B5B689BB222E0164B5A69154B022177
:103E30008A435A6119257C19FA239B00180008F05F
:103E40007DFE030023707B191B78002B03D00C4BE5
:103E50005B689BB20BE00B4B5A690A4B01218A430A
:103E60005A6108F04FFE1923FB181B789BB218000B
:103E7000BD4609B0F0BDC04600D8070800E80708F5
:103E80009097012000200240282D0020B0B588B076
:103E900000AF78601F23FB1800221A700C217B18DA
:103EA00002221A607B187A689A607B180122DA6015
:103EB0001E257C190823FA187B181100180008F039
:103EC000ABFE030023707B191B78002B02D1BB686B
:103ED000013302D0044B16221A701F23FB181B78E3
:103EE0001800BD4608B0B0BD3614002080B586B0BD
:103EF00000AF214B5A6B204B04210A435A631E4BDF
:103F00005B6B042213407B617B691B4B5A6B1A4B22
:103F100001210A435A63184B5B6B012213403B613A
:103F20003B69154B5A6B144B08210A435A63124BD9
:103F30005B6B08221340FB60FB680F4B5A6B0E4B08
:103F400002210A435A630C4B5B6B02221340BB6095
:103F5000BB68094B5A6B084B20210A435A63064B36
:103F60005B6B202213407B607B6800F06DF8C046DD
:103F7000BD4606B080BDC0460010024080B586B088
:103F800000AF3B1D180014231A00002113F097FA0C
:103F9000A023DB0501221021180009F0EEF9D0233F
:103FA0005900A023DB050022180009F0E6F9244996
:103FB000244B0022180009F0E0F93B1DD8225200E2
:103FC0001A603B1D01225A603B1D00229A603B1D76
:103FD0000022DA603A1DA023DB051100180008F06A
:103FE0006BFF3B1D164A1A603B1D01225A603B1DA8
:103FF00000229A603B1D0022DA603B1D114A190025
:10400000100008F059FF3B1D8022D2011A603B1DB1
:10401000842292035A603B1D00229A603B1D094A8C
:104020001900100008F048FF00220021072007F0C7
:10403000BBFF072007F0CDFFC046BD4606B080BDE0
:10404000011000000004005080B586B000AF3B1D99
:1040500002221A603B1D01225A603B1D00229A6019
:104060003B1D0222DA603B1D044A1900100008F0D3
:1040700023FFC046BD4606B080BDC04600040050C8
:10408000F0B593B002AF534B5A6B524B01210A4328
:104090005A63504B5B6B012213403B613B694D4BB4
:1040A0005A6B4C4B02210A435A634A4B5B6B022208
:1040B0001340FB60FB68474B5A6B464B04210A4395
:1040C0005A63444B5B6B04221340BB60BB68414B9B
:1040D0005A6B404B08210A435A633E4B5B6B0822E4
:1040E00013407B607B682423F8181A257A1928234B
:1040F000F9181823FB1800930300012000F06EF854
:104100001C23F8181623FA182023F9181426BB19B3
:1041100000930300062000F061F82C217B18012297
:104120005A607B1800229A607B191B881A007B1842
:104130001A60BB6A1A000C007B181900100008F006
:10414000BBFE21007B1800225A607B1802229A6075
:10415000BB191B881A007B181A60FB691A007B18B0
:104160001900100008F0A8FEBB6A18007B191B8814
:104170000022190009F001F9052002F0EFFCFB69AB
:104180001A00BB191B881900100009F0D9F8031E8A
:1041900017D1BB6A18007B191B880122190009F08E
:1041A000ECF8052002F0DAFCFB691A00BB191B8849
:1041B0001900100009F0C4F80300012B01D10123FC
:1041C00004E0054B012252421A6000231800BD464C
:1041D00011B0F0BD00100240F07F002080B586B025
:1041E00000AFB9607A603B600F217B18021C1A7027
:1041F0001723FB1800221A707B181B78180003F095
:104200001BFA03003B613A693D4B9A4210D1BB68EF
:10421000A022D2051A607B68802292001A803B6837
:10422000A022D2051A603B6A8022D2001A8060E088
:104230003A69344B9A420ED1BB68A022D2051A606B
:104240007B6804221A803B68A022D2051A603B6A70
:1042500008221A804DE03A692B4B9A420ED1BB6876
:104260002A4A1A607B688022D2001A803B68274A5B
:104270001A603B6A802212011A803AE03A69244BA4
:104280009A420ED1BB68A022D2051A607B68012237
:104290001A803B68A022D2051A603B6A02221A806B
:1042A00027E03A691B4B9A420CD1BB681A4A1A6044
:1042B0007B6808221A803B68174A1A603B6A04220E
:1042C0001A8016E03A69154B9A420ED1BB680F4A24
:1042D0001A607B68802252001A803B680B4A1A6081
:1042E0003B6A802292001A8003E01723FB18FF220A
:1042F0001A701723FB181B781800BD4606B080BD46
:10430000D421002068220020FC220020000400505C
:104310009023002024240020000C0050B82400200A
:1043200080B582B000AF0200FB1D1A70C046BD46CA
:1043300002B080BD90B587B002AF0F23FB180022FA
:104340001A700E23FB1800221A700D23FB1801228D
:104350001A7000F0B3FB0D203B181A78C249130005
:10436000DB009B18CB1801331B78002B01D100F028
:104370009FFBBE4B1B7801225340DBB2002B07D0C2
:104380003B181A78B8491300DB009B1800225A54D6
:104390003C1DBA1C0823F9180D23FB1818783B00A4
:1043A00000932300FFF71AFFBB681800BB1C1B8893
:1043B0000022190008F0E1FF0A2002F0ABFB7B6845
:1043C0001A003B001B881900100008F0B9FF031EFB
:1043D00016D1BB681800BB1C1B880122190008F00D
:1043E000CCFF0A2002F096FB7B681A003B001B887A
:1043F0000F217C181900100008F0A2FF03002370A1
:10440000BB681800BB1C1B880022190008F0B5FF10
:104410000D23FB181A7894491300DB009B18CB1866
:1044200001331B78042B44D057DC032B2DD054DCF4
:10443000012B02D0022B14D04FE00F23FB181B7866
:10444000012B04D10E23FB1804221A7047E00F231E
:10445000FB181B78002B42D10E23FB1803221A7085
:104460003DE00F23FB181B78012B04D10E23FB1812
:1044700004221A7035E00F23FB181B78002B30D173
:104480000E23FB1803221A702BE00F23FB181B7856
:10449000012B04D10E23FB1802221A7023E00F23F4
:1044A000FB181B78002B1ED10E23FB1801221A705B
:1044B00019E00F23FB181B78012B04D10E23FB18E6
:1044C00001221A7011E00F23FB181B78002B0CD16E
:1044D0000E23FB1802221A7007E0C04606E0C04611
:1044E00004E0C04602E0C04600E0C0460E22BB1811
:1044F0001B78042B03D0BB181B78022B19D10D217C
:104500007B181A785A4B9200D3585A4A934209D8CA
:104510007B181B78564A99008A58511C544A9B00B4
:10452000995006E00D23FB181A78514B9200002198
:10453000D1500E22BB181B78032B03D0BB181B785D
:10454000012B40D10D217B181A784B4B9200D35888
:10455000484A934209D87B181B78474A99008A58E1
:10456000511C454A9B00995006E00D23FB181A7810
:10457000414B92000021D150404B1B78022B11D1AE
:104580000D217B181B783E4AD25C3E4B5B799A42E8
:1045900008D87B181B783A4AD25C0132D1B2384A2B
:1045A000D15410E00D217B181B78354AD25C354B75
:1045B0005B799A4207D9314B00221A707B181B781D
:1045C0002F4A0021D1540D217B181A78284B9200D4
:1045D000D3582C4A1288934200D294E07B181A7860
:1045E000234B9200D358274A1288934211D10800D6
:1045F0007B181A781C491300DB009B1807225A54B9
:104600003B181B781A4A99008A58511C184A9B007B
:1046100099500D217B181A78174B9200D358194ADC
:104620001288934205D97B181A78134B9200002107
:10463000D1500D217B181A780D4B9200D358114A96
:10464000528893423ED97B181A78094B9200D2586F
:10465000FA235B009A4235D2084B1B78002B13D10A
:10466000064B01221A704DE07C2D0020FC2D00200D
:10467000BC2D0020FEFF0000D82D00208E2E002033
:10468000F42D002050110020D94B1B78022B39D17A
:104690000D217B181B78D74AD25CD74B1B799A42E5
:1046A00030D97B181B78D34AD25CD34B5B799A42C2
:1046B00028D2CF4B03221A707B181B78CD4A0021D9
:1046C000D1541FE00D217B181A78CC4B9200D258A0
:1046D000FA235B009A4216D37B181A78C74B9200D4
:1046E000D358C74A93420ED8C14B1B78002B02D037
:1046F000BF4B00221A700D23FB181B78180000F026
:10470000EDF900E0C0460D217B181A78BD4B9200F0
:10471000D358B94A1288934200D277E07B181A78AE
:10472000B84B9200D358B44A1288934211D1080072
:104730007B181A78B4491300DB009B1808225A54DE
:104740003B181B78AF4A99008A58511CAD4A9B0010
:1047500099500D217B181A78A84B9200D358A64A7D
:104760001288934205D97B181A78A44B9200002135
:10477000D1500D217B181A78A24B9200D3589E4A33
:104780005288934229D97B181A789E4B9200D258AE
:10479000FA235B009A4220D2954B1B78012B0BD158
:1047A0007B181A7898491300DB009B1805225A548D
:1047B0008F4B02221A7028E08D4B1B78032B24D1DB
:1047C0000D23FB181A7890491300DB009B18062272
:1047D0005A54874B00221A7017E00D217B181A7863
:1047E000884B9200D258FA235B009A420ED37B1872
:1047F0001A78844B9200D358814A934206D87B188A
:104800001B78180000F0E8F900E0C0460D23FB1803
:104810001A787D491300DB009B185B5C053B092B74
:1048200000D934E19A00794BD3181B689F460D24B8
:104830003B191B781800FFF773FD3B191A78724972
:104840001300DB009B1800225A5431E10D243B1960
:104850001B78180001F06EFC3B191A786A491300A6
:10486000DB009B1800225A5422E1694B1B7801227D
:104870005340DBB2002B00D10BE10D203B181A781E
:1048800061491300DB009B18CB1808331B781A0012
:104890000123134000D1FCE05D4B01221A703B184C
:1048A0001B78180001F050FCF3E0594B1B780122F3
:1048B0005340DBB2002B00D1EDE00D203B181A78FD
:1048C00051491300DB009B18CB1808331B781A00E2
:1048D0000223134000D1DEE04D4B01221A703B1839
:1048E0001B78180001F03AFCD5E0494B1B780122F7
:1048F0005340DBB2002B00D1CFE00D203B181A78DB
:1049000041491300DB009B18CB1808331B781A00B1
:104910000423134000D1C0E03D4B01221A703B1824
:104920001B780121180001F023FCB6E0384B1B78FE
:1049300001225340DBB2002B00D1B0E00D203B1828
:104940001A7831491300DB009B18CB1808331B7809
:104950001A000823134000D1A1E02D4B01221A7048
:104960003B181B780221180001F002FC97E0284B4D
:104970001B7801225340DBB2002B00D191E00D20C7
:104980003B181A7820491300DB009B18CB1808331A
:104990001B781A001023134000D182E01C4B012227
:1049A0001A703B181B780321180001F0E1FB78E036
:1049B000174B1B7801225340DBB2002B00D172E071
:1049C0000D203B181A7810491300DB009B18CB18F8
:1049D00008331B781A002023134064D00C4B0122AB
:1049E0001A703B181B780121180001F0CEFB5AE029
:1049F0008E2E0020F42D002050110020BC2D002010
:104A0000FEFF0000D82D00207C2D0020B8F3020806
:104A1000FC2D00202F4B1B7801225340DBB2002BD2
:104A200043D00D203B181A782B491300DB009B184C
:104A3000CB1808331B781A004023134035D0254B80
:104A400001221A703B181B780221180001F09DFB0F
:104A50002BE0204B1B7801225340DBB2002B26D0E9
:104A60000D203B181A781C491300DB009B18CB184B
:104A700008331B785BB2002B19DA164B01221A702F
:104A80003B181B780321180001F07FFB0FE0C046A4
:104A90000EE0C0460CE0C0460AE0C04608E0C04652
:104AA00006E0C04604E0C04602E0C04600E0C04662
:104AB0000D217B181A787B1801321A700D23FB1810
:104AC0001B78062B00D846E4C046C046BD4605B05C
:104AD00090BDC046FC2D00207C2D002080B586B006
:104AE00000AF0200FB1D1A701723FB1800221A707A
:104AF000FB1D1A7836491300DB009B18CB180233D4
:104B00001B783B61FB1D1A7831491300DB009B18B1
:104B1000CB1803331B78FB60FB1D1A782C4913005C
:104B2000DB009B18CB1804331B78BB603A69130079
:104B30005B019B1A9B009B18DB003B61FA6813002A
:104B40005B019B1A9B009B18DB00FB60BA6813009B
:104B50005B019B1A9B009B18DB00BB60FB1D1A7856
:104B60001C4B9200D3583A699A4208D1FB1D1A781F
:104B700017491300DB009B1809225A5420E0FB1D43
:104B80001A78144B9200D358FA689A4208D1FB1D48
:104B90001A780F491300DB009B180A225A540FE0C1
:104BA000FB1D1A780B4B9200D358BA689A4207D172
:104BB000FB1D1A7806491300DB009B180A225A5481
:104BC0001723FB181B781800BD4606B080BDC046F1
:104BD0007C2D0020BC2D002080B586B000AF0200E7
:104BE000FB1D1A701723FB1800221A70FB1D1A7880
:104BF00036491300DB009B18CB1805331B783B614B
:104C0000FB1D1A7831491300DB009B18CB180633C3
:104C10001B78FB60FB1D1A782C491300DB009B18E6
:104C2000CB1807331B78BB603A6913005B019B1AF2
:104C30009B009B18DB003B61FA6813005B019B1A29
:104C40009B009B18DB00FB60BA6813005B019B1A9A
:104C50009B009B18DB00BB60FB1D1A781C4B92006D
:104C6000D3583A699A4208D1FB1D1A7817491300A4
:104C7000DB009B180C225A5420E0FB1D1A78144BC1
:104C80009200D358FA689A4208D1FB1D1A780F494E
:104C90001300DB009B180D225A540FE0FB1D1A78FD
:104CA0000B4B9200D358BA689A4207D1FB1D1A7871
:104CB00006491300DB009B180D225A541723FB18DA
:104CC0001B781800BD4606B080BDC0467C2D002074
:104CD000D82D0020F0B58FB002AF0200FB1D1A7076
:104CE000BB1D0A1C1A702F23FB1800221A702E23DA
:104CF000FB1800221A708C4B1B78002B0FD0BB1DA9
:104D00001A788A4B9200D358180002F0A7FEBB1DF8
:104D10001A78874B9200D358180002F09FFEBB1DF3
:104D20001B78844A0421D1547F4B1B78002B08D078
:104D3000BB1D1B78180002F07FFC030018000BF06D
:104D4000E3F91023FC180E257A191423F918BB1D5A
:104D500018780C26BB1900932300FFF73FFA7B1944
:104D60001B881A0018243B191A603B1901225A604B
:104D70003B1900229A603B190022DA607B691A0015
:104D80003B191900100008F097F8BB191B881A008E
:104D90003B191A603B1900225A603B1902229A60A3
:104DA0003B691A003B191900100008F085F8BB1D7B
:104DB0001A7861491300DB009B18CB180133FA1DE8
:104DC00012781A70BB1D1B783A339BB29B009BB2C2
:104DD0002C257C190A26BA1911001800FEF720FDAF
:104DE000030023807B191B88002B57D1BB191B881C
:104DF0001B0A9AB22E217B181A707B181B781B098C
:104E0000DBB2BA1D12789A4209D17B181B780F22A7
:104E10001A40FB1D1B789A4201D100237FE0BB1D85
:104E20001B781B031AB2FB1D1B781B021BB213431A
:104E30001BB29AB20A217B181A80BB1D1B783A3329
:104E40009BB29B009AB27B181B8819001000FEF7DA
:104E500047FDBB1D1B783A339BB29B009BB20133CD
:104E60009BB200211800FEF73BFDBB1D1B783A33B7
:104E70009BB29B009BB202339BB200211800FEF74D
:104E80002FFDBB1D1B783A339BB29B009BB20333B3
:104E90009BB200211800FEF723FD3DE0BB1D1B78EF
:104EA0001B031AB2FB1D1B781B021BB213431BB260
:104EB0009AB20A217B181A80BB1D1B783A339BB229
:104EC0009B009AB27B181B8819001000FEF708FDA2
:104ED000BB1D1B783A339BB29B009BB201339BB244
:104EE00000211800FEF7FCFCBB1D1B783A339BB277
:104EF0009B009BB202339BB200211800FEF7F0FC2E
:104F0000BB1D1B783A339BB29B009BB203339BB211
:104F100000211800FEF7E4FC2F23FB181B78180073
:104F2000BD460DB0F0BDC04639140020581E00200B
:104F3000741E0020701100207C2D0020B0B586B0BA
:104F400000AF0200FB1D1A701723FB1800221A7015
:104F5000FB1D1A7872491300DB009B18CB18013334
:104F600000221A70FB1D1A786D491300DB009B1894
:104F700000225A54FB1D1A7869491300DB009B1864
:104F8000CB18083300221A70FB1D1A7864491300ED
:104F9000DB009B18CB18023300221A70FB1D1A7815
:104FA0005F491300DB009B18CB18033300221A70F3
:104FB000FB1D1A785A491300DB009B18CB180433E9
:104FC00000221A70FB1D1A7855491300DB009B184C
:104FD000CB18053300221A70FB1D1A7850491300B4
:104FE000DB009B18CB18063300221A70FB1D1A78C1
:104FF0004B491300DB009B18CB18073300221A70B3
:10500000FB1D1B783A339BB29B009BB214257C1985
:105010000E22BA1811001800FEF702FC03002380CC
:105020007B191B88002B2DD1FB1D1B783A339BB2BB
:105030009B009BB200211800FEF752FCFB1D1B7861
:105040003A339BB29B009BB201339BB20021180004
:10505000FEF746FCFB1D1B783A339BB29B009BB2CC
:1050600002339BB200211800FEF73AFCFB1D1B78AF
:105070003A339BB29B009BB203339BB200211800D2
:10508000FEF72EFCFB1D1B78180002F0D5FA03007A
:105090003B613B691B68234A934202D101F082FDC8
:1050A0002BE03B691B68204A934202D101F0B8FD16
:1050B00023E03B691B681D4A934202D101F0EEFDDB
:1050C0001BE03B691B681A4A934202D101F024FE9F
:1050D00013E03B691B68174A934202D101F054FE6A
:1050E0000BE03B691B68144A934202D101F07CFE3D
:1050F00003E01723FB18FF221A70FB1D1B780F4AD1
:105100000021D1540E493B69012218000BF088F9A7
:105110001723FB181B781800BD4606B0B0BDC0466B
:105120007C2D002000380140004400400048004031
:10513000004C004000500040003C01407011002035
:1051400032140020F0B585B000AF05000C0010004F
:105150001900FB1D2A1C1A70BB1D221C1A707B1D16
:10516000021C1A703B1D0A1C1A700F23FB18002228
:105170001A70FB1D1A78D2491300DB009B18CB185C
:1051800001331B78002B02D10B2300F092FBFB1D97
:105190001A78CB491300DB009B18CB1802333A1D59
:1051A00012781A70FB1D1A78C5491300DB009B1892
:1051B000CB18DA1C202308201B18DB191B7813706E
:1051C000FB1D1A78BE491300DB009B18CB18043373
:1051D00024221218D21912781A70FB1D1A78B849B5
:1051E0001300DB009B18CB18053328221218D219A4
:1051F00012781A70FB1D1A78B1491300DB009B1856
:10520000CB1806332C221218D21912781A70FB1DF3
:105210001A78AB491300DB009B18CB1807333022F8
:105220001218D21912781A7034221318DB191B784D
:10523000012B08D01318DB191B78002B1AD1BB1DCA
:105240001B78002B16D0FB1D1A789D491300DB003C
:105250009B18CB1808331B78FA1D127801210B43D9
:10526000D8B297491300DB009B18CB180833021CF7
:105270001A7020E0342308229B18DB191B78002BBE
:1052800019D1BB1D1B78002B15D1FB1D1A788C4939
:105290001300DB009B18CB1808331B78FA1D12781B
:1052A00001218B43D8B286491300DB009B18CB1831
:1052B0000833021C1A70342208215318DB191B789A
:1052C000012B08D05318DB191B78002B1AD17B1D3A
:1052D0001B78002B16D0FB1D1A7879491300DB00D0
:1052E0009B18CB1808331B78FA1D127802210B4348
:1052F000D8B273491300DB009B18CB180833021C8B
:105300001A7020E0342308229B18DB191B78002B2D
:1053100019D17B1D1B78002B15D1FB1D1A7868490C
:105320001300DB009B18CB1808331B78FA1D12788A
:1053300002218B43D8B262491300DB009B18CB18C3
:105340000833021C1A70342208215318DB191B7809
:10535000012B08D05318DB191B78002B1AD13B1DE9
:105360001B78002B16D0FB1D1A7855491300DB0063
:105370009B18CB1808331B78FA1D127804210B43B5
:10538000D8B24F491300DB009B18CB180833021C1E
:105390001A7020E0342308229B18DB191B78002B9D
:1053A00019D13B1D1B78002B15D1FB1D1A784449E0
:1053B0001300DB009B18CB1808331B78FA1D1278FA
:1053C00004218B43D8B23E491300DB009B18CB1855
:1053D0000833021C1A70342208215318DB191B7879
:1053E000012B0AD05318DB191B78002B1CD120236A
:1053F0005B18DB191B78002B16D0FB1D1A7830497F
:105400001300DB009B18CB1808331B78FA1D1278A9
:1054100008210B43D8B22A491300DB009B18CB1894
:105420000833021C1A7022E0342308229B18DB196F
:105430001B78002B1BD120239B18DB191B78002B1A
:1054400015D1FB1D1A781E491300DB009B18CB18E1
:1054500008331B78FA1D127808218B43D8B21849FB
:105460001300DB009B18CB180833021C1A7034227F
:1054700008215318DB191B78012B0AD05318DB19AC
:105480001B78002B1ED124235B18DB191B78002B03
:1054900018D0FB1D1A780A491300DB009B18CB18A3
:1054A00008331B78FA1D127810210B43D8B2044937
:1054B0001300DB009B18CB180833021C1A7024E081
:1054C0007C2D0020342308229B18DB191B78002B2D
:1054D0001BD124239B18DB191B78002B15D1FB1D36
:1054E0001A786B491300DB009B18CB1808331B7824
:1054F000FA1D127810218B43D8B265491300DB00E6
:105500009B18CB180833021C1A7034220821531838
:10551000DB191B78012B0AD05318DB191B78002BE1
:105520001CD128235B18DB191B78002B16D0FB1D20
:105530001A7857491300DB009B18CB1808331B78E7
:10554000FA1D127820210B43D8B251491300DB0019
:105550009B18CB180833021C1A7022E0342308224F
:105560009B18DB191B78002B1BD128239B18DB19F8
:105570001B78002B15D1FB1D1A7845491300DB0061
:105580009B18CB1808331B78FA1D127820218B4307
:10559000D8B23F491300DB009B18CB180833021C1C
:1055A0001A70342208215318DB191B78012B0AD0FA
:1055B0005318DB191B78002B1CD12C235B18DB192B
:1055C0001B78002B16D0FB1D1A7831491300DB0025
:1055D0009B18CB1808331B78FA1D127840210B4317
:1055E000D8B22B491300DB009B18CB180833021CE0
:1055F0001A7022E0342308229B18DB191B78002B39
:105600001BD12C239B18DB191B78002B15D1FB1DFC
:105610001A781F491300DB009B18CB1808331B783E
:10562000FA1D127840218B43D8B219491300DB00D0
:105630009B18CB180833021C1A7034220821531807
:10564000DB191B78012B0AD05318DB191B78002BB0
:1056500020D130235B18DB191B78002B1AD0FB1DDF
:105660001A780B491300DB009B18CB1808331B7802
:10567000FA1D1278802149420B43D8B20449130025
:10568000DB009B18CB180833021C1A7025E0C046BB
:105690007C2D0020342308229B18DB191B78002B5B
:1056A0001BD130239B18DB191B78002B15D1FB1D58
:1056B0001A7882491300DB009B18CB1808331B783B
:1056C000FA1D12787F210B40D8B27C491300DB0011
:1056D0009B18CB180833021C1A70FB1D1B783A3339
:1056E0009BB29B009BB20C26BC1908257A191100AD
:1056F0001800FEF795F803002380BB191B88002BC8
:1057000000D0D1E02C003B191B881B0A9AB20B2554
:105710007B191A703B191B88D9B2FB1D1A78674890
:105720001300DB009B18C31808331B7899421ED066
:105730007B191B781B0219B2FB1D1A785F481300F6
:10574000DB009B18C31808331B781BB20B431BB23A
:105750009AB23B191A80FB1D1B783A339BB29B000F
:105760009AB23B191B8819001000FEF7B9F8FB1D0F
:105770001B783A339BB29B009BB201339BB2082447
:105780003A1911001800FEF74BF83B191B88190055
:105790003B1D1B781A02282408256319DB191B7886
:1057A0001343994215D0FB1D1B783A339BB29B00E3
:1057B0009BB2013398B23B1D1B781B021AB26319CE
:1057C000DB191B781BB213431BB29BB21900FEF707
:1057D00087F8FB1D1B783A339BB29B009BB20233C8
:1057E0009BB208243A1911001800FEF719F83B196A
:1057F0001B88190020240826A319DB191B781A021C
:105800002C25AB19DB191B781343994216D0FB1DCD
:105810001B783A339BB29B009BB2023398B2A31918
:10582000DB191B781B021AB2AB19DB191B781BB2F0
:1058300013431BB29BB21900FEF752F8FB1D1B78F5
:105840003A339BB29B009BB203339BB208243A19B4
:1058500011001800FDF7E4FF3B191B8819002424F0
:105860000826A319DB191B781A023025AB19DB199E
:105870001B781343994219D0FB1D1B783A339BB216
:105880009B009BB2033398B2A319DB191B781B0250
:105890001AB2AB19DB191B781BB213431BB29BB2B4
:1058A0001900FEF71DF801E00B2302E00F23FB189F
:1058B0001B781800BD4605B0F0BDC0467C2D002009
:1058C00080B500AF1D4B1E4A1A601C4B8022120689
:1058D0005A601A4B00229A60184B0022DA60174B6C
:1058E000802212061A61154B04225A61134B0022C2
:1058F0001A76124B00225A76104B01229A760F4BE1
:105900002022002199540D4B00225A620B4B002299
:105910009A620A4B2C2200219954084B00221A63E8
:10592000064B180005F0A2FC031E01D000F0A8FBF6
:10593000044B01221A70C046BD4680BD002E0020D7
:1059400000240140802E002090B58BB000AF78601D
:1059500014243B19180014231A00002111F0AFFD84
:10596000274B1A6C264B802149030A431A64244BA7
:105970001A6C80235B0313403B613B69204B5A6BDD
:105980001F4B01210A435A631D4B5B6B01221340DD
:10599000FB60FB681A4B5A6B194B02210A435A638E
:1059A000174B5B6B02221340BB60BB68154B1B7827
:1059B000012B10D13B190C221A603B1903225A60AB
:1059C0003B1900229A603A19A023DB051100180048
:1059D00007F072FA10E014217B18C02212011A603D
:1059E0007B1803225A607B1800229A607B18064AB3
:1059F0001900100007F060FAC046BD460BB090BD1C
:105A0000001002408C2E00200004005080B582B0AF
:105A100000AF02003960FB1D1A70FB1D1B78022BC2
:105A200003D0FB1D1B78032B38D1FB1D1B78022BE9
:105A300003D11C4B01221A7002E01A4B01225A704A
:105A4000FB1D1B78180001F0F7FD030018000AF099
:105A50005BFBFB1D1B78144A0621D154FB1D1B78F0
:105A6000180001F0E9FD02003B681900100000F089
:105A7000B1FA03009AB20D4B1A803A68FB1D1B78ED
:105A80001100180000F004FB03001A00084B1A7004
:105A9000084B1B78002B01D1FFF712FFC046BD4613
:105AA00002B080BD8C2E002070110020702E0020CE
:105AB000812E0020802E002090B585B000AFB96007
:105AC0007A600F243B19021C1A70384B1B78012B8B
:105AD0005CD13B191B78180001F0AEFD0200BB68D9
:105AE0001900100000F076FA03009AB2304B1A80C9
:105AF000BA683B191B781100180000F0C9FA0300BE
:105B00001A002C4B1A702A4B1B881A002A4B1A6059
:105B1000294B01225A60284B06229A60264A274BBD
:105B20001100180005F074FE031E01D000F0A8FA61
:105B3000224B180005F042FD204B6421180005F0AF
:105B4000C7FD1E4B180005F057FE0100194B1B78CE
:105B50001A0089B21A4B5200D152184B180005F0A6
:105B60007BFD134B1B881A00134B1A60124B022249
:105B70005A60114B06229A600F4A104B1100180010
:105B800005F046FE031E01D000F07AFA094B1B789F
:105B90001A000B4B5200D35A1800EBF733FA021CD1
:105BA0007B681A60C046BD4605B090BD802E0020BF
:105BB000702E0020812E0020642E0020002E002058
:105BC000742E0020B0B582B000AF78603960694BA8
:105BD0001B78002B01D1FFF773FE674B674A1A60F1
:105BE000654B01225A60644B02229A60624A644B00
:105BF0001100180005F00CFE031E01D000F040FA61
:105C00005F4B180005F0DAFC5D4B6421180005F0CD
:105C10005FFD5B4B180005F0EFFD03009AB2594B96
:105C20001A80584B1B881800EDF726F8564A574B38
:105C3000ECF78AF902000B00100019000022544B07
:105C4000EBF788FD02000B0010001900514A524B7F
:105C5000ECF73CFC02000B00100019004F4A504BBF
:105C6000EBF778FD02000B001000190000224D4BED
:105C7000EBF710FA02000B0010001900EDF79AF88C
:105C8000021C7B681A603E4B180005F0E5FC3A4B9D
:105C90003A4A1A60384B02225A60374B02229A6005
:105CA000354A374B1100180005F0B2FD031E01D034
:105CB00000F0E6F9304B3C4A1A602F4B01225A6043
:105CC0002D4B06229A602C4A2D4B1100180005F02E
:105CD0009FFD031E01D000F0D3F9294B180005F0F9
:105CE0006DFC274B6421180005F0F2FC244B1800D2
:105CF00005F082FD03009AB22C4B1A802C4B1B88B6
:105D00001800ECF7B9FF204A204BECF71DF9020010
:105D10000B0014001D00254B1B881800ECF7ACFF8E
:105D200002000B0020002900EBF714FD02000B001D
:105D300010001900EDF73EF8021C3B681A60104B8A
:105D4000180005F089FC0C4B174A1A600A4B022216
:105D50005A60094B02229A60074A094B1100180049
:105D600005F056FD031E01D000F08AF9C046BD467D
:105D700002B0B0BD802E0020642E0020001000B0C4
:105D8000002E00207C2E00206666666666660A404D
:105D900000FEAF408FC2F5285C8FF63F33333333BC
:105DA0003333114000003940002000B47E2E002023
:105DB000BAF7FF1F80B588B000AF02003960FB1D45
:105DC0001A70FB1D1B78022B04D0FB1D1B78032BC4
:105DD00000D0E0E0724B1B78002B56D1FFF770FD2E
:105DE000FB1D1B78180001F027FC030018000AF0C7
:105DF0008BF9FB1D1B78032B24D18023DB00694A20
:105E00001900100007F0C4F90C217B188022D20081
:105E10001A607B1801225A607B180222DA607B1814
:105E2000604A1900100007F047F8FB1D1B785E4A16
:105E30000621D1548023DB005A480122190007F0C3
:105E40009CFA22E0A023DB050421180007F0A0F94A
:105E50000C217B1804221A607B1801225A607B18DF
:105E60000222DA607A18A023DB051100180007F07F
:105E700023F8FB1D1B784C4A0621D154A023DB05D7
:105E800001220421180007F078FAFB1D1B78180086
:105E900001F0D2FB0200454B1900100000F09AF807
:105EA00003009AB2424B1A80414B1B881A00414BA7
:105EB0001A60404B01225A603E4B02229A603D4AD2
:105EC0003D4B1100180005F0A3FC031E01D000F0AB
:105ED000D7F8394B180005F071FB374B64211800D7
:105EE00005F0F6FB344B180005F086FC03001800A3
:105EF000EBF788F8021C314B1A60304B1B68181CFA
:105F0000ECF710FF2E4A2F4BECF71EF802000B00A7
:105F10001000190000222C4BEBF71CFC02000B00B8
:105F200010001900ECF746FF021C244B1A60234BAB
:105F30001B682649181CEAF757FD031C181CECF7D0
:105F4000F1FE1F4A1F4BEBF705FC02000B0010008F
:105F50001900ECF72FFF021C1D4B1A601C4B1A682E
:105F60003B681A60144B180005F076FB104B1B8839
:105F70001A00104B1A600F4B02225A600D4B02227E
:105F80009A600C4A0C4B1100180005F041FC031EEE
:105F900001D000F075F8C046181CBD4608B080BDA1
:105FA000802E00200004005070110020E0F3020851
:105FB000702E0020642E0020002E0020842E002051
:105FC0006666666666660A4000FEAF400000C8422C
:105FD000882E002080B582B000AF786039607B6881
:105FE0001B681F4A934209D11E4A3B6811001800E2
:105FF000EAF78AF8031E01D11B4B2CE07B681B6873
:10600000174A934209D1194A3B6811001800EAF770
:106010007BF8031E01D1164B1DE07B681B68154AF7
:10602000934209D10F4A3B6811001800EAF76CF857
:10603000031E01D1104B0EE07B681B680D4A934292
:1060400009D10A4A3B6811001800EAF75DF8031EFF
:1060500001D10A4BFFE71800BD4602B080BDC04623
:1060600000440040E8F3020804000008E0F30208DE
:106070000800000C004800400008002C0080003C94
:1060800080B500AF642004F04BFFC046BD4680BD24
:1060900080B582B000AF02003960FB1D1A70FB1D95
:1060A0001B78022B0BD1204A3B6811001800EAF73D
:1060B0002BF8031E03D11D4B00221A702EE0FB1D8E
:1060C0001B78022B0BD11A4A3B6811001800EAF723
:1060D0001BF8031E03D1154B01221A701EE0FB1D95
:1060E0001B78032B0BD1104A3B6811001800EAF70C
:1060F0000BF8031E03D10D4B02221A700EE0FB1D9C
:106100001B78032B0AD10A4A3B6811001800E9F7F3
:10611000FBFF031E02D1054B03221A70034B1B78B1
:106120001800BD4602B080BDE8F30208812E0020B1
:10613000E0F3020880B582B000AF0200FB1D1A70C8
:10614000C046BD4602B080BD80B582B000AF02003F
:10615000FB1D1A70C046BD4602B080BD80B582B03E
:1061600000AF0200FB1D1A70C046BD4602B080BDE4
:1061700080B582B000AF0200FB1D1A70BB1D0A1C67
:106180001A70C046BD4602B080BD80B582B000AF77
:106190000200FB1D1A70BB1D0A1C1A70C046BD46CA
:1061A00002B080BD80B500AFBFF34F8FC046044B37
:1061B000044ADA60BFF34F8FC046C046FDE7C046D1
:1061C00000ED00E00400FA0580B500AF04F08CFE9D
:1061D00001F076FCC046BD4680BD000080B584B0AD
:1061E00002AF0B4B7B600B4B18787968FF23009351
:1061F000FF23112201F06EF9064B1878064B19683F
:10620000FF230093FF230F2201F064F9FFF7CAFF79
:1062100004F40208381400208002002080B500AF8A
:10622000C046BD4680BD000080B582B000AF0023EF
:106230007B60074B18000AF053FA7B68002B03D0F1
:10624000044B802252051A60C046BD4602B080BD94
:10625000D421002004ED00E080B582B000AF00231F
:106260007B60074B18000AF03BFA7B68002B03D0D9
:10627000044B802252051A60C046BD4602B080BD64
:106280006822002004ED00E080B582B000AF00235A
:106290007B600D4B18000AF023FA0C4B18000AF033
:1062A0001FFA0B4B18000AF01BFA0A4B18000AF0F1
:1062B00017FA7B68002B03D0074B802252051A6027
:1062C000C046BD4602B080BDFC22002090230020C5
:1062D00024240020B824002004ED00E080B584B020
:1062E00000AF78600023FB607B68DB6F002B03D07E
:1062F0007B681800FCF728FC7B681800FCF7AEF8F8
:1063000003001A00064B9200D3580C22BA18110051
:10631000180002F0E4FAC046BD4604B080BDC04695
:10632000741E0020B0B584B000AF78607B6888220E
:10633000202199500F257C197B681800FCF78EF8F6
:106340000300237029007B181B78254AD35C022B9D
:1063500013D17B181B785A1E224B9200D3581B680E
:10636000283319007B6880229B581B685B689AB2AF
:106370007B6818000AF0BAF82EE00F243B191B784E
:10638000013B194A0021D1543B191B78013B174AA4
:106390000021D1543B191B785A1E13005B009B1837
:1063A0009B01134A9B18C0220021180011F087F8A6
:1063B0003B191B785A1E13005B009B189B010C4A6B
:1063C00099187B68C02218000AF090F83B191B78D6
:1063D000013B084A0121D154C046BD4604B0B0BDBE
:1063E00070110020A01C00201C110020241100208E
:1063F000E0170020E81C002080B582B000AF786074
:10640000C046BD4602B080BD80B582B000AF7860A6
:10641000104B01221A707B681B680F4A934203D10C
:106420007B6818000CF017FC7B681B680B4A9342D2
:1064300003D17B6818000CF00EFC7B681B68084ACF
:10644000934203D17B6818000CF005FCC046BD46A2
:1064500002B080BD2A1E00200038014000440040E8
:106460000048004080B586B002AF786039600B4BC1
:10647000FB600B4B1878F968FF230093FF23102271
:1064800001F028F8064B1878064B1968FF23009393
:10649000FF230F2201F01EF8FFF784FE18F4020814
:1064A000381400208002002080B584B002AF0B4B6E
:1064B0007B600B4B18787968FF230093FF2314222D
:1064C00001F008F8064B1878064B1968FF23009373
:1064D000FF230F2200F0FEFFFFF764FE2CF40208FA
:1064E000381400208002002080B500AF294BDA6DFF
:1064F000284B802109020A43DA65274B274A1A6094
:10650000254B00229A60244B7C22DA60224B244ADD
:106510001A61214B00225A611F4B00229A611E4BC7
:106520000022DA611C4B8022D2051A621A4B00222B
:106530005A62194B180007F091FF031E01D0FF2388
:1065400025E0154B0121180008F026FB0300154A31
:10655000934202D000F02AF811E00E4B1A6E80230D
:106560001B05134002D0104B00221A70094B1A6E03
:106570008023DB04134002D00B4B01221A70054B21
:106580001A6E044B802109040A431A66002318007E
:10659000BD4680BD00100240E02E002000280040D3
:1065A000CF070000F23200000C2F0020B0B58EB0F3
:1065B00000AF0C257B195A4A13CA13C33B00594A32
:1065C00003CA03C312781A707B19093318000FF03D
:1065D0002EFB02003523FB181A707B1900229A71DA
:1065E0007B19043318000FF022FB02003423FB1840
:1065F0001A707B190022DA703623FB1800221A70F9
:1066000019E036243B191A78474B9200D2580C23D4
:10661000FB1811001800E9F777FD031E05D1372399
:10662000FB183A19127801321A7036217B181A7841
:106630007B1801321A703623FB181B780B2BE0D91C
:106640003B00063318000FF0F2FA02003323FB1868
:106650001A700C243B1900225A713B0003331800B6
:106660000FF0E5FA02003223FB181A703B190022E2
:106670009A703B0018000FF0DAFA02003123FB1881
:106680001A702C217B183522BA181278DA707B1810
:106690003722BA1812785A707B183422BA18127836
:1066A0009A707B1801221A707918204B002218006A
:1066B00008F082F8031E01D0FF232CE018217B187C
:1066C0003122BA1812781A707B183222BA1812784E
:1066D0005A707B183322BA1812789A707B180022ED
:1066E000DA70134B18225A737B180022DA607B1879
:1066F00000221A6179180D4B0022180007F058FF8C
:10670000031E01D0FF2306E00A4A084B01211800AE
:1067100008F025FA00231800BD460EB0B0BDC046F3
:106720004CF4020858F4020844000020E02E002037
:1067300050110020F2320000B0B588B000AF050063
:106740000C0010001900FB1D2A1C1A70BB1D221C16
:106750001A703B1D021C1A80FB1C0A1C1A703B1D80
:106760001B88DBB23033DAB21C217B18DA707B185D
:10677000FA1D12785A707B18BA1D12789A707B181D
:10678000FA1C12781A707918324B0022180008F09F
:1067900013F8031E01D0FF2358E008217B1838208E
:1067A0003A1812781A707B183422BA1812785A7074
:1067B0007A183023FB181B7893707B1800221A611B
:1067C0003B181B780C2B02D9234B18225A733C23FD
:1067D000FB181B78012B07D10823FB180022DA7065
:1067E0001D4B0C225A730FE03C23FB181B78022B25
:1067F00007D10823FB180122DA70174B0C225A73B9
:1068000002E0154B18225A730823F918114B002285
:10681000180007F0CDFE031E01D0FF2316E00E4B3B
:106820005B7B1B021AB20C4B1B791BB213431BB2CE
:106830009AB28D235B0011001800FDF751F8074A4A
:10684000044B0121180008F08AF900231800BD4606
:1068500008B0B0BDE02E002050110020F232000040
:1068600090B587B000AF39001F4B0022180007F029
:1068700047FF142439191C4B0022180008F02EF889
:106880003B00DB78DB09DBB20133DAB2174BDA7499
:106890003B005B685B089AB2144BDA813B009A7844
:1068A000124B1A743B005A78104B5A743B001A78FA
:1068B0000E4B9A743B199A780C4B5A753B195A78BF
:1068C0000A4B9A753B191A78084B1A753B19DB78F5
:1068D0009BB2FA22D200944663449AB2034B1A83C5
:1068E000C046BD4607B090BDE02E002050110020EC
:1068F00080B500AF194B1A4A1A60184B8222520019
:106900005A60164B00229A60144BE022D200DA60E3
:10691000124B00221A61114B00225A610F4B802248
:1069200092009A610D4B0022DA610C4B00221A6230
:106930000A4B00225A62094B00229A62074B072237
:10694000DA62064B00221A63044B08225A63034B97
:10695000180008F03DF9C046BD4680BD602F0020FC
:106960000038004090B58BB000AF786014243B191C
:10697000180014231A00002110F0A1FD7B681B6889
:10698000264A934245D1264BDA6B254B8021C9011B
:106990000A43DA63224BDA6B8023DB0113403B614D
:1069A0003B691F4B5A6B1E4B02210A435A631C4B17
:1069B0005B6B02221340FB60FB683B1904221A60E8
:1069C0003B1902225A603B1900229A603B190022AF
:1069D000DA603B1901221A613B19124A19001000B2
:1069E00006F06AFA21007B18A02212021A607B18B6
:1069F00002225A607B1800229A607B180022DA601B
:106A00007B1800221A617B18064A1900100006F054
:106A100053FAC046BD460BB090BDC046003800409A
:106A2000001002400004005080B582B000AF174B48
:106A30001A6C164B802189020A431A64134B1A6C94
:106A400080239B0213407B607B68114B114A1A60C4
:106A50000F4B2F225A600E4B00229A600C4B0E4AAD
:106A6000DA600B4B00221A61094B00225A61084B75
:106A700000229A61064B180009F0ACF9044B18008B
:106A800009F008FAC046BD4602B080BD00100240C1
:106A90002830002000440140FFFF000080B582B094
:106AA00000AF174B1A6C164B8021C9020A431A64B7
:106AB000134B1A6C8023DB0213407B607B68114B05
:106AC000114A1A600F4B114A5A600E4B00229A600D
:106AD0000C4B0F4ADA600B4B00221A61094B002263
:106AE0005A61084B00229A61064B180009F072F9AE
:106AF000044B180009F0CEF9C046BD4602B080BD77
:106B00000010024074300020004801407FBB0000AC
:106B1000FFFF000080B584B000AF0200BB1D1A80EB
:106B20000023FB6001F014FBBB1D1B88002B0DD064
:106B3000094B1B685B6AFB60C046074B1B685A6ABF
:106B4000FB68D21ABB1D1B889A42F6D901F012FBD2
:106B5000C046BD4604B080BD2830002080B584B05A
:106B600000AF0200BB1D1A800023FB6001F0F0FAA9
:106B7000BB1D1B88002B0DD0094B1B685B6AFB609B
:106B8000C046074B1B685A6AFB68D21ABB1D1B889C
:106B90009A42F6D901F0EEFAC046BD4604B080BD77
:106BA0007430002080B500AF1B4B1C4A1A601A4B92
:106BB000E12212035A60184B00229A60164B002201
:106BC000DA60154B00221A61134B0C225A61124BEA
:106BD00000229A61104B0022DA610F4B00221A62E8
:106BE0000D4B00225A620C4B00229A620A4B18008D
:106BF00009F034FA084B002118000CF097F8064B06
:106C0000002118000CF0D2F8034B18000CF054F8D7
:106C1000C046BD4680BDC046D4210020003801409A
:106C200080B500AF1B4B1C4A1A601A4BE1221203BD
:106C30005A60184B00229A60164B0022DA60154BFE
:106C400000221A61134B0C225A61124B00229A61E6
:106C5000104B0022DA610F4B00221A620D4B00220A
:106C60005A620C4B00229A620A4B180009F0F6F99E
:106C7000084B002118000CF059F8064B00211800B1
:106C80000CF094F8034B18000CF016F8C046BD4603
:106C900080BDC046682200200044004080B500AF9F
:106CA0001B4B1C4A1A601A4BE12212035A60184B04
:106CB00000229A60164B0022DA60154B00221A61FE
:106CC000134B0C225A61124B00229A61104B002286
:106CD000DA610F4B00221A620D4B00225A620C4BF4
:106CE00000229A620A4B180009F0B8F9084B0021FB
:106CF00018000CF01BF8064B002118000CF056F899
:106D0000034B18000BF0D8FFC046BD4680BDC046FF
:106D1000FC2200200048004080B500AF184B194A03
:106D20001A60174BE12212035A60154B00229A6039
:106D3000134B0022DA60124B00221A61104B0C2216
:106D40005A610F4B00229A610D4B0022DA610C4B05
:106D500000221A620A4B00229A62094B180009F0BD
:106D60007DF9074B08229A62054B802212029A6332
:106D7000034B180009F072F9C046BD4680BDC046FD
:106D800090230020004C004080B500AF144B154A02
:106D90001A60134BE12212035A60114B00229A60D1
:106DA0000F4B0022DA600E4B00221A610C4B0C22B2
:106DB0005A610B4B00229A61094B0022DA61084BA1
:106DC00000221A62064B00225A62054B00229A6288
:106DD000034B180009F042F9C046BD4680BDC046CD
:106DE000242400200050004080B500AF144B154A09
:106DF0001A60134BE12212035A60114B00229A6071
:106E00000F4B0022DA600E4B00221A610C4B0C2251
:106E10005A610B4B00229A61094B0022DA61084B40
:106E200000221A62064B00225A62054B00229A6227
:106E3000034B180009F012F9C046BD4680BDC0469C
:106E4000B8240020003C0140B0B5A6B000AF786087
:106E500084243B19180014231A00002110F02FFB82
:106E600038257B1918004C231A00002110F027FB4D
:106E70007B681B68CB4A934200D081E07B190122DA
:106E80001A607B1900225A607B19180007F0AAF8D3
:106E9000C54B1A6CC44B8021C9010A431A64C24B0A
:106EA0001A6C8023DB0113407B637B6BBE4B5A6BF8
:106EB000BD4B01210A435A63BB4B5B6B012213405C
:106EC0003B633B6B3B19802292001A603B19022204
:106ED0005A603B1900229A603B190022DA603B1984
:106EE00001221A613A19A023DB051100180005F0F0
:106EF000E3FF21007B188022D2001A607B18022257
:106F00005A607B1800229A607B180022DA607B1896
:106F100001221A617A18A023DB051100180005F080
:106F2000CBFFA24BA24A1A60A04B32225A609F4B61
:106F300000229A609D4B0022DA609C4B80221A61ED
:106F40009A4B00225A61994B00229A61974B20225A
:106F5000DA61964B00221A62944B180005F0B2FADF
:106F60007B688021914A5A50904B7A689A6200223D
:106F700000211B2005F018F81B2005F02AF88DE2EF
:106F80007B681B688B4A934200D081E038217B18D4
:106F900002221A607B1800229A607B18180007F002
:106FA00021F8814BDA6B804B802189020A43DA6336
:106FB0007D4BDA6B80239B021340FB62FB6A7A4BAA
:106FC0005A6B794B01210A435A63774B5B6B012261
:106FD0001340BB62BB6A84243B1904221A603B192C
:106FE00002225A603B1900229A603B190022DA60A3
:106FF0003B1901221A613A19A023DB051100180080
:1070000005F05AFF21007B1808221A607B18022223
:107010005A607B1800229A607B180022DA607B1885
:1070200001221A617A18A023DB051100180005F06F
:1070300043FF614B614A1A605F4B34225A605E4BDA
:1070400000229A605C4B0022DA605B4B80221A615E
:10705000594B00225A61584B00229A61564B20220C
:10706000DA61554B00221A62534B180005F02AFAD8
:107070007B688021504A5A504F4B7A689A620022AE
:1070800000211C2004F090FF1C2004F0A2FF05E268
:107090007B681B684A4A934200D099E038217B18EC
:1070A00004221A607B180022DA607B18180006F0B0
:1070B00099FF3D4BDA6B3C4B8021C9020A43DA63EE
:1070C000394BDA6B8023DB0213407B627B6A364BE1
:1070D0005A6B354B02210A435A63334B5B6B0222D6
:1070E00013403B623B6A84217B188022D2001A60E5
:1070F0000C003B1902225A603B1900229A603B198E
:107100000022DA603B1904221A613B192D4A19004A
:10711000100005F0D1FE21007B18802212011A60B8
:107120007B1802225A607B1800229A607B1800228A
:10713000DA607B1804221A617B18224A19001000B9
:1071400005F0BAFE204B214A1A601F4B36225A60C6
:107150001D4B00229A601C4B0022DA601A4B8022E1
:107160001A61194B00225A61174B00229A61164B83
:107170002022DA61144B00221A62134B180005F02A
:10718000A1F97B688021104A5A500F4B7A689A62A5
:10719000002200211D2004F007FF1D2004F019FF2C
:1071A0007CE1C0460038014000100240243100203C
:1071B0000800024000440040843100201C000240CE
:1071C0000048004000040050E4310020300002403C
:1071D0007B681B68B34A93426AD1B34BDA6BB24BFC
:1071E000802109030A43DA63AF4BDA6B80231B0368
:1071F0001340FB61FB6984243B1901221A603B198F
:1072000002225A603B1900229A603B190022DA6080
:107210003B1904221A613A19A023DB05110018005A
:1072200005F04AFE21007B1802221A607B18022218
:107230005A607B1800229A607B180022DA607B1863
:1072400004221A617A18A023DB051100180005F04A
:1072500033FE964B964A1A60944B38225A60934BF1
:1072600000229A60914B0022DA60904B80221A61D2
:107270008E4B00225A618D4B00229A618B4B20224B
:10728000DA618A4B00221A62884B180005F01AF95D
:107290007B688021854A5A50844B7A689A62002222
:1072A00000211D2004F080FE1D2004F092FEF5E078
:1072B0007B681B687F4A934274D17B4BDA6B7A4BB5
:1072C000802149000A43DA63774BDA6B80235B0045
:1072D0001340BB61BB69744B5A6B734B08210A4363
:1072E0005A63714B5B6B082213407B617B6984247A
:1072F0003B1908221A603B1902225A603B190022EE
:107300009A603B190022DA603B1903221A613B198B
:10731000694A1900100005F0CFFD21007B180422F6
:107320001A607B1802225A607B1800229A607B1830
:107330000022DA607B1803221A617B185E4A19006A
:10734000100005F0B9FD5D4B5D4A1A605B4B4A22A7
:107350005A605A4B00229A60584B0022DA60574B11
:1073600080221A61554B00225A61544B00229A61C7
:10737000524B2022DA61514B00221A624F4B180007
:1073800005F0A0F87B6880214C4A5A504B4B7A6834
:107390009A62002200211D2004F006FE1D2004F048
:1073A00018FE7BE07B681B68464A934276D13E4BD1
:1073B000DA6B3D4B802189000A43DA633A4BDA6B82
:1073C00080239B0013403B613B69374B5A6B364B24
:1073D00001210A435A63344B5B6B01221340FB606B
:1073E000FB6884217B18802252001A600C003B1934
:1073F00002225A603B1900229A603B190022DA608F
:107400003B1903221A613B192F4A1900100005F09D
:1074100053FD21007B18802292001A607B18022203
:107420005A607B1800229A607B180022DA607B1871
:1074300003221A617B18244A1900100005F03CFD54
:10744000224B234A1A60214B4C225A601F4B0022C8
:107450009A601E4B0022DA601C4B80221A611B4B83
:1074600000225A61194B00229A61184B2022DA61DE
:10747000164B00221A62154B180005F023F87B68A2
:107480008021124A5A50114B7A689A6200220021D8
:107490001D2004F089FD1D2004F09BFDC046BD4663
:1074A00026B0B0BD004C0040001002404432002025
:1074B0004400024000500040000C0050A432002064
:1074C00058000240003C01400004005004330020FA
:1074D0006C000240B0B586B000AFB96011007B60AF
:1074E0000F243B19021C1A700C23FB180A1C1A806B
:1074F0001723FB1801221A703B191B78180000F0A3
:107500009BF8031E32D03B191A781C4B9200D358BB
:107510007A681100180000F057FA031E26D113E014
:107520000F23FB181B78180000F086F805001723BE
:10753000FC18B86A0C23FB181A88B96803002800E5
:1075400008F02AFE030023701722BB181B78002BBB
:1075500003D0BB181B78032BE2D10F23FB181A783A
:10756000064B9200D358180000F078FA1723FB1846
:107570001B781800BD4606B0B0BDC046741E002082
:10758000F0B587B000AFB96011007B600F243B19E4
:10759000021C1A700C257B190A1C1A801726BB19AD
:1075A00001221A703B191B78180000F045F8031EE1
:1075B00019D03B191A780F4B9200D3587A681100F2
:1075C000180000F001FA031E0DD13B191B781800BA
:1075D00000F032F8BC197B191A88BB68190008F052
:1075E00077FE030023701723FB181B781800BD4695
:1075F00007B0F0BD741E002090B585B000AF02004A
:107600003960FB1D1A700F243B1900221A70FB1DF4
:107610001B78180000F010F80300BB60BB683A68E4
:107620005A60BB68180008F019FD3B191B78180058
:10763000BD4605B090BD000080B582B000AF02002D
:10764000FB1D1A70FB1D1B78062B10D89A000A4BE5
:10765000D3181B689F46094B0AE0094B08E0094B09
:1076600006E0094B04E0094B02E0094B00E000236F
:107670001800BD4602B080BD6CF4020890230020C3
:1076800068220020FC220020D42100202424002095
:10769000B824002080B582B000AF78600A00FB1CDF
:1076A0001A707B68002B54D0FB1C1B78012B26D151
:1076B0007B681800FAF7D2FE0300013B8022120219
:1076C0001A411100254B1B785A1E254B5200D35AE4
:1076D0001AB20BB2134319B2204B1B785A1E89B24F
:1076E0001F4B5200D1527B6808229A627B6880222D
:1076F00012029A637B68180008F0B0FC29E0FB1CBA
:107700001B78002B25D17B681800FAF7A7FE030031
:10771000013B802212021A411300D9430F4B1B7800
:107720005A1E0F4B5200D35A1BB20AB2134019B261
:107730000A4B1B785A1E89B2094B5200D1527B6802
:1077400008229A627B6800229A637B68180008F01E
:1077500085FCC046BD4602B080BDC046A1000020E9
:107760002031002080B582B000AFFB1D00221A70CE
:10777000BB1D01221A7035E0204B1B78BA1D127810
:107780009A4211D0BB1D1B78002213211800F3F779
:10779000EBFD3220FFF7E2F9194B1B78002B1CD0D0
:1077A000FB1D02221A7018E07B1D01221A7010E0E6
:1077B000124B1B78591E114B1B785A1E114B490056
:1077C000C95A104B5200D1527B1D1A787B1D0132D1
:1077D0001A707B1D1B78062BEAD9BB1D1A78BB1DBE
:1077E00001321A70084B1B78BA1D12789A42C3D91D
:1077F000FB1D1B781800BD4602B080BDA100002013
:107800003614002020310020A000002080B586B072
:1078100000AF0200FB1D1A700F23FB1800221A7024
:107820001623FB1800221A8001233B6118E03B69F4
:10783000DBB21800FFF700FF03009A6B80231B02E6
:107840009A420AD11622BB181B88BA18591C1180FB
:107850001A003B69D9B20C4B99543B6901333B6127
:107860003B69062BE3DD1623FB181A88FB1D1B78EA
:1078700014211800F3F778FD0F23FB181B7818006C
:10788000BD4606B080BDC04604140020174885469A
:1078900000F045F816481749174A002302E0D4586B
:1078A000C4500433C4188C42F9D3144A144C002336
:1078B00001E013600432A242FBD31248124902686D
:1078C00000608A4205D000F02AF80FF0E9FE0BF0C4
:1078D00031FB0E480E4901600E480D4901600E480B
:1078E00001688D4640680047FEE700000040022026
:1078F00000000020F809002020530408000A00209E
:1079000098A40120F03F0220EFBEADDE40100240FF
:1079100001000000000001400000FF1FFEE780B5ED
:1079200000AFC046BD4680BD80B582B000AFEFF36A
:1079300005837B607B685A1E9341DBB21800BD460D
:1079400002B080BD80B500AF01F0A2FD0023180099
:10795000BD4680BD80B584B000AF78607B68FB60B9
:10796000FB68002B01D0FB6800E00123180001F048
:1079700067FC00231800BD4604B080BD80B584B00C
:1079800000AF786039603B68012B11D103220021E0
:10799000012000F054FE0300FB60FB68002B05D0C3
:1079A000F86800230022002100F0B1FEFB6806E029
:1079B0003B683A681100180000F091FE03001800BF
:1079C000BD4604B080BD000080B584B000AF7860D3
:1079D00039600023BB607B68002B01D1802336E037
:1079E0000023FB603B68013303D101235B42FB6052
:1079F00009E03B68002B06D03B68FB60FB68002B6E
:107A000001D10123FB60FFF78FFF031E13D0082372
:107A1000FA187B680021180001F0FCF80300012B24
:107A200001D0FF2313E0BB68002B0FD00A4B80224C
:107A300052051A600AE0FA687B681100180001F02C
:107A40002DF80300012B01D0FF2300E000231800D4
:107A5000BD4604B080BDC04604ED00E080B584B0F2
:107A600000AF78600023FB600023BB60FFF75CFF82
:107A7000031E13D00823FA187B681100180000F0C9
:107A80002EFF0300012B01D0FF2313E0BB68002B66
:107A90000FD00A4B802252051A600AE07868002352
:107AA0000022002100F033FE0300012B01D0FF2350
:107AB000FB60FB681800BD4604B080BD04ED00E02B
:107AC00080B500AF02F01AFA0300012B01D000F0DC
:107AD00093FBC046BD4680BD80B584B000AF7860E2
:107AE0000023FB60082000F0C3FB0300BB60BB6801
:107AF000002B12D000F02CFBBB687A681A60BB68C0
:107B000000225A60074B1B68BA685A60054BBA6876
:107B10001A6000F02FFB0123FB60FB681800BD46D4
:107B200004B080BDAC02002080B588B000AFF86022
:107B3000B9607A600123FB613E4B1B68002B46D184
:107B40003C4B3D4A1A603CE03A4B1B681B681B6883
:107B5000BB61BB691800E8F7E1FA03007B61FA68D2
:107B60007B69D3181B785BB2202B06D0FA687B693F
:107B7000D3181B785BB2002B1ED17A69B969FB68F8
:107B800018000FF0BFFC031E16D12A4B1B681B68A0
:107B90001B7B5BB2002B19DBFB68180000F062F95D
:107BA00003001A00234B1B681B681B7B5BB29A42C5
:107BB0000CD00023FB6109E01E4B1B685A681D4B6B
:107BC0001A601C4B1B68002BBED100E0C046194B4D
:107BD0001B68002B0CD0FB69002B09D17A68174970
:107BE000BB6818000FF09FFC124B00221A601CE0CB
:107BF000104B1B68002B10D00E4B1B681B689B683A
:107C0000FA687968B86898470300FB61FB69002B44
:107C10000BD1084B00221A6007E07A680849BB685C
:107C200018000FF080FC0023FB61FB691800BD46C3
:107C300008B080BD18360020A40200208CF5020890
:107C4000E4F5020880B500AF014B1800BD4680BDC9
:107C5000B433002080B586B000AFF860B9607A60B8
:107C600000237B6100233B617B6800221A6042E0B5
:107C7000FB680133FB60FB681B785BB2002B08D00C
:107C8000FB681B785BB2202BF2D102E0FB6801336A
:107C9000FB60FB681B785BB2002B04D0FB681B7891
:107CA0005BB2202BF2D0FB681B785BB2002B27D095
:107CB0007B6901337B617A69BB689A421BD1FB689F
:107CC0003B6107E07B681B685A1C7B681A60FB6895
:107CD0000133FB60FB681B785BB2002B04D0FB68B0
:107CE0001B785BB2202BEDD17B681B68002B09D180
:107CF00000233B6106E07A69BB689A42BBD302E08D
:107D0000C04600E0C0463B691800BD4606B080BDD5
:107D100080B586B000AFF860B9607A6000233B613F
:107D20001023FA187B6801211800FFF793FF020067
:107D3000434B1A60424B1B68002B2BD0404B1B68F7
:107D40004049062218000FF0DDFB031E22D13E4BF6
:107D50001B78072B02D13C4B00221A703A4B1B7840
:107D60005A1CD1B2384A11701A00384B9200D158BF
:107D7000BA68FB6818000FF0D6FB334B1B78072B53
:107D800005D100237B61304B00221A7052E00123A1
:107D90007B614FE02A4B1B68002B4BD12C4B1B689F
:107DA000002B05D12A4B2B4A1A602B4B01221A704B
:107DB000294B1A78294B1B789A421ED9FB68083345
:107DC0001800234B1B681B685968BB68083B1A00E6
:107DD0000FF0A9FBFB680133214A110018000FF0D6
:107DE00092FCFB6828221A70FB68063329221A705D
:107DF000FB68073320221A7008E0154B1B681B68CC
:107E00005968BA68FB6818000FF08DFB104B1B68AF
:107E10005A680F4B1A60104B1B780133DAB20E4BC5
:107E20001A700B4B1B68002B02D100237B6101E011
:107E300001237B617B691800BD4606B080BDC0464A
:107E40001C36002034F6020820360020A400002052
:107E500024360020A4020020283600206F110020C4
:107E60009AC2020880B584B000AF78600F23FB1877
:107E700000221A700023BB6018E07B681B785BB29D
:107E8000202B0ED1BB68012B0DD00F217B181B7846
:107E90005BB2DBB20133DAB27B181A700123BB602C
:107EA00001E00023BB607B6801337B607B681B784B
:107EB0005BB2002BE1D1BB68012B08D10F217B18ED
:107EC0001B785BB2DBB2013BDAB27B181A700F236E
:107ED000FB181B785BB21800BD4604B080BD80B5AE
:107EE00082B000AF78607B6808331A007B685A6004
:107EF0007B68012252429A607B6808331A007B68D3
:107F0000DA607B6808331A007B681A617B6800229C
:107F10001A60C046BD4602B080BD80B582B000AFD9
:107F200078607B6800221A61C046BD4602B080BD01
:107F300080B584B000AF786039607B685B68FB60B7
:107F40003B68FA685A60FB689A683B689A60FB680D
:107F50009B683A685A60FB683A689A603B687A683E
:107F60001A617B681B685A1C7B681A60C046BD4654
:107F700004B080BD80B584B000AF786039603B68E4
:107F80001B68BB60BB68013303D17B681B69FB6066
:107F90000CE07B680833FB6002E0FB685B68FB6019
:107FA000FB685B681B68BA689A42F6D2FB685A683D
:107FB0003B685A603B685B683A689A603B68FA685D
:107FC0009A60FB683A685A603B687A681A617B6815
:107FD0001B685A1C7B681A60C046BD4604B080BD51
:107FE00080B584B000AF78607B681B69FB607B68FC
:107FF0005B687A6892689A607B689B687A68526866
:108000005A60FB685B687A689A4203D17B689A6819
:10801000FB685A607B6800221A61FB681B685A1E65
:10802000FB681A60FB681B681800BD4604B080BD81
:1080300080B584B000AFF860B9607A60FB68043B3B
:10804000FB60FB68802252041A60FB68043BFB6003
:10805000BA68FB681A60FB68043BFB60084AFB686F
:108060001A60FB68143BFB607A68FB681A60FB6867
:10807000203BFB60FB681800BD4604B080BDC046D5
:108080008580010880B582B000AF00237B6072B6A6
:10809000C0467B68002BFCD0C046C046BD4602B03F
:1080A00080BD80B500AFC046BD4680BD0000000069
:1080B0000B4A13681868203080F30988022080F387
:1080C0001488BFF36F8F3FBCAE4608BC04BC62B6D9
:1080D0001847C046C046C046C046C046C046C04617
:1080E0001C960120C046C04680B500AF0E4B1A68F2
:1080F0000D4BFF2109040A431A600B4B1A680A4B07
:10810000FF2109060A431A6000F090F8074B00228D
:108110001A60FFF7CDFF01F0DDFBFFF7B3FF00238F
:108120001800BD4680BDC04620ED00E0B002002032
:1081300080B500AF054B802252051A60BFF34F8F08
:10814000BFF36F8FC046BD4680BDC04604ED00E062
:1081500080B500AF72B6064B1B685A1C044B1A6000
:10816000BFF34F8FBFF36F8FC046BD4680BDC04683
:10817000B002002080B500AF064B1B685A1E054BAD
:108180001A60044B1B68002B00D162B6C046BD4686
:1081900080BDC046B0020020EFF3108072B6704779
:1081A000C046180080F310887047C04600000000E9
:1081B000EFF309800E4B1A6820381060F0C0444677
:1081C0004D4656465F46F0C008B572B601F082FBD8
:1081D00062B60CBC116808681030F0C8A046A94609
:1081E000B246BB4680F309882038F0C81847C0461D
:1081F0001C960120C046C04680B582B000AFFFF794
:10820000CBFF03007B6001F0BDFA031E03D0064BD9
:10821000802252051A607B681800FFF7C3FFC04632
:10822000BD4602B080BDC04604ED00E080B500AFA1
:108230000B4B00221A600B4B00221A600A4B1B6882
:10824000FA2291001800E7F785FF03001A00074B98
:10825000013A1A60024B07221A60C046BD4680BD33
:1082600010E000E018E000E08402002014E000E0EC
:1082700080B586B000AF78600023FB6001F042F962
:10828000454B1B68002B01D100F0D2F8434B1B6813
:108290007A68134000D072E07B68002B0CD0082273
:1082A0007B689B187B607B680722134004D07B6847
:1082B0000722934308337B607B68002B5FD0384BE9
:1082C0001B687A689A425AD8364B3B61354B1B681B
:1082D0007B6104E07B693B617B691B687B617B6937
:1082E0005B687A689A4203D97B691B68002BF1D1DD
:1082F000294B1B687A699A4241D03B691B68082266
:108300009B18FB607B691A683B691A607B695A6835
:108310007B68D21A08235B009A4210D97A697B687D
:10832000D318BB607B695A687B68D21ABB685A60F5
:108330007B697A685A60BB68180000F0D9F8184B5E
:108340001A687B695B68D21A154B1A60144B1A685D
:10835000154B1B689A4203D2114B1A68124B1A60D4
:108360007B695A680D4B1B681A437B695A607B69AD
:1083700000221A600D4B1B685A1C0C4B1A6001F04E
:10838000CDF8FB68002B01D1FEF78EF8FB681800D2
:10839000BD4606B080BDC046C4950120D8950120D9
:1083A000C8950120BC950120CC950120D0950120D5
:1083B00080B584B000AF78607B68FB607B68002B81
:1083C0002CD008235B42FA68D318FB60FB68BB60C3
:1083D000BB685A68134B1B6813401FD0BB681B68EF
:1083E000002B1BD1BB685A680E4B1B68DB431A403D
:1083F000BB685A6001F086F8BB685A680A4B1B6874
:10840000D218094B1A60BB68180000F071F8074BCE
:108410001B685A1C054B1A6001F080F8C046BD4627
:1084200004B080BDD8950120C8950120D4950120C5
:1084300080B584B000AF274BBB60274BFB60FB6867
:10844000072213400CD0FB680733FB60FB68072250
:108450009343FB60BA68FB68D21A1F4BD318BB600A
:10846000FB687B601D4B7A681A601C4B00225A60C7
:108470007B68BA68D318FB600822FB689B1AFB6014
:10848000FB6807229343FB60FA68154B1A60144B94
:108490001B6800225A60124B1B6800221A607B681E
:1084A0003B603B68FA68D21A3B685A600C4B1A680A
:1084B0003B681A603B685A680A4B1A603B685A6806
:1084C000094B1A60094B802212061A60C046BD464D
:1084D00004B080BD905F01002C360020BC950120C7
:1084E000C4950120CC950120C8950120D895012084
:1084F00080B584B000AF7860274BFB6002E0FB687A
:108500001B68FB60FB681B687A689A42F7D8FB68B7
:10851000BB60FB685B68BA68D3187A689A4208D176
:10852000FB685A687B685B68D218FB685A60FB6816
:108530007B607B68BB607B685B68BA68D218FB684D
:108540001B689A4218D1FB681A68144B1B689A4240
:108550000DD07B685A68FB681B685B68D2187B6823
:108560005A60FB681B681A687B681A6008E00B4B4E
:108570001A687B681A6003E0FB681A687B681A60F7
:10858000FA687B689A4202D0FB687A681A60C04633
:10859000BD4604B080BDC046BC950120C4950120F5
:1085A00080B584B000AF786039607B68FB60FFF70E
:1085B000CFFDFB681A68FB68D96BFB681B6C4B43EB
:1085C000D218FB689A60FB6800229A63FB681A68FD
:1085D000FB685A60FB681A68FB68DB6B591EFB6816
:1085E0001B6C4B43D218FB68DA60FB684422FF2106
:1085F0009954FB684522FF2199543B68002B0DD10B
:10860000FB681B69002B13D0FB681033180001F0C6
:108610002FFA031E0CD0FFF78BFD09E0FB68103327
:108620001800FFF75CFCFB6824331800FFF757FCC9
:10863000FFF7A0FD01231800BD4604B080BD90B532
:108640008BB002AFF860B960FB1D1A70FB68BA68A6
:108650005343FB61FB6950331800FFF709FE030029
:10866000BB61BB69002B0ED0BB697B617B6950335A
:108670007B61FB1D1C787A69B968F868BB69009357
:10868000230000F005F8BB691800BD4609B090BD95
:1086900080B584B000AFF860B9607A601A00FB1C46
:1086A0001A70BB68002B03D1BB69BA691A6002E07B
:1086B000BB697A681A60BB69FA68DA63BB69BA6831
:1086C0001A64BB6901211800FFF76AFFBB69FA1C35
:1086D0004C2112785A54C046BD4604B080BD80B5C6
:1086E00084B000AF786039607B68022200211800F6
:1086F000FFF7A5FF0300FB60FB68002B02D0FB68BF
:108700003A689A63FB681800BD4604B080BD80B526
:108710008AB000AFF860B9607A603B6000237B628A
:10872000FB683B62FFF714FD3B6A9A6B3B6ADB6BAD
:108730009A4202D33B68022B1ED13A68B9683B6A61
:10874000180000F0CDFA0300FB613B6A5B6A002B66
:1087500009D03B6A2433180001F08AF9031E07D0C0
:10876000FFF7E6FC04E0FB69002B01D0FFF7E0FC1B
:10877000FFF700FD01235BE07B68002B03D1FFF7CF
:10878000F9FC002354E07B6A002B06D11423FB186C
:10879000180001F0C5F901237B62FFF7EBFC00F044
:1087A000B1FEFFF7D5FC3B6A44229B5C5BB2013310
:1087B00003D13B6A4422002199543B6A45229B5CC9
:1087C0005BB2013303D13B6A452200219954FFF784
:1087D000D1FC3A1D1423FB181100180001F0B4F964
:1087E000031E1ED13B6A180000F07FFB031E11D050
:1087F0003B6A10337A681100180001F0FDF83B6AFB
:10880000180000F0FEFA00F089FE031E8AD1FFF77F
:108810008FFC87E73B6A180000F0F3FA00F07EFE59
:1088200080E73B6A180000F0ECFA00F077FE0023C6
:108830001800BD460AB080BD90B58BB000AFF8609F
:10884000B9607A603B60FB683B62FFF7A5FC030000
:10885000FB613B6A9A6B3B6ADB6B9A4202D33B68D3
:10886000022B31D11B243B193A6A4521525C1A7004
:108870003B6A9B6B7B613A68B9683B6A180000F001
:108880002FFA3B191B785BB2013311D13B6A5B6A4B
:10889000002B16D03B6A2433180001F0E9F8031EC0
:1088A0000FD07B68002B0CD07B6801221A6008E097
:1088B0001B23FB181B780133DBB259B23B6A4522FC
:1088C000995401237B6201E000237B62FB6918005D
:1088D000FFF768FC7B6A1800BD460BB090BD80B501
:1088E00088B000AF786039607B68BB61FFF754FCEB
:1088F00003007B61BB699B6B3B61BB69DB6B3A69C6
:108900009A422CD20F203B18BA694521525C1A704A
:108910003B695A1CBB699A633B181B785BB20133F5
:1089200011D1BB695B6A002B16D0BB6924331800D8
:1089300001F09EF8031E0FD03B68002B0CD03B6863
:1089400001221A6008E00F23FB181B780133DBB209
:1089500059B2BB69452299540123FB6101E0002310
:10896000FB617B691800FFF71DFCFB691800BD4621
:1089700008B080BD80B58AB000AFF860B9607A6099
:1089800000237B62FB683B62FFF7E2FB3B6A9B6B69
:10899000FB61FB69002B1AD0BA683B6A1100180012
:1089A00000F009FAFB695A1E3B6A9A633B6A1B692D
:1089B000002B08D03B6A1033180001F059F8031E51
:1089C00001D0FFF7B5FBFFF7D5FB012362E07B6821
:1089D000002B03D1FFF7CEFB00235BE07B6A002B6B
:1089E00006D11423FB18180001F09AF801237B62CA
:1089F000FFF7C0FB00F086FDFFF7AAFB3B6A4422AD
:108A00009B5C5BB2013303D13B6A44220021995441
:108A10003B6A45229B5C5BB2013303D13B6A452232
:108A200000219954FFF7A6FB3A1D1423FB181100EF
:108A3000180001F089F8031E1ED13B6A180000F0EF
:108A40003EFA031E11D03B6A24337A6811001800E5
:108A500000F0D2FF3B6A180000F0D3F900F05EFD91
:108A6000031E91D1FFF764FB8EE73B6A180000F00C
:108A7000C8F900F053FD87E73B6A180000F0C1F920
:108A800000F04CFD3B6A180000F019FA031E00D1FB
:108A90007AE700231800BD460AB080BD80B58AB0D1
:108AA00000AF7860396000237B627B68FB61002344
:108AB0003B62FFF74DFBFB699B6BBB61BB69002B06
:108AC0001DD0BB695A1EFB699A63FB691B68002BAA
:108AD00004D101F09FFC0200FB699A60FB691B69ED
:108AE000002B08D0FB691033180000F0C1FF031EF3
:108AF00001D0FFF71DFBFFF73DFB012386E03B683C
:108B0000002B03D1FFF736FB00237FE07B6A002BAD
:108B100006D10C23FB18180001F002F801237B6238
:108B2000FFF728FB00F0EEFCFFF712FBFB69442285
:108B30009B5C5BB2013303D1FB6944220021995451
:108B4000FB6945229B5C5BB2013303D1FB69452283
:108B500000219954FFF70EFB3A000C23FB1811007B
:108B6000180000F0F1FF031E2ED1FB69180000F081
:108B7000A6F9031E21D0FB691B68002B0AD1FFF761
:108B8000E7FAFB699B68180001F0D4F903003B6227
:108B9000FFF7F0FAFB6924333A681100180000F07F
:108BA0002BFFFB69180000F02CF900F0B7FC031E46
:108BB00000D07EE7FFF7BCFA7BE7FB69180000F006
:108BC00020F900F0ABFC74E7FB69180000F019F91C
:108BD00000F0A4FCFB69180000F071F9031E00D13D
:108BE00067E73B6A002B10D0FFF7B2FAFB69180069
:108BF00000F060F803007B61FB699B687A691100F3
:108C0000180001F04BFAFFF7B5FA00231800BD4633
:108C10000AB080BD90B58BB000AFF860B9607A60E3
:108C2000FB683B62FFF7B8FA0300FB613B6A9B6B92
:108C3000BB61BB69002B32D017243B193A6A44212F
:108C4000525C1A70BA683B6A1100180000F0B3F861
:108C5000BB695A1E3B6A9A633B191B785BB20133AE
:108C600011D13B6A1B69002B16D03B6A10331800E8
:108C700000F0FEFE031E0FD07B68002B0CD07B683B
:108C800001221A6008E01723FB181B780133DBB2BE
:108C900059B23B6A4422995401237B6201E00023CC
:108CA0007B62FB691800FFF77DFA7B6A1800BD46FE
:108CB0000BB090BD80B584B000AF78607B685B6A14
:108CC000002B06D07B681B6B1B680722D31AFB6046
:108CD00001E00023FB60FB681800BD4604B080BDC6
:108CE00080B586B000AFF860B9607A6000237B6120
:108CF000FB689B6B3B61FB681B6C002B0ED1FB6818
:108D00001B68002B4ED1FB689B68180001F07AF9B4
:108D100003007B61FB6800229A6043E07B68002BC4
:108D200019D1FB685868FB681A6CBB6819000EF013
:108D3000F2FCFB685A68FB681B6CD218FB685A602F
:108D4000FB685A68FB689B689A422BD3FB681A68D9
:108D5000FB685A6026E0FB68D868FB681A6CBB6841
:108D600019000EF0D8FCFB68DA68FB681B6C5B42EC
:108D7000D218FB68DA60FB68DA68FB681B689A4205
:108D800007D2FB689A68FB681B6C5B42D218FB68D1
:108D9000DA607B68022B05D13B69002B02D03B696E
:108DA000013B3B613B695A1CFB689A637B69180075
:108DB000BD4606B080BD80B582B000AF7860396036
:108DC0007B681B6C002B18D07B68DA687B681B6C97
:108DD000D2187B68DA607B68DA687B689B689A42A5
:108DE00003D37B681A687B68DA607B68D9687B6824
:108DF0001A6C3B6818000EF08EFCC046BD4602B0EF
:108E000080BD80B584B000AF7860FFF7A1F90F2373
:108E1000FB187A684521525C1A7013E07B685B6A24
:108E2000002B16D07B682433180000F021FE031EAF
:108E300001D000F0CFFE0F217B181B78013BDAB286
:108E40007B181A700F23FB181B785BB2002BE5DC34
:108E500000E0C0467B684522FF219954FFF78AF95C
:108E6000FFF776F90E23FB187A684421525C1A70DA
:108E700013E07B681B69002B16D07B681033180049
:108E800000F0F6FD031E01D000F0A4FE0E217B18B9
:108E90001B78013BDAB27B181A700E23FB181B7883
:108EA0005BB2002BE5DC00E0C0467B684422FF217A
:108EB0009954FFF75FF9C046BD4604B080BD80B548
:108EC00084B000AF7860FFF743F97B689B6B002BA1
:108ED00002D10123FB6001E00023FB60FFF74AF9A8
:108EE000FB681800BD4604B080BD80B584B000AFFB
:108EF0007860FFF72DF97B689A6B7B68DB6B9A4291
:108F000002D10123FB6001E00023FB60FFF732F98F
:108F1000FB681800BD4604B080BD000080B584B079
:108F200000AF786039600023FB6015E00E4BFA68F3
:108F3000D200D358002B0CD10B4BFA68D200396801
:108F4000D150094AFB68DB00D31804337A681A60F1
:108F500006E0FB680133FB60FB68072BE6D9C046DF
:108F6000C046BD4604B080BDDC95012080B586B00A
:108F700000AFF860B9607A60FB687B61FFF7E8F8E2
:108F80007B6944229B5C5BB2013303D17B69442241
:108F9000002199547B6945229B5C5BB2013303D16C
:108FA0007B69452200219954FFF7E4F87B699B6BAC
:108FB000002B06D17B6924337A68B968180000F069
:108FC00035FD7B691800FFF71CFFC046BD4606B0A3
:108FD00080BD90B58DB004AFF860B9603B60BB1D3B
:108FE0001A80BB1D1B889B001800FFF741F9030086
:108FF0007B617B69002B10D06020FFF739F90300FB
:10900000FB61FB69002B03D0FB697A691A6306E0F8
:109010007B691800FFF7CCF901E00023FB61FB69D5
:10902000002B16D0BB1D1A883C68B968F86800236D
:109030000393FB6902937B6B01933B6B00932300CB
:1090400000F010F8FB69180000F092F80123BB61F2
:1090500002E001235B42BB61BB691800BD4609B059
:1090600090BD000080B586B000AFF860B9607A604E
:109070003B60BB6A186B7B689B001A00A5210EF051
:109080001EFABB6A1A6B7B6838498C4663449B00A6
:10909000D3183B613B69072293433B61BB68002BBC
:1090A00020D000237B6113E0BA687B69D31818785D
:1090B000BA6A34217B69D3185B18021C1A70BA682B
:1090C0007B69D3181B78002B06D07B6901337B6149
:1090D0007B690C2BE8D900E0C046BB6A4022002126
:1090E000995403E0BB6A3422002199543B6A062B51
:1090F00001D906233B62BB6A3A6ADA62BB6A3A6A02
:10910000DA64BB6A00221A65BB6A04331800FEF7F2
:1091100004FFBB6A18331800FEF7FFFEBB6ABA6A89
:109120001A613B6A0722D21ABB6A9A61BB6ABA6AA1
:109130005A62BB6A00225A65BB6A00229A65BB6A02
:109140005C22002199543A68F9683B691800FEF7DF
:109150006FFF0200BB6A1A607B6A002B02D07B6A39
:10916000BA6A1A60C046BD4606B080BDFFFFFF3F29
:1091700080B582B000AF7860FEF7EAFF2A4B1B682B
:109180005A1C294B1A60294B1B68002B09D1274B0D
:109190007A681A60244B1B68012B10D100F034FD53
:1091A0000DE0234B1B68002B09D1204B1B68DA6AAA
:1091B0007B68DB6A9A4202D81C4B7A681A601D4BA6
:1091C0001B685A1C1B4B1A601A4B1A687B685A643E
:1091D0007B68DA6A184B1B689A4203D97B68DA6AA3
:1091E000154B1A607B68DA6A13009B009B189B0082
:1091F000124A9A187B68043319001000FEF798FE93
:10920000FEF7B8FF0A4B1B68002B08D0074B1B6802
:10921000DA6A7B68DB6A9A4201D2FEF789FFC046B0
:10922000BD4602B080BDC0461C9701201C9601209F
:1092300028970120389701202497012020960120AB
:1092400080B584B000AF78600023FB607B68002BA2
:109250000AD000F057F97B680021180001F050FA9D
:1092600000F05CF90300FB60FB68002B01D1FEF706
:109270005FFFC046BD4604B080BD000080B588B029
:1092800000AF78607B68BB612B4B1B68BA699A4260
:1092900004D11F23FB1800221A7046E0FEF758FF86
:1092A000BB695B697B61254B1B683B61244B1B6879
:1092B000FB60FEF75FFF7A693B699A4203D07A69E7
:1092C000FB689A4204D11F23FB1802221A702CE07B
:1092D0007A691C4B9A4218D1BB699B6A002B0FD14B
:1092E000BB695C229B5CDBB2012B04D11F23FB1802
:1092F00002221A7019E01F23FB1803221A7014E0CF
:109300001F23FB1802221A700FE07A690E4B9A4253
:1093100002D07B69002B04D11F23FB1804221A7092
:1093200003E01F23FB1801221A701F23FB181B7870
:109330001800BD4608B080BD1C960120D4960120BF
:10934000D896012008970120F096012080B584B0BE
:1093500000AF7860FEF7FCFE7B68002B02D1074B64
:109360001B6800E07B68FB60FB68DB6ABB60FEF7A4
:1093700001FFBB681800BD4604B080BD1C960120EB
:1093800080B586B000AF7860396000237B613B68B0
:10939000062B01D906233B60FEF7DAFE7B68002B23
:1093A00002D1384B1B6800E07B683B613B69DB6C9A
:1093B000FB60FA683B689A425DD03A68FB689A4263
:1093C0000DD9304B1B683A699A420FD02D4B1B6860
:1093D000DB6A3A689A4209D301237B6106E0294B94
:1093E0001B683A699A4201D101237B613B69DB6AC0
:1093F000BB603B69DA6C3B69DB6A9A4202D13B692C
:109400003A68DA623B693A68DA643B699B69002B27
:1094100004DB3B680722D21A3B699A613B695969B0
:10942000BA6813009B009B189B00174A9B1899422F
:109430001CD13B6904331800FEF7D2FD3B69DA6AA0
:10944000124B1B689A4203D93B69DA6A0F4B1A60C8
:109450003B69DA6A13009B009B189B000A4A9A1822
:109460003B69043319001000FEF762FD7B69002B95
:1094700001D0FEF75DFEFEF77DFEC046BD4606B09C
:1094800080BDC0461C960120209601202497012013
:1094900080B584B002AF144A14491548154B0193A6
:1094A000002300930023FFF794FD03007B607B689B
:1094B000012B03D101F078F903007B607B68012B5D
:1094C0000ED172B60C4B012252421A600B4B012294
:1094D0001A600B4B00221A60F1F780FCFEF704FEC5
:1094E000C046BD4602B080BDC40900003CF602087B
:1094F000E99B0108409701203C9701202897012013
:109500002097012080B500AF034B1B685A1C024B0B
:109510001A60C046BD4680BD4497012080B584B026
:1095200000AF0023FB600023BB60FEF711FE364B4B
:109530001B685A1E344B1A60334B1B68002B5BD1DF
:10954000324B1B68002B57D02FE0314BDB68DB68B8
:10955000FB60FB6818331800FEF742FDFB6804331C
:109560001800FEF73DFDFB68DA6A2A4B1B689A4239
:1095700003D9FB68DA6A274B1A60FB68DA6A1300C2
:109580009B009B189B00244A9A18FB68043319001F
:109590001000FEF7CDFCFB68DA6A204B1B68DB6A23
:1095A0009A4202D31E4B01221A60194B1B68002BF2
:1095B000CBD1FB68002B01D000F082FC194B1B685B
:1095C0007B607B68002B0FD000F0DCF8031E02D01C
:1095D000134B01221A607B68013B7B607B68002B88
:1095E000F2D1104B00221A600D4B1B68002B03D0E8
:1095F0000123BB60FEF79CFDFEF7BCFDBB681800B5
:10960000BD4604B080BDC046449701201C97012090
:10961000DC96012024970120209601201C96012031
:10962000309701202C97012080B582B000AF044B09
:109630001B687B607B681800BD4602B080BDC046D9
:109640002097012080B582B000AF00237B60044BDF
:109650001B683B603B681800BD4602B080BDC04639
:109660002097012080B586B000AFF860B9607A60BD
:1096700000237B6107233B61FFF744FF3B4B1B68E3
:10968000BA689A426AD33B69013B3B617A6913002D
:10969000DB009B189B001A00FB6898183A691300BE
:1096A0009B009B189B00324A9B180122190000F076
:1096B00089FB02007B699B187B613B69002BE2D12F
:1096C0007A691300DB009B189B001A00FB6898184E
:1096D000284B1B680222190000F074FB02007B6912
:1096E0009B187B617A691300DB009B189B001A00B2
:1096F000FB689818204B1B680222190000F062FBDF
:1097000002007B699B187B617A691300DB009B1860
:109710009B001A00FB689B1818490422180000F0EF
:1097200051FB02007B699B187B617A691300DB00A7
:109730009B189B001A00FB689B1811490322180014
:1097400000F040FB02007B699B187B617B68002B6B
:1097500004D0F1F759FB02007B681A60FFF7DEFEC8
:109760007B691800BD4606B080BDC0461C9701202D
:1097700020960120D4960120D8960120F096012051
:109780000897012080B586B000AF00237B61464B6F
:109790001B68002B00D07DE0444B1B6801333B610C
:1097A000424B3A691A603B69002B10D1404B1B6851
:1097B000FB60404B1A683E4B1A603E4BFA681A60D9
:1097C0003D4B1B685A1C3C4B1A6000F079FB3B4B2D
:1097D0001B683A699A4249D3354B1B681B68002BBA
:1097E00004D1364B012252421A603FE0304B1B68D5
:1097F000DB68DB68BB60BB685B687B603A697B6881
:109800009A4203D22D4B7A681A602FE0BB6804336A
:109810001800FEF7E5FBBB689B6A002B04D0BB6811
:1098200018331800FEF7DCFBBB68DA6A244B1B68B0
:109830009A4203D9BB68DA6A214B1A60BB68DA6ABC
:1098400013009B009B189B001E4A9A18BB680433A8
:1098500019001000FEF76CFBBB68DA6A1A4B1B6834
:10986000DB6A9A42B8D301237B61B5E7164B1B68CC
:10987000DA6A144913009B009B189B005B58012B6C
:1098800001D901237B61114B1B68002B07D00123F9
:109890007B6104E00E4B1B685A1C0D4B1A607B6900
:1098A0001800BD4606B080BD4497012020970120D6
:1098B000D4960120D8960120349701203C970120AE
:1098C00024970120209601201C960120309701202A
:1098D0002C97012080B584B000AF3F4B1B68002B54
:1098E00003D03E4B01221A6071E03C4B00221A600B
:1098F000F1F78AFA02003A4B1A60394B1A68394B71
:109900001B689A4209D9384B1B68596D344A106854
:10991000344A1268821A8A185A65314B1A68314BD8
:109920001A60314B1B681B6BBB60304B7B60BB68A4
:109930001B687A689A4211D1BB6804331B687A6845
:109940009A420BD1BB6808331B687A689A4205D1EA
:10995000BB680C331B687A689A4208D0224B1A689D
:10996000214B1B68343319001000FCF77BFD204BA2
:109970001B68FB6002E0FB68013BFB601D49FA6865
:1099800013009B009B189B005B58002BF3D0FA68D8
:1099900013009B009B189B00164A9B183B603B687A
:1099A0005B685A683B685A603B685A683B68083392
:1099B0009A4204D13B685B685A683B685A603B68CE
:1099C0005B68DA68084B1A60094BFA681A60C0468F
:1099D000BD4604B080BDC0464497012030970120A9
:1099E0004C970120489701201C960120A5A5A5A50C
:1099F000249701202096012080B582B000AF7860C6
:109A00003960094B1B6818331A007B681100180075
:109A1000FEF7B0FA3B680121180000F071FEC04665
:109A2000BD4602B080BDC0461C96012080B584B002
:109A300000AFF860B9607A600C4B1B6818331A00ED
:109A4000FB6811001800FEF773FA7B68002B02D048
:109A500001235B42BB607A68BB681100180000F00C
:109A60004FFEC046BD4604B080BDC0461C960120D6
:109A700080B584B000AF78607B68DB68DB68BB6072
:109A8000BB6818331800FEF7ABFA1F4B1B68002B9E
:109A90001DD1BB6804331800FEF7A2FABB68DA6A6E
:109AA0001A4B1B689A4203D9BB68DA6A174B1A60D3
:109AB000BB68DA6A13009B009B189B00144A9A1833
:109AC000BB68043319001000FEF732FA07E0BB68E8
:109AD00018331A000F4B11001800FEF729FABB6863
:109AE000DA6A0D4B1B68DB6A9A4205D90123FB60D9
:109AF0000A4B01221A6001E00023FB60FB6818009A
:109B0000BD4604B080BDC046449701202497012083
:109B100020960120DC9601201C9601203097012020
:109B200080B582B000AF7860054B1A687B681A6018
:109B3000044B1A687B685A60C046BD4602B080BDBF
:109B4000349701202097012080B586B000AF78605F
:109B50003960FEF7FDFA1D4B1B683B617B685B6853
:109B60003A69D31AFB603B681B68013302D10023BA
:109B70007B6124E07B681A68154B1B689A4207D00A
:109B80007B685B683A699A4202D301237B6116E0E5
:109B90003B681B68FA689A420CD23B681A68FB68FB
:109BA000D21A3B681A607B681800FFF7B9FF0023E0
:109BB0007B6104E03B6800221A6001237B61FEF7B1
:109BC000D9FA7B691800BD4606B080BD20970120F8
:109BD0003497012080B500AF024B01221A60C046C5
:109BE000BD4680BD3097012080B582B000AF78605F
:109BF00000F04EF8034B1B68012BF9D9FEF798FAD9
:109C0000F6E7C0462096012080B582B000AF002361
:109C10007B600CE07A6813009B009B189B00144A41
:109C20009B181800FEF75BF97B6801337B607B684B
:109C3000062BEFD90F4B1800FEF751F90E4B180009
:109C4000FEF74DF90D4B1800FEF749F90C4B1800C3
:109C5000FEF745F90B4B1800FEF741F90A4B054A90
:109C60001A600A4B044A1A60C046BD4602B080BD65
:109C700020960120AC960120C0960120DC960120A0
:109C8000F096012008970120D4960120D896012053
:109C900080B582B000AF1AE0FEF75AFA104BDB68CD
:109CA000DB687B607B6804331800FEF799F90D4B85
:109CB0001B685A1E0B4B1A600B4B1B685A1E0A4B33
:109CC0001A60FEF757FA7B68180000F0E8F8064BB8
:109CD0001B68002BE0D1C046C046BD4602B080BD27
:109CE000F09601201C9701200497012080B586B0D2
:109CF00000AFF860B9607A601A00FB1C1A70FB684C
:109D0000002B02D12E4B1B6800E0FB687B61BB6817
:109D10007A691A607B6934331A00BB685A607B69C0
:109D2000DA6ABB681A617B691A6BBB68DA617B69A6
:109D30005A6CBB689A607B69DA6CBB685A617B6954
:109D40005A6DBB689A61FB1C1B78052B1CD01C4B01
:109D50001B687A699A4203D1BB6800221A731BE020
:109D6000BB68FA1C12781A73FB1C1B78032B13D1E7
:109D7000FFF7C8FB7B699B6A002B02D0BB680222FD
:109D80001A73FFF7CBFB07E07B691800FFF776FA41
:109D900003001A00BB681A737B68002B09D07B692B
:109DA0001B6B180000F061F803001A00BB681A84EE
:109DB00002E0BB6800221A84C046BD4606B080BDE2
:109DC0001C96012080B58AB000AFF860B960FB1D19
:109DD0001A7000237B62BB681B68002B40D0BB68F5
:109DE0003B623B6A5B685A683B6A5A603B6A5A68E6
:109DF0003B6A08339A4204D13B6A5B685A683B6A03
:109E00005A603B6A5B68DB68FB61BB68BB61BB692E
:109E10005B685A68BB695A60BB695A68BB6908339A
:109E20009A4204D1BB695B685A68BB695A60BB69D6
:109E30005B68DB687B617A6A1300DB009B189B0020
:109E40001A00FB689918FB1D1B7878690122FFF73F
:109E50004DFF7B6A01337B627A69FB699A42D4D1F8
:109E60007B6A1800BD460AB080BD80B584B000AFE3
:109E700078600023FB6005E07B6801337B60FB6852
:109E80000133FB607B681B78A52BF5D0FB689B0832
:109E9000FB60FB689BB21800BD4604B080BD80B576
:109EA00082B000AF78607B681B6B1800FEF780FA09
:109EB0007B681800FEF77CFAC046BD4602B080BD44
:109EC00080B582B000AF0B4B1B681B68002B04D120
:109ED000094B012252421A6008E0064B1B68DB68FE
:109EE000DB687B607B685A68034B1A60C046BD46DE
:109EF00002B080BDD49601203C97012080B582B08D
:109F000000AF0A4B1B68002B02D101237B6008E0E5
:109F1000074B1B68002B02D102237B6001E000236A
:109F20007B607B681800BD4602B080BD2897012089
:109F30004497012080B584B000AF78607B68BB6037
:109F40000023FB607B68002B51D0BB68DA6A2A4B88
:109F50001B68DB6A9A4241D2BB689B69002B06DB17
:109F6000254B1B68DB6A0722D21ABB689A61BB6863
:109F70005969BB68DA6A13009B009B189B001F4A53
:109F80009B18994222D1BB6804331800FEF728F8C9
:109F9000194B1B68DA6ABB68DA62BB68DA6A184B6D
:109FA0001B689A4203D9BB68DA6A154B1A60BB6812
:109FB000DA6A13009B009B189B00104A9A18BB6832
:109FC000043319001000FDF7B3FF04E00A4B1B68CF
:109FD000DA6ABB68DA620123FB6008E0BB68DA6C0E
:109FE000054B1B68DB6A9A4201D20123FB60FB68C8
:109FF0001800BD4604B080BD1C96012020960120AB
:10A000002497012080B584B000AF78607B68BB6086
:10A010000023FB607B68002B37D0BB681B6D5A1E8A
:10A02000BB681A65BB68DA6ABB68DB6C9A422CD0E5
:10A03000BB681B6D002B28D1BB6804331800FDF7EB
:10A04000CFFFBB68DA6CBB68DA62BB68DB6A0722E9
:10A05000D21ABB689A61BB68DA6A0E4B1B689A42D7
:10A0600003D9BB68DA6A0B4B1A60BB68DA6A130063
:10A070009B009B189B00084A9A18BB680433190080
:10A080001000FDF755FF0123FB60FB681800BD467B
:10A0900004B080BD249701202096012080B586B0B1
:10A0A00000AF786039607B683B610123FB607B68AF
:10A0B000002B4BD03B69DB6C3A689A4202D93B6873
:10A0C0007B6102E03B69DB6C7B613B69DB6A7A693F
:10A0D0009A423BD03B691B6DFA689A4236D13B6984
:10A0E000DB6ABB603B697A69DA623B699B69002B7A
:10A0F00004DB7B690722D21A3B699A613B69596983
:10A10000BA6813009B009B189B00124A9B18994247
:10A110001CD13B6904331800FDF762FF3B69DA6A22
:10A120000D4B1B689A4203D93B69DA6A0A4B1A60E5
:10A130003B69DA6A13009B009B189B00054A9A183A
:10A140003B69043319001000FDF7F2FEC046BD461E
:10A1500006B080BD209601202497012080B584B0F0
:10A1600000AF786039603A687B68110018000DF024
:10A17000CAFA7B681800E5F7D1FF0300FB6007E02F
:10A180007A68FB68D31820221A70FB680133FB60E1
:10A19000FB680B2BF4D97A68FB68D31800221A707D
:10A1A0007A68FB68D3181800BD4604B080BD000073
:10A1B000F0B589B002AF78607B6800221A704C4B12
:10A1C0001B68FB604A4B1A681300DB009B189B005E
:10A1D0001800FEF74DF80300BB60BB68002B00D1F0
:10A1E00082E0F968BB6800221800FFF73BFA030021
:10A1F000FB6000237B616FE07A691300DB009B1832
:10A200009B001A00BB689B181B7B042B1DD89A006F
:10A21000384BD3181B689F461323FB1858221A701B
:10A2200018E01323FB1852221A7013E01323FB18B3
:10A2300042221A700EE01323FB1853221A7009E011
:10A240001323FB1844221A7004E01323FB18002286
:10A250001A70C0467A691300DB009B189B001A0035
:10A26000BB689B185A687B6811001800FFF776FFDF
:10A2700003007B601323FB181C787A691300DB0052
:10A280009B189B001A00BB689B181D697A69130014
:10A29000DB009B189B001A00BB689B181B8C1E00E0
:10A2A0007A691300DB009B189B001A00BB689B189F
:10A2B0009B6811497868019300962B0022000DF0ED
:10A2C0007FF87B681800E5F729FF02007B689B1880
:10A2D0007B607B6901337B617A69FB689A428BD32F
:10A2E000BB681800FEF764F8C046BD4607B0F0BD75
:10A2F0001C97012054F6020844F6020880B588B085
:10A3000000AF78607B6800221A703F4B1B68BB610E
:10A310003D4B1A681300DB009B189B001800FDF7EB
:10A32000A7FF03007B617B69002B68D00C23FA1820
:10A33000B9697B691800FFF795F90300BB61FB68F9
:10A3400064211800E5F706FF0300FB60FB68002BA3
:10A3500051D00023FB614AE0FA691300DB009B182F
:10A360009B001A007B699B189B69FA681100180012
:10A37000E5F7F0FE03003B61FA691300DB009B1870
:10A380009B001A007B699B185A687B6811001800B3
:10A39000FFF7E4FE03007B603B69002B0ED0FA69F7
:10A3A0001300DB009B189B001A007B699B189A69BD
:10A3B0003B69164978680DF003F80DE0FA6913005F
:10A3C000DB009B189B001A007B699B189A69104957
:10A3D0007B6818000CF0F4FF7B681800E5F79EFE20
:10A3E00002007B689B187B60FB690133FB61FA69A3
:10A3F000BB699A42B0D37B691800FDF7D9FFC0460C
:10A40000BD4608B080BDC0461C97012068F6020812
:10A4100074F6020880B500AF064B1B68002B04D011
:10A42000044B1B681A6D01321A65024B1B68180039
:10A43000BD4680BD1C96012080B584B000AF786019
:10A440003960FDF785FE1C4B1B689B6D002B0ED100
:10A45000194B1B685C22012199543B68002B06D0E4
:10A460003B680121180000F04BF9FDF761FEFDF794
:10A4700081FEFDF76DFE104B1B689B6DFB60FB685A
:10A48000002B0CD07B68002B04D00B4B1B680022E8
:10A490009A6504E0084B1B68FA68013A9A65064B16
:10A4A0001B685C2200219954FDF764FEFB681800CC
:10A4B000BD4604B080BDC0461C96012080B588B062
:10A4C00000AFF860B9603B60FB1D1A700123FB61AF
:10A4D000FB68BB61FDF73CFE3B68002B03D0BB690A
:10A4E0009A6D3B681A601723FB18BA695C21525CAD
:10A4F0001A70BB695C2202219954FB1D1B78042B46
:10A5000021D89A002A4BD3181B689F46BB699A6DC5
:10A51000BB681A43BB699A6518E0BB699B6D5A1CFE
:10A52000BB699A6512E0BB69BA689A650EE01723A9
:10A53000FB181B78022B03D0BB69BA689A6505E04B
:10A540000023FB6102E0C04600E0C0461723FB1871
:10A550001B78012B25D1BB6904331800FDF740FDA2
:10A56000BB69DA6A134B1B689A4203D9BB69DA6A82
:10A57000104B1A60BB69DA6A13009B009B189B00A2
:10A580000D4A9A18BB69043319001000FDF7D0FC7E
:10A59000BB69DA6A094B1B68DB6A9A4201D9FDF78D
:10A5A000C7FDFDF7E7FDFB691800BD4608B080BD9B
:10A5B00080F6020824970120209601201C96012095
:10A5C00080B588B000AFF860B9603B60FB1D1A70C1
:10A5D0000123FB61FB68BB61FDF7DEFD03007B61CE
:10A5E0003B68002B03D0BB699A6D3B681A6013234C
:10A5F000FB18BA695C21525C1A70BB695C220221AB
:10A600009954FB1D1B78042B21D89A00354BD31885
:10A610001B689F46BB699A6DBB681A43BB699A6504
:10A6200018E0BB699B6D5A1CBB699A6512E0BB6957
:10A63000BA689A650EE01323FB181B78022B03D02F
:10A64000BB69BA689A6505E00023FB6102E0C04679
:10A6500000E0C0461323FB181B78012B39D1224B95
:10A660001B68002B1DD1BB6904331800FDF7B8FC33
:10A67000BB69DA6A1D4B1B689A4203D9BB69DA6A67
:10A680001A4B1A60BB69DA6A13009B009B189B0087
:10A69000174A9A18BB69043319001000FDF748FCEB
:10A6A00007E0BB6918331A00124B11001800FDF7C0
:10A6B0003FFCBB69DA6A104B1B68DB6A9A4208D917
:10A6C000BB6A002B02D0BB6A01221A600B4B01222D
:10A6D0001A607B691800FDF765FDFB691800BD462F
:10A6E00008B080BD94F60208449701202497012009
:10A6F00020960120DC9601201C9601203097012035
:10A7000080B584B000AF78603960214B1B68FB6076
:10A71000204B1B6804331800FDF762FC7B68013393
:10A720000BD13B68002B08D01A4B1B681A1D1A4B23
:10A7300011001800FDF7FCFB26E0FA687B68D318CF
:10A74000BB60144B1B68BA685A60BA68FB689A42CF
:10A7500009D2124B1A680F4B1B6804331900100002
:10A76000FDF708FC10E00E4B1A680A4B1B68043317
:10A7700019001000FDF7FEFB0A4B1B68BA689A42ED
:10A7800002D2084BBA681A60C046BD4604B080BD0C
:10A79000209701201C96012008970120D8960120BF
:10A7A000D49601203C97012080B584B002AF0023ED
:10A7B0007B6000F0E3FA0A4B1B68002B0BD0094AC0
:10A7C00009490A480A4B0193032300930023FEF72B
:10A7D00000FC03007B607B681800BD4602B080BDB2
:10A7E00080970120C4090000A8F60208A1A9010869
:10A7F0008497012090B589B002AFF860B9607A60A3
:10A800003B602C20FDF734FD03007B617B69002B4E
:10A810000ED07B692822002199543C687A68B96877
:10A82000F8687B690193BB6A0093230000F005F888
:10A830007B691800BD4607B090BD80B584B000AFFD
:10A84000F860B9607A603B60FB69002B1ED000F0B5
:10A8500095FAFB69FA681A60FB69BA689A61FB6944
:10A860003A68DA61FB69BA691A62FB690433180055
:10A87000FDF753FB7B68002B08D0FB6928229B5C0B
:10A8800004221343D9B2FB6928229954C046BD461D
:10A8900004B080BD90B58BB000AFF860B9607A604D
:10A8A0003B6000237B621D4B1B68002B30D01424BF
:10A8B0003B19BA681A603B197A685A603B19FA6802
:10A8C0009A60BB68052B19DCFFF718FB0300022B0D
:10A8D00009D1124B1868BA6B39190023FDF717FF1D
:10A8E00003007B6214E00D4B18681423F918002351
:10A8F0000022FDF70CFF03007B6209E0074B18689C
:10A900003A681423F9180023FDF796FF03007B62D1
:10A910007B6A1800BD460BB090BDC04680970120F1
:10A9200080B586B002AF786039601C4B1B68DB686D
:10A93000DB68FB60FB6804331800FDF751FBFB6824
:10A9400028229B5C1A000423134015D0FB689A69E7
:10A950007B68D1187B683A68F86800F0BFF8031E7E
:10A9600013D07A68F8680023009300230021FFF7D2
:10A9700091FF0300BB6008E0FB6828229B5C01227A
:10A980009343D9B2FB6828229954FB681B6AFA6882
:10A9900010009847C046BD4604B080BD789701209E
:10A9A00080B584B000AF78600823FB18180000F071
:10A9B00053F80300FB60BA68FB681100180000F050
:10A9C00003F800F0CDF8EFE780B584B000AF786011
:10A9D0003960FEF797FD0823FB18180000F05EF8B9
:10A9E0000300FB60BB68002B2BD13B68002B0CD114
:10A9F0007A68FB689A4208D8FEF790FDFA687B688F
:10AA000011001800FFF78CFF1DE03B68002B08D0F9
:10AA10000F4B1B681B68002B01D1012300E00023B2
:10AA20003B600C4B18687A68FB68D31A3A681900C7
:10AA3000FEF79CFAFEF772FD031E04D1FDF778FBCA
:10AA400001E0FEF76BFDC046BD4604B080BDC046C8
:10AA50007C9701208097012080B584B000AF78609A
:10AA60000D4B1B681B68002B01D1012200E0002266
:10AA70007B681A607B681B68002B05D1064B1B683E
:10AA8000DB681B68FB6001E00023FB60FB681800CB
:10AA9000BD4604B080BDC0467897012080B584B023
:10AAA00000AF7860FEF7C0FD0300FB600A4B1B6837
:10AAB000FA689A4205D200F009F97B6801221A600F
:10AAC00002E07B6800221A60034BFA681A60FB6898
:10AAD0001800BD4604B080BD8897012080B586B0BF
:10AAE00000AFF860B9607A603B6000237B61FB686F
:10AAF000BA685A60FB68FA681A61BA687B689A4259
:10AB000012D87A683B68D21AFB689B699A4202D3D2
:10AB100001237B611BE0104B1A68FB6804331900AA
:10AB20001000FDF727FA12E07A683B689A4206D2D5
:10AB3000BA683B689A4202D301237B6107E0074B66
:10AB40001A68FB68043319001000FDF713FA7B69DB
:10AB50001800BD4606B080BD7C9701207897012083
:10AB600090B58DB002AF9CE00822BB181B68002B8B
:10AB70000ADABB1804337B627B6A1A687B6A5868FE
:10AB80007B6A9B68190090470822BB181B68002B42
:10AB900000DA86E0BB189B683B623B6A5B69002B6E
:10ABA00004D03B6A04331800FDF71AFA3B1D180065
:10ABB000FFF774FF0300FB610823FB181B68092BD8
:10ABC0006ED89A003F4BD3181B689F463B6A2822D9
:10ABD0009B5C01221343D9B23B6A28229954082472
:10ABE0003B195A683B6A9B69D1183B195B68FA6943
:10ABF000386AFFF773FF031E53D03B6A1B6A3A6A39
:10AC0000100098473B6A28229B5C1A0004231340DB
:10AC100047D03B195A683B6A9B69D218386A0023AF
:10AC2000009300230021FFF735FE0300BB6138E0ED
:10AC30003B6A28229B5C01229343D9B23B6A2822BB
:10AC400099542EE03B6A28229B5C01221343D9B21F
:10AC50003B6A282299540823FB185A683B6A9A6178
:10AC60003B6A9A69FB69D118FB69FA69386AFFF790
:10AC700035FF16E03B6A28229B5C1A000223134032
:10AC800004D13B6A1800FDF793FB0AE03B6A2822D7
:10AC90009B5C01229343D9B23B6A2822995400E07D
:10ACA000C046094B1B680822B91800221800FDF79E
:10ACB00061FE031E00D057E7C046C046BD460BB03C
:10ACC00090BDC046B0F602088097012080B588B0DC
:10ACD00002AF3CE0274B1B68DB681B683B61254BE0
:10ACE0001B68DB68DB68FB60FB6804331800FDF75A
:10ACF00077F9FB681B6AFA6810009847FB682822FE
:10AD00009B5C1A000423134021D0FB689B693A69BD
:10AD1000D318BB60BA683B699A420ED9FB68BA681F
:10AD20005A60FB68FA681A61124B1A68FB680433B0
:10AD300019001000FDF71EF909E03A69F8680023D0
:10AD4000009300230021FFF7A5FD03007B60094B62
:10AD50001B681B68002BBDD1064B1B687B61064B33
:10AD60001A68044B1A60044B7A691A60C046BD46E3
:10AD700006B080BD789701207C97012080B500AF98
:10AD8000FDF7E6F9144B1B68002B20D1134B18007C
:10AD9000FDF7A5F8124B1800FDF7A1F8114B0F4A6B
:10ADA0001A60114B0E4A1A60002210210420FDF790
:10ADB00046FC0200084B1A60074B1B68002B06D0AC
:10ADC000054B1B68094A11001800FEF7A7F8FDF7AC
:10ADD000D1F9C046BD4680BD809701205097012023
:10ADE00064970120789701207C970120D8F602080B
:10ADF00080B584B000AF78607B68FB60FDF7A8F990
:10AE0000FB68DB69BB60FDF7B5F9BB681800BD46A0
:10AE100004B080BD80B582B000AFFB1D00221A7067
:10AE20000B4B1A680A4B802149000A431A60032021
:10AE300000F010F8031E03D0FB1D01221A7001E080
:10AE400002F0D3FAFB1D1B781800BD4602B080BD8E
:10AE50000020024090B585B000AF78600F23FB184A
:10AE600000221A701D4B1B78002B2BD01C4B1C682A
:10AE70001A4B1B781900FA239800E5F76BF90300C9
:10AE800019002000E5F766F90300180001F0C1F889
:10AE9000031E12D17B68032B0AD8796801235B4219
:10AEA0000022180001F080F80E4B7A681A600DE05D
:10AEB0000F23FB1801221A7008E00F23FB18012250
:10AEC0001A7003E00F23FB1801221A700F23FB18DE
:10AED0001B781800BD4605B090BDC046B8020020E2
:10AEE00084020020B402002080B500AF054B1B781F
:10AEF0001A00054B1B68D218034B1A60C046BD46AA
:10AF000080BDC046B80200208C97012080B500AFFC
:10AF1000024B1B681800BD4680BDC0468C970120BF
:10AF200080B584B000AF7860FFF7F0FF0300BB602E
:10AF30007B68FB60FB68013305D00A4B1B781A0065
:10AF4000FB689B18FB60C046FFF7E0FF0200BB6890
:10AF5000D31AFA689A42F7D8C046C046BD4604B034
:10AF600080BDC046B802002080B500AF034B1B680F
:10AF70001B0C1B041B0C1800BD4680BD0058014073
:10AF800080B500AF034B1B681B051B0D1800BD46A9
:10AF900080BDC0460058014080B582B000AF7860E7
:10AFA00039607B681B68054A1A403B681A437B6816
:10AFB0001A60C046BD4602B080BDC046FFFF3FFEDE
:10AFC00080B582B000AF78607B681A68E0235B04CC
:10AFD00013401800BD4602B080BD80B584B000AFFC
:10AFE000F860B9607A60FB685B69BA6804210A405E
:10AFF000072191400A00D2431A40BB6804210B404C
:10B00000796899400B001A43FB685A61C046BD46F7
:10B0100004B080BD80B582B000AF786039607B68D5
:10B020005B693A6804210A40072191400A001A40EE
:10B030003B6804210B40DA4013001800BD4602B003
:10B0400080BD80B582B000AF78607B68DA68C023CD
:10B050001B01134001D1012300E000231800BD466D
:10B0600002B080BD80B584B000AFF860B9607A608E
:10B07000FB689B6ABA681F210A400F2191400A00B1
:10B08000D2431A407B689B0E0F211940BB681F20DA
:10B09000034099400B001A43FB689A62C046BD46C4
:10B0A00004B080BD80B582B000AF786039607B6845
:10B0B0009A6A3B685B035B0B1A437B689A62C046E3
:10B0C000BD4602B080BD80B582B000AF7860396007
:10B0D0007B689B6A3A685203520BD2431A407B68E2
:10B0E0009A62C046BD4602B080BD000080B584B003
:10B0F00000AFF860B9607A60FB685B69BA681202F9
:10B10000D2431A40BB681B0279680B4004490B40CC
:10B110001A43FB685A61C046BD4604B080BDC046B4
:10B1200000FFFF0780B582B000AF78607B689B6846
:10B13000054A1340802252051A437B689A60C04634
:10B14000BD4602B080BDC046E8FFFF6F80B582B04B
:10B1500000AF78607B689A6880235B051A40802383
:10B160005B059A4201D1012300E000231800BD468F
:10B1700002B080BD80B582B000AF78607B689B680C
:10B18000044A134001221A437B689A60C046BD46B8
:10B1900002B080BDE8FFFF7F80B582B000AF78606D
:10B1A0007B689B68044A134002221A437B689A60BA
:10B1B000C046BD4602B080BDE8FFFF7F80B582B0CB
:10B1C00000AF78607B689B6801221340012B01D19E
:10B1D000012300E000231800BD4602B080BD80B509
:10B1E00082B000AF78607B689B6802221340022B1C
:10B1F00001D1012300E000231800BD4602B080BD4C
:10B2000080B582B000AF78607B689B68044A1340C9
:10B2100004221A437B689A60C046BD4602B080BDD6
:10B22000E8FFFF7F80B582B000AF78607B689B68E5
:10B23000044A134010221A437B689A60C046BD46F8
:10B2400002B080BDE8FFFF7F80B582B000AF7860BC
:10B250007B689B6804221340042B01D1012300E08A
:10B2600000231800BD4602B080BD000080B588B044
:10B2700000AF78601F23FB1800221A700023BB6107
:10B2800000237B610023FB607B68002B01D101233D
:10B290007FE17B689B6D002B0AD17B681800FAF771
:10B2A00053FB7B680022DA657B68542200219954A5
:10B2B0007B681B681800FFF749FF031E15D17B68E8
:10B2C0001B681800FFF72EFFB44B1B68B449180029
:10B2D000E4F740FF030001335B00FB6002E0FB6822
:10B2E000013BFB60FB68002BF9D17B681B681800F1
:10B2F000FFF72CFF031E0FD17B689B6D10221A43B2
:10B300007B689A657B68DB6D01221A437B68DA658E
:10B310001F23FB1801221A707B681B681800FFF7B7
:10B3200093FF03003B617B689B6D1022134000D0AC
:10B3300022E13B69002B00D01EE17B689B6D994A9E
:10B34000134002221A437B689A657B681B681800C9
:10B35000FFF734FF031E00D0ADE07B689A687B687E
:10B360001B7E9B031A437B685B7EDB031A437B686F
:10B370009B7E5B031A437B681B6B002B02D08023F0
:10B380005B0100E000231A437B68DB681A437B689B
:10B390001B69002B04DA7B681B695B005B0801E01A
:10B3A00080239B031A437B682C215B5C5B00134367
:10B3B000BA691343BB617B6820229B5C012B15D1CA
:10B3C0007B689B7E002B05D1BB6980225202134310
:10B3D000BB610BE07B689B6D20221A437B689A65FA
:10B3E0007B68DB6D01221A437B68DA657B685B6AE8
:10B3F000002B0AD07B685A6AE0235B001A407B6806
:10B400009B6A1343BA691343BB617B681B68DB68A3
:10B41000654A134019007B681B68BA690A43DA6001
:10B420007B685B689B0F9A077B68DB6C13437A69C8
:10B4300013437B617B683C229B5C012B11D17B68B1
:10B440005B689B0F9A077B681B6C1A437B685B6C7D
:10B450001A437B689B6C1A437B6913430122134395
:10B460007B617B681B681B69504A134019007B682D
:10B470001B687A690A431A617B685A68C0231B06F5
:10B480009A4218D07B685A688023DB059A4212D012
:10B490007B685A6880231B069A420CD0444B1B6879
:10B4A000444A134019007B685A68F0239B031A40F2
:10B4B0003F4B0A431A607B6818687B685B6B1A0015
:10B4C0000021FFF78AFD7B6818687B689B6B3A490F
:10B4D0001A00FFF782FD7B681B69002B09D17B688E
:10B4E0001B689A6A7B681B68102149420A439A626A
:10B4F00018E07B681A6980239B039A4212D17B680B
:10B500001B689B6A7B68DB69013B9B001C22134024
:10B51000102252429A4011007B681A6E7B681B68A9
:10B520000A439A627B681B6800211800FFF772FDCE
:10B5300002007B685B6B9A420BD17B680022DA6564
:10B540007B689B6D0322934301221A437B689A65B3
:10B550001CE07B689B6D1222934310221A437B6888
:10B560009A657B68DB6D01221A437B68DA651F23CD
:10B57000FB1801221A7009E07B689B6D10221A43A8
:10B580007B689A651F23FB1801221A701F23FB1882
:10B590001B781800BD4608B080BDC046840200205C
:10B5A000400D0300FDFEFFFF0102FEFF02FCFF1F36
:10B5B00008270140FFFFC3FF04FFFF07B0B584B0B9
:10B5C00000AF78607B681B681800FFF73DFE031E24
:10B5D00035D17B6854229B5C012B01D1022335E0DD
:10B5E0007B685422012199540F257C197B6818002F
:10B5F00000F028FB030023707B191B78002B19D166
:10B600007B689B6D134A1340802252001A437B686B
:10B610009A657B680022DA657B681B681C221A60C9
:10B620007B685422002199547B681B681800FFF73F
:10B63000E7FD08E07B6854220021995403E00F23C2
:10B64000FB1802221A700F23FB181B781800BD4646
:10B6500004B0B0BDFEF0FFFFB0B584B000AF7860BD
:10B660007B6854229B5C012B01D1022329E07B687B
:10B670005422012199540F257C197B68180000F091
:10B680009FFA030023707B191B78002B12D17C19C1
:10B690007B68180000F05CFB030023707B191B78AB
:10B6A000002B07D17B689B6D084A134001221A4387
:10B6B0007B689A657B685422002199540F23FB18FC
:10B6C0001B781800BD4604B0B0BDC046FEFEFFFFAB
:10B6D00080B584B000AF786039607B685B69082B07
:10B6E00002D10823FB600FE07B681B68DB68012246
:10B6F000134007D07B689B6D20221A437B689A65B4
:10B70000012372E00423FB60FFF700FC0300BB6031
:10B710001FE03B6801331CD0FFF7F8FB0200BB6859
:10B72000D31A3A689A4202D33B68002B11D17B6846
:10B730001B681B68FA6813400BD17B689B6D042261
:10B740001A437B689A657B6854220021995403232D
:10B750004BE07B681B681B68FA681340D9D07B6894
:10B760009B6D802292001A437B689A657B681B68F8
:10B770001800FFF766FC031E2ED07B689B7E002B13
:10B780002AD17B681B681B6808221340082B23D131
:10B790007B681B681800FFF757FD031E10D17B68FC
:10B7A0001B685A687B681B680C218A435A607B6857
:10B7B0009B6D104A134001221A437B689A650BE087
:10B7C0007B689B6D20221A437B689A657B68DB6DE2
:10B7D00001221A437B68DA657B681B7E002B03D14C
:10B7E0007B681B680C221A6000231800BD4604B059
:10B7F00080BDC046FEFEFFFF80B582B000AF78601E
:10B800007B681B681B6C1800BD4602B080BD000041
:10B8100080B586B000AF786039601723FB1800222E
:10B820001A700023FB607B6854229B5C012B01D1C2
:10B830000223C0E17B685422012199547B681B6874
:10B840001800FFF701FD031E00D0A3E13B685B6811
:10B85000022B00D143E17B681A6980231B069A42C0
:10B8600004D07B681B69C14A934208D17B681A687F
:10B870003B681B6819001000FFF714FCC9E07B68E7
:10B880001A6E3B685B681F210B400F2199400B002B
:10B89000DB43134019003B681B685B035B0B05D15E
:10B8A0003B681B689B0E1F22134098E03B681B6897
:10B8B0000122134000D091E03B681B680222134034
:10B8C00000D089E03B681B680422134000D081E06F
:10B8D0003B681B680822134000D079E03B681B6876
:10B8E0001022134000D071E03B681B6820221340F7
:10B8F00000D069E03B681B684022134000D061E043
:10B900003B681B688022134000D059E03B681A68EE
:10B9100080235B00134051D13B681A6880239B0051
:10B92000134049D13B681A688023DB00134041D1A2
:10B930003B681A6880231B01134039D13B681A68A1
:10B9400080235B01134031D13B681A6880239B013F
:10B95000134029D13B681A688023DB01134021D1B1
:10B960003B681A6880231B02134019D13B681A6890
:10B9700080235B02134011D13B681A6880239B022D
:10B98000134009D13B681A688023DB02134001D0C1
:10B99000122324E0002322E0112320E010231EE0E4
:10B9A0000F231CE00E231AE00D2318E00C2316E0F1
:10B9B0000B2314E00A2312E0092310E008230EE011
:10B9C00007230CE006230AE0052308E0042306E031
:10B9D000032304E0022302E0012300E000233A688D
:10B9E00052681F20024093400A001A437B681A667F
:10B9F0003B685B689B085A1C7B68DB699A4208D8E5
:10BA00007B6818683B6859683B681B681A00FFF739
:10BA100029FB7B6818683B6819683B689B681A00BB
:10BA2000FFF764FB3B681B68002B00DBBCE0504B5E
:10BA30001800FFF7C5FA03003B613B681B684D4ADD
:10BA4000934222D13A6980231B0413401DD13B69E4
:10BA5000802212041343464A19001000FFF79CFA93
:10BA6000454B1B6845491800E4F774FB03005A1C5A
:10BA700013005B009B189B00FB6002E0FB68013B2E
:10BA8000FB60FB68002BF9D18EE03B681B683C4AE9
:10BA900093420ED13A6980235B04134009D13B697C
:10BAA000802252041343324A19001000FFF774FA3F
:10BAB0007AE03B681B68334A934200D074E03A69ED
:10BAC0008023DB03134000D06EE03B698022D20369
:10BAD0001343274A19001000FFF75EFA64E07B6801
:10BAE0001A6980231B069A4204D07B681B691F4A8F
:10BAF000934207D17B681A683B681B6819001000E5
:10BB0000FFF7E1FA3B681B68002B4DDA184B180071
:10BB1000FFF756FA03003B613B681B68154A9342E6
:10BB200008D13B69184A1340114A19001000FFF769
:10BB300033FA39E03B681B68114A934208D13B69EC
:10BB4000124A13400A4A19001000FFF725FA2BE0A9
:10BB50003B681B680B4A934226D13B690C4A134051
:10BB6000034A19001000FFF717FA1DE004000080D7
:10BB700008270140001000B084020020400D03009F
:10BB8000004000B8002000B4FFFF7FFFFFFFFFFE72
:10BB9000FFFFBFFF7B689B6D20221A437B689A657D
:10BBA0001723FB1801221A707B6854220021995434
:10BBB0001723FB181B781800BD4606B080BDC04691
:10BBC00080B584B000AF78607B681B681800FFF711
:10BBD0003BFB031E31D07B681B681800FFF7FFFAA0
:10BBE000031E04D17B681B681800FFF71BFBFFF7DF
:10BBF0008DF90300FB601AE0FFF788F90200FB688B
:10BC0000D31A022B13D97B681B689B68042213404C
:10BC10000DD07B689B6D10221A437B689A657B6808
:10BC2000DB6D01221A437B68DA65012306E07B683D
:10BC30001B689B6804221340DED100231800BD4618
:10BC400004B080BD80B584B000AF78600023BB60D5
:10BC50007B681B681800FFF7B1FA031E00D069E08B
:10BC60007B681B689B68364A13400DD07B689B6DD0
:10BC700010221A437B689A657B68DB6D01221A43A8
:10BC80007B68DA65012356E07B681B681800FFF7C4
:10BC900071FA2C4B1800FFF793F9020080231B0464
:10BCA00013400FD0284B1B6828491800E4F752FABC
:10BCB00003000133BB6002E0BB68013BBB60BB68B3
:10BCC000002BF9D17B685B7E012B33D0FFF71EF987
:10BCD0000300FB6027E07B681B681800FFF76EFA23
:10BCE000031E04D17B681B681800FFF743FAFFF7B7
:10BCF0000DF90200FB68D31A022B14D97B681B686C
:10BD00001B6801221340012B0DD07B689B6D102214
:10BD10001A437B689A657B68DB6D01221A437B6856
:10BD2000DA65012307E07B681B681B68012213406A
:10BD3000012BD0D100231800BD4604B080BDC04601
:10BD4000170000800827014084020020400D0300F6
:10BD500080B584B000AF78607B681B681800FFF77F
:10BD60003EFA0300FB607B681B681800FFF726FAA9
:10BD7000031E46D0FB68002B43D17B681B689B6881
:10BD800005221340012B0DD17B681B681800FFF7BB
:10BD900003FA7B681B6803221A60FFF7B7F80300F9
:10BDA000BB6028E07B689B6D10221A437B689A6514
:10BDB0007B68DB6D01221A437B68DA65012321E091
:10BDC000FFF7A4F80200BB68D31A022B13D97B68D3
:10BDD0001B689B68012213400DD07B689B6D10226D
:10BDE0001A437B689A657B68DB6D01221A437B6886
:10BDF000DA65012306E07B681B689B68012213401B
:10BE0000DED100231800BD4604B080BD80B582B0ED
:10BE100000AF0200FB1D1A70FB1D1B787F2B09D899
:10BE2000FB1D1B781A001F231A40044B012191406F
:10BE30000A001A60C046BD4602B080BD00E100E0C5
:10BE400080B582B000AF0200FB1D1A70FB1D1B788D
:10BE50007F2B10D8FB1D1B781A001F2313400849A5
:10BE600001229A40130080228B50BFF34F8FC046AF
:10BE7000BFF36F8FC046C046BD4602B080BDC0460E
:10BE800000E100E090B583B000AF02003960FB1D17
:10BE90001A70FB1D1B787F2B28D82F4AFB1D1B789F
:10BEA0005BB29B08C0339B009B58FA1D12781100AF
:10BEB00003220A40D200FF2191400A00D2431A40D7
:10BEC00011003B689B01FF221A40FB1D1B781800E4
:10BED00003230340DB009A401F48FB1D1B785BB225
:10BEE0009B080A43C0339B001A5031E01B4AFB1DDC
:10BEF0001B7819000F230B40083B9B0806339B005F
:10BF0000D31804331B68FA1D1278110003220A406B
:10BF1000D200FF2191400A00D2431A4011003B6831
:10BF20009B01FF221A40FB1D1B78180003230340CE
:10BF3000DB009A400948FB1D1B781C000F2323409F
:10BF4000083B9B080A4306339B00C31804331A605E
:10BF5000C046BD4603B090BD00E100E000ED00E04A
:10BF600080B582B000AF78607B685A1E80235B0486
:10BF70009A4201D3012310E00A4B7A68013A5A60D1
:10BF800001235B4203211800FFF77CFF054B0022D1
:10BF90009A60044B07221A6000231800BD4602B0C5
:10BFA00080BDC04610E000E080B584B000AFB9604D
:10BFB0007A600F217B18021C1A70BA687B181B78F4
:10BFC0005BB211001800FFF75DFFC046BD4604B02C
:10BFD00080BD80B582B000AF0200FB1D1A70FB1D52
:10BFE0001B785BB21800FFF711FFC046BD4602B0D8
:10BFF00080BD80B582B000AF0200FB1D1A70FB1D32
:10C000001B785BB21800FFF71BFFC046BD4602B0AD
:10C0100080BD80B582B000AF78607B681800FFF704
:10C020009FFF03001800BD4602B080BD80B582B0FE
:10C0300000AF78607B68042B06D1084B1A68074B69
:10C0400004210A431A6005E0044B1A68034B0421DB
:10C050008A431A60C046BD4602B080BD10E000E0D1
:10C0600080B582B000AF78607B68002B01D10123DE
:10C0700056E07B685B7FDBB2002B06D17B68002239
:10C080001A777B681800F6F7C7FF7B6802225A7799
:10C090007B681B79002B0CD17B681B68224A5A6194
:10C0A0007B681B689A687B681B6818218A439A60C2
:10C0B0000BE07B6899687B68DA687B68180000F0A1
:10C0C00093F9031E01D001232AE07B685B79002BE2
:10C0D00005D17B681B68012252421A6104E07B682B
:10C0E0001B687A6812691A617B681B689B6860220A
:10C0F000934319007B685A697B681B680A439A60FE
:10C100007B681B689B688022934319007B689A694F
:10C110007B681B680A439A607B6801225A77002378
:10C120001800BD4602B080BDB71DC10480B586B001
:10C1300000AFF860B9607A6000233B61FB680222BF
:10C140005A77FB681B6A032B05D02DD8012B19D019
:10C15000022B20D028E000237B610AE07B699B0052
:10C16000BA68D218FB681B6812681A607B690133D1
:10C170007B617A697B689A42F0D3FB681B681B6815
:10C180003B6112E07A68B968FB68180000F064F857
:10C1900003003B6109E07A68B968FB68180000F0A9
:10C1A000ECF803003B6100E0C046FB6801225A77CF
:10C1B0003B691800BD4606B080BD80B586B000AFB3
:10C1C000F860B9607A6000233B61FB6802225A770D
:10C1D000FB681B689A68FB681B6801210A439A6028
:10C1E000FB681B6A032B05D02DD8012B19D0022B1D
:10C1F00020D028E000237B610AE07B699B00BA68BD
:10C20000D218FB681B6812681A607B6901337B6176
:10C210007A697B689A42F0D3FB681B681B683B61B4
:10C2200012E07A68B968FB68180000F015F803009E
:10C230003B6109E07A68B968FB68180000F09DF876
:10C2400003003B6100E0C046FB6801225A773B696E
:10C250001800BD4606B080BD80B588B000AFF8605C
:10C26000B9607A600023FB6123E0FB699B00BA6838
:10C27000D3181B781A06FB699B000133B968CB18E9
:10C280001B781B041A43FB699B000233B968CB1867
:10C290001B781B021A43FB699B000333B968CB1858
:10C2A0001B781900FB681B680A431A60FB6901339D
:10C2B000FB617B689B08FA699A42D6D37B680322AC
:10C2C000134053D07B6803221340012B07D1FB6935
:10C2D0009B00BA68D218FB681B6812781A707B68DA
:10C2E00003221340022B19D1FB699B00BA68D318B3
:10C2F0001B781B021AB2FB699B000133B968CB188B
:10C300001B781BB213431AB21A217B181A80FB68E0
:10C310001B687B617B697A1812881A807B6803220C
:10C320001340032B22D1FB699B00BA68D3181B78FA
:10C330001B021AB2FB699B000133B968CB181B784A
:10C340001BB213431AB21A217B181A80FB681B68B0
:10C350007B617B697A1812881A80FB699B00023323
:10C36000BA68D218FB681B6812781A70FB681B68E1
:10C370001B681800BD4608B080BD80B586B000AF10
:10C38000F860B9607A6000237B6113E07B699B00F1
:10C39000BA68D3181B881A047B699B000233B968FA
:10C3A000CB181B881900FB681B680A431A607B695D
:10C3B00001337B617B685B087A699A42E6D37B68CC
:10C3C0000122134009D0FB681B683B617B699B001D
:10C3D000BA68D3181A883B691A80FB681B681B6807
:10C3E0001800BD4606B080BD80B586B000AFF860CD
:10C3F000B9607A601723FB1800221A701F233B6173
:10C40000C0463B695A1E3A61002B08D03B691F2287
:10C410001340BA68DA40130001221340F1D07B6860
:10C42000182B0FD07B68182B24D87B68102B11D0C9
:10C430007B68102B1ED87B68002B20D07B68082BD4
:10C4400010D017E03B69062B1BD91723FB180122DC
:10C450001A7016E03B69072B15D91723FB18012228
:10C460001A7010E03B690F2B0FD91723FB1801221C
:10C470001A700AE01723FB1801221A7006E0C04662
:10C4800004E0C04602E0C04600E0C0461723FB18A7
:10C490001B78002B0ED1FB681B68BA685A61FB68D9
:10C4A0001B689B68182293431900FB681B687A6815
:10C4B0000A439A601723FB181B781800BD4606B084
:10C4C00080BD000080B582B000AF78607B68002B33
:10C4D00001D1012391E07B681B681A00494B9A4205
:10C4E00010D87B681B68484A94466344142118009E
:10C4F000E3F730FE03009A007B685A647B68434A86
:10C500001A640FE07B681B68414A94466344142117
:10C510001800E3F71FFE03009A007B685A647B68EB
:10C520003C4A1A647B682522022199547B681B6867
:10C530001A687B681B6838490A401A607B681B6868
:10C5400019687B689A687B68DB681A437B681B699B
:10C550001A437B685B691A437B689B691A437B6853
:10C56000DB691A437B681B6A1A437B681B680A43B2
:10C570001A607B68180000F0E5F97B689A688023F0
:10C58000DB019A4202D17B6800225A607B685A68BC
:10C590007B689B6C7F210A401A607B68DB6C7A6841
:10C5A000126D5A607B685B68002B11D07B685B68FA
:10C5B000042B0DD87B68180000F00EFA7B685B6DC9
:10C5C00000221A607B689B6D7A68D26D5A6008E021
:10C5D0007B6800225A657B6800229A657B6800228E
:10C5E000DA657B680022DA637B6825220121995491
:10C5F0007B6824220021995400231800BD4602B014
:10C6000080BDC04607040240F8FFFDBF00000240A5
:10C61000F8FBFDBF000402400F80FFFF80B586B02D
:10C6200000AFF860B9607A603B601723FB18002206
:10C630001A70FB6824229B5C012B01D102236FE05E
:10C64000FB68242201219954FB6825229B5CDBB204
:10C65000012B57D1FB68252202219954FB68002247
:10C66000DA63FB681B681A68FB681B6801218A4350
:10C670001A603B687A68B968F86800F027F9FB68C7
:10C680001B6B002B08D0FB681B681A68FB681B68D3
:10C690000E210A431A600FE0FB681B681A68FB68EA
:10C6A0001B6804218A431A60FB681B681A68FB68D0
:10C6B0001B680A210A431A60FB689B6C1A68802376
:10C6C0005B02134008D0FB689B6C1A68FB689B6C8C
:10C6D000802149000A431A60FB685B6D002B08D07B
:10C6E000FB685B6D1A68FB685B6D802149000A433B
:10C6F0001A60FB681B681A68FB681B6801210A4303
:10C700001A600AE0FB688022DA63FB6824220021B9
:10C7100099541723FB1801221A701723FB181B7852
:10C720001800BD4606B080BD80B582B000AF78600D
:10C730007B68002B01D101234FE07B6825229B5CA5
:10C74000DBB2022B08D07B680422DA637B682422E8
:10C7500000219954012340E07B681B681A687B68BC
:10C760001B680E218A431A607B689B6C1A687B6881
:10C770009B6C1C490A401A607B681B681A687B68BE
:10C780001B6801218A431A607B685B6C1C221A407B
:10C790007B681B6C012191400A005A607B68DB6C4E
:10C7A0007A68126D5A607B685B6D002B0CD07B68D9
:10C7B0005B6D1A687B685B6D0A490A401A607B688A
:10C7C0009B6D7A68D26D5A607B682522012199544D
:10C7D0007B6824220021995400231800BD4602B032
:10C7E00080BDC046FFFEFFFF80B584B000AF78601B
:10C7F0000F217B1800221A707B6825229B5CDBB21C
:10C80000022B06D07B680422DA637B1801221A709F
:10C8100048E07B681B681A687B681B680E218A43A6
:10C820001A607B681B681A687B681B6801218A4351
:10C830001A607B689B6C1A687B689B6C1D490A4078
:10C840001A607B685B6C1C221A407B681B6C0121A0
:10C8500091400A005A607B68DB6C7A68126D5A60FE
:10C860007B685B6D002B0CD07B685B6D1A687B6806
:10C870005B6D10490A401A607B689B6D7A68D26DC7
:10C880005A607B682522012199547B68242200216B
:10C8900099547B689B6B002B04D07B689B6B7A68F8
:10C8A000100098470F23FB181B781800BD4604B0F2
:10C8B00080BDC046FFFEFFFF80B582B000AF78604C
:10C8C0007B68DB6B1800BD4602B080BD80B584B0CC
:10C8D00000AFF860B9607A603B60FB68DB6CFA68B7
:10C8E000126D5A60FB685B6D002B04D0FB689B6D7A
:10C8F000FA68D26D5A60FB685B6C1C221A40FB68B8
:10C900001B6C012191400A005A60FB681B683A6861
:10C910005A60FB689B68102B08D1FB681B687A681B
:10C920009A60FB681B68BA68DA6007E0FB681B68FE
:10C93000BA689A60FB681B687A68DA60C046BD46D0
:10C9400004B080BD80B584B000AF78607B681B68A0
:10C950001A001D4B9A4214D87B685B6C9B089B00A5
:10C960001A4A9A187B689A647B681B681A00FF232E
:10C970001340083B14211800E3F7ECFB0300FB60B5
:10C9800014E07B685B6C9B089B00114A9A187B68DB
:10C990009A647B681B681A00FF231340083B14212C
:10C9A0001800E3F7D7FB03000733FB607B68094AF5
:10C9B000DA64FB681F22134001229A407B681A65E3
:10C9C000C046BD4604B080BD0704024000080240D6
:10C9D0001C0802408008024080B584B000AF786037
:10C9E0007B685B687F221340FB60FB680A4A9446C1
:10C9F00063449B001A007B685A657B68074A9A6506
:10CA0000FB68013B0322134001229A407B68DA65F0
:10CA1000C046BD4604B080BD3F82001040090240C0
:10CA2000B0B586B000AFF860B9603A607B60214B6A
:10CA30001B78012B01D1022338E01E4B01221A7012
:10CA40001C4B00225A6017257C19FA239B00180002
:10CA500000F074F8030023707B191B78002B1FD1A2
:10CA6000FB68012B06D13A687B68B968080000F0C2
:10CA7000B3F805E03A68BB68110018000FF0ECFB52
:10CA80001723FC18FA239B00180000F057F8030046
:10CA90002370094B5A69FB68D943074B0A405A6116
:10CAA000044B00221A701723FB181B781800BD4690
:10CAB00006B0B0BD909701200020024080B582B042
:10CAC00000AFFB1D00221A700B4B5B69002B0CDAC8
:10CAD000094B0A4A9A60084B094A9A60064B5B69FF
:10CAE000002B02DAFB1D01221A70FB1D1B781800B7
:10CAF000BD4602B080BDC04600200240230167450C
:10CB0000AB89EFCD80B582B000AFFB1D01221A705A
:10CB1000094B5A69084B802109060A435A61064BA2
:10CB20005B69002B02DAFB1D00221A70FB1D1B78CB
:10CB30001800BD4602B080BD0020024080B584B020
:10CB400000AF7860FEF7E2F902007B689B18FB609B
:10CB5000C0239B02BB6007E0FEF7D8F90200FB6828
:10CB6000934201D803232AE0174B1B69BA6813408C
:10CB7000F2D1154B1B69154A1340BB60124B144A86
:10CB80001A61BB68002B04D0124BBA685A600123AB
:10CB900015E0FEF7BBF902007B689B18FB6007E01D
:10CBA000FEF7B4F90200FB68934201D8032306E0C4
:10CBB000054B1A698023DB021340F1D100231800D2
:10CBC000BD4604B080BDC04600200240FAC300004C
:10CBD000FBC3080090970120B0B584B000AFF860A7
:10CBE0003A607B600B4B5A690A4B01210A435A6138
:10CBF000FB683A681A60BFF36F8FC0467B681C0001
:10CC000000231D00FB68043322001A60C046BD46A5
:10CC100004B0B0BD00200240B0B584B000AF786071
:10CC20003960334B1B78012B01D102235CE0304B80
:10CC300001221A702E4B00225A600F257C19FA230C
:10CC40009B001800FFF77AFF030023702C003B19AC
:10CC50001B78002B42D17B681B68042B0DD17B68AD
:10CC60005B68180000F048F83C19FA239B00180094
:10CC7000FFF764FF0300237030E03B68012252425B
:10CC80001A607B689B68BB601AE07B685B68BA6867
:10CC90001100180000F044F80F257C19FA239B00BE
:10CCA0001800FFF74BFF030023707B191B78002B44
:10CCB00003D03B68BA681A600AE0BB680133BB6006
:10CCC0007B689A687B68DB68D318BA689A42DCD3C1
:10CCD000084B5A69074B02218A435A61044B0022D0
:10CCE0001A700F23FB181B781800BD4604B0B0BDA6
:10CCF000909701200020024080B582B000AF78609C
:10CD0000064B5A697B681A43044B802149020A4347
:10CD10005A61C046BD4602B080BDC04600200240F8
:10CD200080B584B000AF786039600023FB60C046F6
:10CD3000594B1A6980239B021340F9D1564B1A694B
:10CD4000554B01210A431A61534B1A69524B10216A
:10CD50000A431A61504B1A694F4B08210A431A6162
:10CD60004D4B5A694C4B02210A435A614B4B1A688E
:10CD7000C0239B0413400ED0484B1A68C0239B0469
:10CD80001A4080235B049A420FD1454B1A688023D6
:10CD90009B03134009D1434B1B689B02424A13403B
:10CDA000802212059446634409E03E4B1B689B02B7
:10CDB0005B083E4A134080221205944663443A6859
:10CDC00093420DD93B68F822120694466344DB0A6D
:10CDD000FB60314B5A69304B35490A405A6133E0A8
:10CDE0002E4B1A68C0239B0413400ED02B4B1A689D
:10CDF000C0239B041A4080235B049A420FD1284B26
:10CE00001A6880239B03134009D1264B1B689B02A1
:10CE1000254A1340802212059446634409E0214BC1
:10CE20001B689B025B08214A13408022120594462E
:10CE300063443A68D31ADB0AFB60174B5A69164BF6
:10CE4000802189010A435A61134B5969FB68DB0051
:10CE5000184A1A40104B0A435A610F4B5A690E4B3D
:10CE6000802149020A435A61C0460B4B1A6980234C
:10CE70009B021340F9D1084B5A69074B02218A43A0
:10CE80005A61054B5A69044B920F92075A61C0468A
:10CE9000BD4604B080BDC046002002400075FF1FA3
:10CEA00020200240E075FF1F00FC0F0000FE07007D
:10CEB000FFDFFFFFF81F000080B586B000AF78608D
:10CEC000396000237B614DE13B681B6801217A6971
:10CED00091400A001340FB60FB68002B00D13EE14B
:10CEE0003B685B6803221340012B05D03B685B68FD
:10CEF00003221340022B30D17B689B683B617B6926
:10CF00005B0003229A401300DA433B6913403B6104
:10CF10003B68DA687B695B009A4013003A69134307
:10CF20003B617B683A699A607B685B683B61012280
:10CF30007B699A401300DA433B6913403B613B68CD
:10CF40005B681B0901221A407B699A4013003A6909
:10CF500013433B617B683A695A603B685B68032214
:10CF60001340032B17D07B68DB683B617B695B0058
:10CF700003229A401300DA433B6913403B613B684C
:10CF80009A687B695B009A4013003A6913433B61DE
:10CF90007B683A69DA603B685B6803221340022BC6
:10CFA00023D17B69DA087B6808329200D3583B6151
:10CFB0007B69072213409B000F229A401300DA433B
:10CFC0003B6913403B613B681A697B6907210B4051
:10CFD0009B009A4013003A6913433B617B69DA086E
:10CFE0007B68083292003969D1507B681B683B61CD
:10CFF0007B695B0003229A401300DA433B691340CC
:10D000003B613B685B6803221A407B695B009A4086
:10D0100013003A6913433B617B683A691A603B68C5
:10D020005A68C0239B02134000D198E0534A7B69A1
:10D030009B0818339B009B583B617B69032213407C
:10D04000DB000F229A401300DA433B6913403B6137
:10D050007A68A023DB059A4219D07B68484A93423C
:10D0600013D07B68474A93420DD07B68464A93426F
:10D0700007D07B68454A934201D1042308E0052389
:10D0800006E0032304E0022302E0012300E0002382
:10D090007A6903210A40D20093403A6913433B6105
:10D0A00036497B699B0818339B003A695A50334BC9
:10D0B0001B683B61FB68DA433B6913403B613B689B
:10D0C0005A6880235B03134003D03A69FB6813431B
:10D0D0003B612A4B3A691A60284B5B683B61FB68ED
:10D0E000DA433B6913403B613B685A6880239B03EA
:10D0F000134003D03A69FB6813433B611F4B3A6905
:10D100005A601E4A8423D3583B61FB68DA433B696B
:10D1100013403B613B685A6880239B02134003D055
:10D120003A69FB6813433B61144984223B698B5085
:10D13000124A8023D3583B61FB68DA433B691340B2
:10D140003B613B685A6880235B02134003D03A6915
:10D15000FB6813433B61094980223B698B507B6923
:10D1600001337B613B681A687B69DA40131E00D08B
:10D17000AAE6C046C046BD4606B080BD00180240C3
:10D180000004005000080050000C00500010005037
:10D1900080B586B000AF7860396000237B61BAE06B
:10D1A00001227B699A403B6813403B613B69002B3D
:10D1B00000D1ADE05D4A7B699B0818339B009B580A
:10D1C000FB607B6903221340DB000F229A40FB685F
:10D1D0001340FB607A68A023DB059A4219D07B6874
:10D1E000534A934213D07B68524A93420DD07B68D6
:10D1F000514A934207D07B68504A934201D104239D
:10D2000008E0052306E0032304E0022302E00123F3
:10D2100000E000237A6903210A40D2009340FA68B3
:10D220009A4236D1414A8023D3583A69D2433F4982
:10D23000134080228B503D4A8423D3583A69D2430D
:10D240003A49134084228B50384B5A683B69D94382
:10D25000364B0A405A60354B1A683B69D943334B09
:10D260000A401A607B6903221340DB000F229A40B8
:10D270001300FB602D4A7B699B0818339B009A586A
:10D28000FB68D94329487B699B080A4018339B00F7
:10D290001A507B681A687B695B00032199400B0078
:10D2A0001A437B681A607B69DA087B68083292004F
:10D2B000D3587A6907210A4092000F2191400A0051
:10D2C000D1437A69D20819407B6808329200D15064
:10D2D0007B689B687A695200032191400A00D2431F
:10D2E0001A407B689A607B685B6801217A6991408B
:10D2F0000A00D2431A407B685A607B68DB687A690F
:10D300005200032191400A00D2431A407B68DA6040
:10D310007B6901337B613A687B69DA40131E00D078
:10D320003EE7C046C046BD4606B080BD001802407C
:10D330000004005000080050000C00500010005085
:10D3400080B584B000AF78600A00BB1C1A807B688F
:10D350001B69BA1C1288134004D00F23FB1801224A
:10D360001A7003E00F23FB1800221A700F23FB181A
:10D370001B781800BD4604B080BD80B582B000AFF8
:10D38000786008001100BB1C021C1A807B1C0A1C60
:10D390001A707B1C1B78002B04D0BB1C1A887B687E
:10D3A0009A6103E0BB1C1A887B689A62C046BD463E
:10D3B00002B080BD80B584B000AF78600A00BB1CAD
:10D3C0001A807B685B69FB60BB1C1B88FA68134092
:10D3D0001A04FB68DB43B91C09880B401A437B68BD
:10D3E0009A61C046BD4604B080BD80B500AFC0465E
:10D3F000BD4680BD80B500AF044B1A68034B802149
:10D4000049000A431A60C046BD4680BD0070004016
:10D4100080B582B000AF78600C4BDB687A683F2142
:10D420000A40D2431A4011007B681A0A074B0A438C
:10D43000DA60064B99687B683F221A40034B0A4327
:10D440009A60C046BD4602B080BDC0460070004034
:10D4500080B582B000AF7860064B9A687B683F2148
:10D460000B40D943034B0A409A60C046BD4602B008
:10D4700080BDC0460070004080B582B000AF7860CB
:10D480000A00FB1C1A707B68002B09D0144B1B6828
:10D49000072293431A00124B01210A431A6005E048
:10D4A0000F4B1A680E4B07218A431A600D4B1A69FD
:10D4B0000C4B04210A431A61FB1C1B78012B01D180
:10D4C00030BF02E040BF20BF20BF064B1A69054BAA
:10D4D00004218A431A61C046BD4602B080BDC046E1
:10D4E0000070004000ED00E080B500AF094B1B6804
:10D4F000072293431A00074B03210A431A60064B85
:10D500001A69054B04210A431A6130BFC046BD4663
:10D5100080BDC0460070004000ED00E080B500AF67
:10D52000044B9A68034B802149000A439A60C04625
:10D53000BD4680BD0070004080B584B000AF78600B
:10D54000194B1B68194A13401900174B7A680A4394
:10D550001A607A6880239B009A421FD1144B1A6884
:10D5600013005B009B185B0012491800E2F7F2FD04
:10D5700003000133FB6008E0FB68002B03D0FB686D
:10D58000013BFB6001E0032309E0074B5A6980235C
:10D59000DB001A408023DB009A42EDD00023180004
:10D5A000BD4604B080BDC04600700040FFF9FFFFDB
:10D5B0008402002040420F0080B500AF034B9A6800
:10D5C000E023DB0113401800BD4680BD001002407F
:10D5D00080B588B000AF78607B68002B02D1012352
:10D5E00000F050FB7B681B680122134000D17CE0F7
:10D5F000C34B9B6838221340BB61C14BDB680322DD
:10D6000013407B61BB69102B02D17B69032B02D0D5
:10D61000BB69082B0BD1BA4B1A6880239B021340BD
:10D6200062D07B685B68002B5ED101232AE37B68B4
:10D630005A6880235B029A4207D1B14B1A68B04BFB
:10D64000802149020A431A6020E07B685A68A023BF
:10D65000DB029A420ED1AA4B1A68A94B8021C9025B
:10D660000A431A60A64B1A68A54B802149020A4357
:10D670001A600BE0A24B1A68A14BA2490A401A603B
:10D680009F4B1A689E4BA0490A401A607B685B68F2
:10D69000002B14D0FDF73AFC03003B6108E0FDF7D6
:10D6A00035FC02003B69D31A642B01D90323E9E25C
:10D6B000934B1A6880239B021340F0D015E0FDF7CE
:10D6C00025FC03003B6108E0FDF720FC02003B69FC
:10D6D000D31A642B01D90323D4E2894B1A6880231F
:10D6E0009B021340F0D100E0C0467B681B68022219
:10D6F000134000D199E0824B9B6838221340BB61F4
:10D700007F4BDB68032213407B61BB69102B02D186
:10D710007B69022B02D0BB69002B35D1784B1A688C
:10D720008023DB00134005D07B68DB68002B01D130
:10D730000123A7E2724B5B68744A134019007B68AF
:10D740005B691A026E4B0A435A60BB69002B12D107
:10D750006B4B1B686E4A134019007B681A69684B53
:10D760000A431A60664B1B68DB0A07221340694AAA
:10D77000DA40694B1A60694B1B681800FDF76AFBB9
:10D78000031E51D001237DE27B68DB68002B30D083
:10D790005B4B1B685E4A134019007B681A69584B43
:10D7A0000A431A60564B1A68554B802149000A43B8
:10D7B0001A60FDF7ABFB03003B6108E0FDF7A6FB39
:10D7C00002003B69D31A022B01D903235AE24C4BC6
:10D7D0001A688023DB001340F0D0494B5B684B4A4A
:10D7E000134019007B685B691A02454B0A435A6073
:10D7F0001BE0434B1A68424B49490A401A60FDF747
:10D8000085FB03003B6108E0FDF780FB02003B69FC
:10D81000D31A022B01D9032334E2394B1A6880232F
:10D82000DB001340F0D100E0C0467B681B68082293
:10D83000134047D0324B9B6838221340182B0AD133
:10D840002F4B1B6E022213403CD07B689B69002B40
:10D8500038D1012316E27B689B69002B19D0284B35
:10D860001A6E274B01210A431A66FDF74FFB03008E
:10D870003B6108E0FDF74AFB02003B69D31A022B2B
:10D8800001D90323FEE11E4B1B6E02221340F1D08F
:10D8900018E01B4B1A6E1A4B01218A431A66FDF7DA
:10D8A00035FB03003B6108E0FDF730FB02003B69FC
:10D8B000D31A022B01D90323E4E1114B1B6E022280
:10D8C0001340F1D17B681B680422134000D1C7E0EC
:10D8D0001F23FB1800221A70094B9B683822134043
:10D8E000202B1FD1064BDB6D0222134000D1B7E085
:10D8F0007B689B68002B00D0B2E00123C2E1C046E8
:10D9000000100240FFFFFEFFFFFFFBFFFF80FFFF55
:10D91000FFC7FFFF0024F40084020020B4020020AF
:10D92000FFFEFFFFB54BDA6B80235B05134001D18F
:10D93000012300E00023002B11D0B04BDA6BAF4B7A
:10D94000802149050A43DA63AC4BDA6B80235B051F
:10D950001340FB60FB681F23FB1801221A70A84BC1
:10D960001A6880235B0013401AD1A54B1A68A44B98
:10D97000802149000A431A60FDF7C8FA03003B61A1
:10D9800008E0FDF7C3FA02003B69D31A022B01D964
:10D99000032377E19A4B1A6880235B001340F0D091
:10D9A0007B689B68012B06D1944BDA6D934B012168
:10D9B0000A43DA651CE07B689B68052B0CD18F4B12
:10D9C000DA6D8E4B04210A43DA658C4BDA6D8B4B92
:10D9D00001210A43DA650BE0884BDA6D874B0121A0
:10D9E0008A43DA65854BDA6D844B04218A43DA6514
:10D9F0007B689B68002B14D0FDF788FA03003B611D
:10DA000009E0FDF783FA02003B69D31A7D4A93428D
:10DA100001D9032336E1794BDB6D02221340F0D0AC
:10DA200013E0FDF773FA03003B6109E0FDF76EFABE
:10DA300002003B69D31A734A934201D9032321E1BF
:10DA40006E4BDB6D02221340F0D11F23FB181B78B5
:10DA5000012B05D1694BDA6B684B6B490A40DA63DD
:10DA60007B681B682022134039D07B68DB69002B60
:10DA70001BD0624B1A68614B8021C9030A431A60AC
:10DA8000FDF744FA03003B6108E0FDF73FFA0200AE
:10DA90003B69D31A022B01D90323F3E0574B1A68D1
:10DAA00080231B041340F0D019E0544B1A68534BE9
:10DAB00056490A401A60FDF729FA03003B6108E065
:10DAC000FDF724FA02003B69D31A022B01D9032384
:10DAD000D8E04A4B1A6880231B041340F0D17B68BE
:10DAE0001B6A002B00D1CCE0444B9B6838221340CA
:10DAF000102B00D17BE07B681B6A022B56D13F4B79
:10DB00001A683E4B42490A401A60FDF7FFF90300CC
:10DB10003B6108E0FDF7FAF902003B69D31A022BDA
:10DB200001D90323AEE0354B1A6880239B041340D0
:10DB3000F0D1324BDB68374A134019007B685A6AD0
:10DB40007B689B6A1A437B68DB6A1B021A437B680B
:10DB50001B6B1A437B685B6B1A437B689B6B1A4396
:10DB6000264B0A43DA60254B1A68244B802149046E
:10DB70000A431A60214BDA68204B802149050A4389
:10DB8000DA60FDF7C3F903003B6108E0FDF7BEF979
:10DB900002003B69D31A022B01D9032372E0174B11
:10DBA0001A6880239B041340F0D06AE0134B1A6874
:10DBB000124B17490A401A60FDF7A8F903003B61B0
:10DBC00008E0FDF7A3F902003B69D31A022B01D943
:10DBD000032357E0094B1A6880239B041340F0D1BC
:10DBE000064BDA68054B0C490A40DA6049E07B686D
:10DBF0001B6A012B12D1012344E0C04600100240F1
:10DC00000070004088130000FFFFFFEFFFFFBFFF21
:10DC1000FFFFFFFE8C80C111FCFFFEEE1B4BDB689B
:10DC20007B617B6903221A407B685B6A9A4226D13A
:10DC30007B6970221A407B689B6A9A421FD17A697D
:10DC4000FE23DB011A407B68DB6A1B029A4216D175
:10DC50007A69F8239B031A407B681B6B9A420ED1AA
:10DC60007A69E0231B051A407B685B6B9A4206D1F8
:10DC70007B695B0F5A077B689B6B9A4201D001233B
:10DC800000E000231800BD4608B080BD001002402F
:10DC900080B584B000AF786039607B68002B01D11B
:10DCA0000123E9E0764B1B68072213403A689A4249
:10DCB0001ED9734B1B68072293431900704B3A68B7
:10DCC0000A431A60FDF722F90300FB6009E0FDF743
:10DCD0001DF90200FB68D31A6A4A934201D9032353
:10DCE000CAE0674B1B68072213403A689A42EED19C
:10DCF0007B681B680222134015D07B681B680422D6
:10DD0000134006D0604B9A685F4BE021C9010A437B
:10DD10009A605D4B9B685D4A134019007B689A6866
:10DD2000594B0A439A607B681B680122134057D005
:10DD30007B685B68012B07D1534B1A6880239B02D9
:10DD400013402BD1012397E07B685B68022B07D13E
:10DD50004D4B1A6880239B0413401FD101238BE095
:10DD60007B685B68002B07D1474B1A688023DB0078
:10DD7000134013D101237FE07B685B68032B06D13E
:10DD8000414B1B6E0222134008D1012374E03E4B2D
:10DD9000DB6D0222134001D101236DE03A4B9B68F9
:10DDA0000722934319007B685A68374B0A439A60ED
:10DDB000FDF7ACF80300FB6009E0FDF7A7F80200EF
:10DDC000FB68D31A2F4A934201D9032354E02E4B08
:10DDD0009B6838221A407B685B68DB009A42ECD172
:10DDE000274B1B68072213403A689A421ED2244BE5
:10DDF0001B68072293431900214B3A680A431A60B3
:10DE0000FDF784F80300FB6009E0FDF77FF80200EE
:10DE1000FB68D31A1B4A934201D903232CE0184B09
:10DE20001B68072213403A689A42EED17B681B6850
:10DE30000422134009D0144B9B68154A1340190063
:10DE40007B68DA68104B0A439A6000F029F80100F9
:10DE50000D4B9B681B0A0F221A400E4B9200D358A1
:10DE60001F2213400A00DA400B4B1A600B4B1B6851
:10DE70001800FCF7EFFF03001800BD4604B080BD9A
:10DE8000002002408813000000100240FFF0FFFF56
:10DE9000FF8FFFFF90F4020884020020B4020020EC
:10DEA00080B586B000AF3C4B9B68382213400FD141
:10DEB000394B1B68DB0A0722134001229A401300EA
:10DEC0003B6039683548E2F745F903003B615DE0A6
:10DED000314B9B6838221340082B02D1304B3B61F9
:10DEE00054E02D4B9B6838221340102B38D12A4B1D
:10DEF000DB6803221340FB60274BDB681B0907220A
:10DF000013400133BB60FB68032B0DD1B968244873
:10DF1000E2F720F9030019001F4BDB681B0A7F2280
:10DF200013404B437B610DE0B9681C48E2F712F9DE
:10DF300003001900184BDB681B0A7F2213404B4378
:10DF40007B61C046144BDB685B0F07221340013333
:10DF50007B6079687869E2F7FDF803003B6115E0C2
:10DF60000D4B9B6838221340202B03D180231B02CA
:10DF70003B610BE0084B9B6838221340182B03D100
:10DF8000FA23DB013B6101E000233B613B691800A0
:10DF9000BD4606B080BDC046001002400024F4001B
:10DFA00000127A0080B500AF024B1B681800BD4616
:10DFB00080BDC04684020020B0B500AFFFF7F2FF7D
:10DFC0000400FFF7F9FA03001A0B054B9200D3582F
:10DFD0001F221340DC4023001800BD46B0BDC046E0
:10DFE000D0F4020880B586B000AF78601323FB1828
:10DFF00000221A701223FB1800221A707B681A681C
:10E0000080239B02134000D1ADE011203B18002279
:10E010001A70474BDA6B80235B05134010D1444BD9
:10E02000DA6B434B802149050A43DA63404BDA6BD4
:10E0300080235B051340BB60BB683B1801221A704C
:10E040003C4B1A683B4B802149000A431A60FCF79D
:10E050005DFF0300FB600BE0FCF758FF0200FB686C
:10E06000D31A022B04D91323FB1803221A7005E0DC
:10E07000304B1A6880235B001340EDD01323FB184C
:10E080001B78002B5ED12A4BDA6DC0239B00134016
:10E090007B617B69002B19D07B681B6C7A699A4283
:10E0A00014D0234BDB6D244A13407B61204BDA6D87
:10E0B0001F4B802149020A43DA651D4BDA6D1C4B68
:10E0C0001E490A40DA651A4B7A69DA657B690122D2
:10E0D000134016D0FCF71AFF0300FB600CE0FCF7BE
:10E0E00015FF0200FB68D31A154A934204D9132383
:10E0F000FB1803221A7004E00D4BDB6D0222134063
:10E10000EDD01323FB181B78002B0AD1084BDB6DD5
:10E11000094A134019007B681A6C054B0A43DA65FB
:10E1200016E01223FB181322BA1812781A700FE0A7
:10E130000010024000700040FFFCFFFFFFFFFEFFE9
:10E14000881300001223FB181322BA1812781A70D1
:10E150001123FB181B78012B05D1B64BDA6BB54B9D
:10E16000B5490A40DA637B681B680122134009D075
:10E17000B04B5B6D0322934319007B685A68AD4B2B
:10E180000A435A657B681B680222134009D0A94BD9
:10E190005B6D0C22934319007B689A68A54B0A4378
:10E1A0005A657B681B680422134009D0A14B5B6D44
:10E1B0003022934319007B68DA689E4B0A435A6504
:10E1C0007B681B681022134009D09A4B5B6D9B4AF9
:10E1D000134019007B681A69964B0A435A657B689D
:10E1E0001A6880235B01134009D0924B5B6D944AFF
:10E1F000134019007B685A698E4B0A435A657B6845
:10E200001A6880239B00134009D08A4B5B6D8D4AAE
:10E21000134019007B689A6A864B0A435A657B68EB
:10E220001A688023DB00134009D0824B5B6D864A5D
:10E23000134019007B68DA6A7E4B0A435A657B6893
:10E240001B682022134009D07A4B5B6D7F4A134034
:10E2500019007B689A69774B0A435A657B681B688B
:10E260004022134009D0734B5B6D794A134019006B
:10E270007B68DA696F4B0A435A657B681A688023AA
:10E28000DB01134015D06B4B5B6D9B0099087B68DD
:10E290001A6B684B0A435A657B681A6B8023DB054F
:10E2A0009A4206D1634BDA68624B802149020A43E5
:10E2B000DA607B681A6880231B03134009D05D4B2A
:10E2C0005B6D4022934319007B685A6B594B0A439C
:10E2D0005A657B681A6880239B03134016D0554B00
:10E2E0005B6D5C4A134019007B689A6B514B0A4383
:10E2F0005A657B689A6B8023DB039A4206D14D4BAB
:10E30000DA684C4B802149040A43DA607B681A685A
:10E310008023DB03134016D0464B5B6D4E4A1340FF
:10E3200019007B68DA6B434B0A435A657B68DA6BEA
:10E3300080235B049A4206D13E4BDA683D4B802134
:10E3400049040A43DA607B681A6880231B01134082
:10E3500014D0384B9B6D0322934319007B681A6AD3
:10E36000344B0A439A657B681B6A012B06D1314BFB
:10E37000DA68304B802149020A43DA607B681A6808
:10E3800080239B01134014D02A4B9B6D0C22934396
:10E3900019007B685A6A274B0A439A657B685B6A57
:10E3A000042B06D1234BDA68224B802149020A4311
:10E3B000DA607B681A6880235B04134016D01D4B1B
:10E3C0009B6D224A134019007B685A6C194B0A4313
:10E3D0009A657B685A6C80239B019A4206D1154B43
:10E3E000DA68144B802149040A43DA607B681A68B2
:10E3F00080239B04134016D00E4B9B6D104A134094
:10E4000019007B689A6C0B4B0A439A657B689A6C7F
:10E4100080235B009A4206D1064BDA68054B8021C7
:10E4200049040A43DA601223FB181B781800BD4622
:10E4300006B080BD00100240FFFFFFEFFFF3FFFFBB
:10E44000FFFCFFFFFFFFF3FFFFFFCFFFFFCFFFFF4B
:10E45000FF3FFFFFFFFFBFFFFFFFFFFEB0B584B030
:10E4600000AF78600F23FB1801221A707B68002B25
:10E4700000D18CE07B6829229B5CDBB2002B0BD1A6
:10E480007B682822002199547B68882212025A60F6
:10E490007B68180000F084F87B68292202219954D7
:10E4A0007B681B68DB6810221340102B62D07B68EE
:10E4B0001B68CA225A627B681B6853225A620F2566
:10E4C0007C197B68180000F07EFA03002370280096
:10E4D0003B181B78002B2CD17B681B689A697B68E2
:10E4E0001B682E490A409A617B681B6899697B68A2
:10E4F0009A687B685B691A437B68DB691A437B68AF
:10E500001B680A439A617B681B687A6812691A6102
:10E510007B681B6819697B68DB681A047B681B6869
:10E520000A431A613C187B68180000F08FFA030058
:10E5300023700F23FB181B78002B16D17B681B68F8
:10E540009A697B681B68D200D2089A617B681B6855
:10E5500099697B685A6A7B681B6A1A437B689B6966
:10E560001A437B681B680A439A617B681B68FF2219
:10E570005A6203E00F23FB1800221A700F23FB18C6
:10E580001B78002B03D17B682922012199540F238A
:10E59000FB181B781800BD4604B0B0BDBFFF8FFB51
:10E5A00080B582B000AF7860C046BD4602B080BD85
:10E5B000B0B586B000AFF860B9607A60FB68282219
:10E5C0009B5C012B01D1022392E0FB6828220121F0
:10E5D0009954FB68292202219954FB681B68CA22BE
:10E5E0005A62FB681B6853225A6213257C19FB6828
:10E5F000180000F0E8F9030023707B191B78002B4A
:10E6000062D17B68002B25D1FB681B689B69402287
:10E61000134002D1BB680022DA70BB681B78180077
:10E6200000F058FA03001C04BB685B78180000F087
:10E6300051FA03001B021C43BB689B78180000F0D2
:10E6400049FA030022001A43BB68DB789B05134399
:10E650007B6117E0FB681B689B694022134002D175
:10E66000BB680022DA70BB681B781A04BB685B7851
:10E670001B021343BA6892781A43BB68DB789B0588
:10E6800013437B61FB681B687A691B490A401A6067
:10E69000FB681B689A69FB681B6818490A409A6105
:10E6A000FB681B689969BB68DA68BB681B691A4319
:10E6B000FB681B680A439A611323FC18FB68180067
:10E6C00000F0C4F903002370FB681B68FF225A6244
:10E6D0001323FB181B78002B03D1FB68292201218F
:10E6E0009954FB682822002199541323FB181B78A6
:10E6F0001800BD4606B0B0BD7F7F7F00FFFFFBFF67
:10E7000080B586B000AFF860B9607A60FB681B68BE
:10E710009A68BB685A60FB681B681B695B045A0CEB
:10E72000BB689A60FB681B681B68224A13407B61C8
:10E730007B691B0CDBB23F221340DAB2BB681A7054
:10E740007B691B0ADBB27F221340DAB2BB685A70C6
:10E750007B69DBB27F221340DAB2BB689A707B69B7
:10E760009B0DDBB201221340DAB2BB68DA707B6822
:10E77000002B1AD1BB681B78180000F0D3F90300F6
:10E780001A00BB681A70BB685B78180000F0CAF901
:10E7900003001A00BB685A70BB689B78180000F031
:10E7A000C1F903001A00BB689A7000231800BD4627
:10E7B00006B080BD7F7F7F00B0B586B000AFF86047
:10E7C000B9607A60FB6828229B5C012B01D102238F
:10E7D0007EE0FB68282201219954FB68292202214E
:10E7E00099547B68002B0ED1BB685B781A0010230C
:10E7F000134008D0BB685B7810229343DBB20A3326
:10E80000DAB2BB685A707B68002B1CD1BB68DB781E
:10E81000180000F05FF903001C04BB685B78180067
:10E8200000F058F903001B021C43BB689B781800DA
:10E8300000F050F9030022001A43BB681B785B0309
:10E8400013437B610EE0BB68DB781A04BB685B781E
:10E850001B021343BA6892781A43BB681B785B03A8
:10E8600013437B61FB681B68CA225A62FB681B6802
:10E8700053225A6213257C19FB68180000F0A3F894
:10E880000300237028003B181B78002B0CD1FB6879
:10E890001B687A6910490A405A603C18FB681800E6
:10E8A00000F0D4F803002370FB681B68FF225A6253
:10E8B0001323FB181B78002B03D1FB6829220121AD
:10E8C0009954FB682822002199541323FB181B78C4
:10E8D0001800BD4606B0B0BD3FFFFF0080B586B052
:10E8E00000AFF860B9607A60FB681B685B68214A1A
:10E8F00013407B617B691B0CDAB2BB68DA707B6901
:10E900001B0ADBB21F221340DAB2BB685A707B6964
:10E91000DBB23F221340DAB2BB689A707B695B0BB3
:10E92000DBB207221340DAB2BB681A707B68002B97
:10E930001AD1BB68DB78180000F0F4F803001A0065
:10E94000BB68DA70BB685B78180000F0EBF8030076
:10E950001A00BB685A70BB689B78180000F0E2F898
:10E9600003001A00BB689A7000231800BD4606B069
:10E9700080BDC0463FFFFF0080B584B000AF786027
:10E980007B681B68DA687B681B68A0218A43DA60B1
:10E99000FCF7BCFA0300FB600AE0FCF7B7FA0200E0
:10E9A000FB68D21AFA239B009A4201D9032306E09E
:10E9B0007B681B68DB6820221340EED00023180020
:10E9C000BD4604B080BD80B584B000AF78600F2331
:10E9D000FB1800221A707B681B68DB68402213401A
:10E9E0002CD17B681B68DA687B681B6880210A432E
:10E9F000DA60FCF78BFA0300BB6014E0FCF786FAE0
:10EA00000200BB68D21A0F203B1839180978197018
:10EA1000FA239B009A4206D93B1803221A707B689E
:10EA20002922032199547B681B68DB68402213402C
:10EA300004D10F23FB181B78032BDFD10F23FB1806
:10EA40001B781800BD4604B080BD000090B585B0AD
:10EA500000AF78600F243B1900221A701C4BDA6853
:10EA60001B4B80218A43DA60194B9B69202213409B
:10EA70000DD17B681800FFF77FFF031E21D07B6854
:10EA80002922032199543B1903221A7019E0104BD3
:10EA90009A690F4B20218A439A617B681800FFF71F
:10EAA0006BFF031E07D07B682922032199540F2393
:10EAB000FB1803221A70064B9A69054B20210A4362
:10EAC0009A610F23FB181B781800BD4605B090BD56
:10EAD0000028004080B584B000AF0200FB1D1A7012
:10EAE0000023FB600B23FB18FA1D12781A7008E054
:10EAF000FB680133FB600B22BB18BA1812780A3A84
:10EB00001A700B217B181B78092BF1D8FB68DBB23C
:10EB10001B01DAB27B181B781343DBB21800BD4629
:10EB200004B080BD80B584B000AF0200FB1D1A7038
:10EB3000FB1D1B781B09DBB21A0013009B009B18FE
:10EB40005B00FB60FB68DAB2FB1D1B780F210B40FA
:10EB5000DBB2D318DBB21800BD4604B080BD80B56F
:10EB600086B000AFF860B9607A60FB681B681A0075
:10EB7000FB685B68D3187B617B690133FF333B61C2
:10EB8000BB689B003A69D3183B613B697A681A609D
:10EB9000C046BD4606B080BD80B584B000AF786089
:10EBA00039607B681B681A007B685B68D318FB6060
:10EBB000FB680133FF33BB603B689B00BA68D31826
:10EBC000BB60BB681B681800BD4604B080BD000078
:10EBD00080B584B000AF78607B68002B01D1012341
:10EBE000D6E07B685B6A002B09D17B685A68822378
:10EBF0005B009A4209D07B680022DA6105E07B68FD
:10EC000000221A617B6800225A617B685D229B5C4E
:10EC1000DBB2002B07D17B685C22002199547B6812
:10EC20001800F7F79FFE7B685D22022199547B68EC
:10EC30001B681A687B681B6840218A431A607B68DE
:10EC4000DA68E023DB009A4202D90023FB6002E08D
:10EC500080235B01FB607B68DA68F0231B019A422A
:10EC600008D07B68DA68E023DB009A4202D07B6838
:10EC700000229A627B685A6882235B001A407B6894
:10EC8000996884231B020B401A437B681B6902218D
:10EC90000B401A437B685B6901210B401A437B6878
:10ECA000996980239B000B401A437B68DB693821FC
:10ECB0000B401A437B681B6A80210B401A431100EA
:10ECC0007B689A6A80239B011A407B681B680A4311
:10ECD0001A607B689A6A80239B019A421DD17B68E7
:10ECE0001B6B002B0CD17B68DA68E023DB009A42B7
:10ECF00003D97B6802221A6302E07B6801221A634F
:10ED00007B681B6B022B08D17B681B681A687B68C9
:10ED10001B68802109010A431A607B689B691B0CF0
:10ED200004221A407B685B6A10210B401A437B68FF
:10ED30005B6B08210B401A437B68D968F0231B01E9
:10ED40000B401A431100FA6880235B011A407B686C
:10ED50001B680A435A607B689A6A80239B019A4227
:10ED600006D17B68DA6A7B681B681204120C1A6190
:10ED70007B681B68DA697B681B6807490A40DA61AF
:10ED80007B6800221A667B685D220121995400236A
:10ED90001800BD4604B080BDFFF7FFFF80B588B006
:10EDA00000AFF860B9603B60BB1D1A801F23FB18E1
:10EDB00000221A70FB685C229B5C012B01D10223AC
:10EDC00066E1FB685C2201219954FCF79FF803007F
:10EDD000BB611623FB18BA1D12881A80FB685D22DE
:10EDE0009B5CDBB2012B04D01F23FB1802221A709C
:10EDF00043E1BB68002B03D0BB1D1B88002B04D153
:10EE00001F23FB1801221A7037E1FB685D220321E2
:10EE10009954FB6800221A66FB68BA689A63FB681B
:10EE2000BA1D12889A87FB68BA1D1288DA87FB68B8
:10EE300000221A64FB68442200219952FB68462292
:10EE400000219952FB6800221A65FB680022DA64EF
:10EE5000FB689A6880231B029A4210D1FB681B68EA
:10EE60001A68FB681B6840218A431A60FB681B68AC
:10EE70001A68FB681B688021C9010A431A60FB6895
:10EE80009A6A80239B019A4210D1FB681B681A681A
:10EE9000FB681B6880490A401A60FB681B681A6897
:10EEA000FB681B68802189010A431A60FB681B68A4
:10EEB0001B6840221340402B07D0FB681B681A6870
:10EEC000FB681B6840210A431A60FB68DA68E0238C
:10EED000DB009A424ED9FB685B68002B04D01623F6
:10EEE000FB181B88012B3FD1FB689B6B1A88FB68C2
:10EEF0001B68DA60FB689B6B9A1CFB689A63FB6873
:10EF0000DB8F9BB2013B9AB2FB68DA872CE0FB688F
:10EF10001B689B6802221340022B12D1FB689B6B7B
:10EF20001A88FB681B68DA60FB689B6B9A1CFB689D
:10EF30009A63FB68DB8F9BB2013B9AB2FB68DA876E
:10EF400012E0FBF7E3FF0200BB69D31A3A689A426A
:10EF500002D83B68013302D13B68002B04D11F2348
:10EF6000FB1803221A7088E0FB68DB8F9BB2002B32
:10EF7000CDD14FE0FB685B68002B04D01623FB1853
:10EF80001B88012B41D1FB689A6BFB681B680C3313
:10EF900012781A70FB689B6B5A1CFB689A63FB68BB
:10EFA000DB8F9BB2013B9AB2FB68DA872DE0FB68EE
:10EFB0001B689B6802221340022B13D1FB689A6BDB
:10EFC000FB681B680C3312781A70FB689B6B5A1C29
:10EFD000FB689A63FB68DB8F9BB2013B9AB2FB68CC
:10EFE000DA8712E0FBF792FF0200BB69D31A3A6896
:10EFF0009A4202D83B68013302D13B68002B04D10E
:10F000001F23FB1803221A7037E0FB68DB8F9BB2CB
:10F01000002BCCD1FB689A6A80239B019A4208D1CD
:10F02000FB681B681A68FB681B68802149010A435A
:10F030001A60BA693968FB68180000F085FE031E83
:10F0400002D0FB6820221A66FB689B68002B0AD15D
:10F0500000233B61FB681B68DB683B61FB681B6846
:10F060009B683B613B69FB681B6E002B04D01F2330
:10F07000FB1801221A7000E0C046FB685D220121E6
:10F080009954FB685C22002199541F23FB181B78BC
:10F090001800BD4608B080BDFFDFFFFF90B58DB002
:10F0A00002AFF860B9603B60BB1D1A800023BB61F2
:10F0B0001723FB1800221A702723FB1800221A704E
:10F0C000FB685A6882235B009A4213D1FB689B68F5
:10F0D000002B0FD1FB685D2204219954BB1D1C88B5
:10F0E000BA68B968F8683B680093230000F0EAF951
:10F0F0000300DAE1FB685C229B5C012B01D1022357
:10F10000D3E1FB685C2201219954FBF7FFFE030069
:10F110003B62FB685D229B5CDBB2012B04D02723A2
:10F12000FB1802221A70B5E1BB68002B03D0BB1D8F
:10F130001B88002B04D12723FB1801221A70A9E198
:10F14000FB685D2204219954FB6800221A66FB6863
:10F15000BA681A64FB68BA1D442112885A52FB68C7
:10F16000BA1D462112885A52FB6800229A63FB6836
:10F1700000229A87FB680022DA87FB680022DA64A3
:10F18000FB6800221A65FB689A6A80239B019A42F9
:10F1900019D1FB681B681A68FB681B68C5490A40DF
:10F1A0001A60FB681B681A68FB681B68802189016C
:10F1B0000A431A60FB6846229B5A9BB2013B99B2F4
:10F1C000FB6846229952FB68DA68E023DB009A422A
:10F1D00008D9FB681B685A68FB681B68B6490A4077
:10F1E0005A6008E0FB681B685A68FB681B6880214E
:10F1F00049010A435A60FB689A6880231B029A42BD
:10F200000FD1FB681B681A68FB681B6840218A43A2
:10F210001A60FB681B681A68FB681B68A7490A40EC
:10F220001A60FB681B681B6840221340402B07D004
:10F23000FB681B681A68FB681B6840210A431A6058
:10F24000FB68DA68E023DB009A4200D969E031E02C
:10F25000FB681B689B6801221340012B17D1FB68D8
:10F260001B680C331A00FB681B6C1278D2B21A7040
:10F27000FB681B6C5A1CFB681A64FB6846229B5A8D
:10F280009BB2013B99B2FB684622995212E0FBF710
:10F290003DFE02003B6AD31A3A689A4202D83B68A4
:10F2A000013302D13B68002B04D12723FB18032232
:10F2B0001A70EFE0FB6846229B5A9BB2002BC7D125
:10F2C00035E0FB681B689B6801221340012B15D1B8
:10F2D000FB681B68DA68FB681B6C92B21A80FB68DB
:10F2E0001B6C9A1CFB681A64FB6846229B5A9BB2F3
:10F2F000013B99B2FB684622995212E0FBF706FEE9
:10F3000002003B6AD31A3A689A4202D83B6801333A
:10F3100002D13B68002B04D12723FB1803221A706B
:10F32000B8E0FB6846229B5A9BB2002BC9D1FB6810
:10F330009A6A80239B019A4200D085E0FB681B6893
:10F340001A68FB681B68802149010A431A603A6801
:10F35000F8683B6A009313000122012100F066FB6C
:10F36000031E04D02723FB1803221A7092E0FB68C7
:10F37000DA68E023DB009A4207D9FB681B68DA6889
:10F38000FB681B6C92B21A8008E0FB681B680C33A8
:10F390001A00FB681B6C1278D2B21A703A68F868CF
:10F3A0003B6A009313000122012100F03FFB031E82
:10F3B0000AD0FB681B6E02221A43FB681A662723D9
:10F3C000FB1803221A7065E0FB68DA68F0231B0162
:10F3D0009A4205D1FB681B68DB68BB61BB6933E0FF
:10F3E000FB681B680C33FB61FB691B78DAB21721E1
:10F3F0007B181A707B181B78FB68DA68E023DB0047
:10F400009A4221D1FB681B6B022B1DD13A68F86828
:10F410003B6A009313000122012100F007FB031E49
:10F420000AD0FB681B6E02221A43FB681A66272368
:10F43000FB1803221A702DE0FB691B78DAB2172142
:10F440007B181A707B181B783A6A3968FB681800B9
:10F4500000F01CFC031E02D0FB6820221A66FB6829
:10F460001B689B6810221340102B09D1FB681B6E90
:10F4700002221A43FB681A66FB681B68104A9A60EE
:10F48000FB681B6E002B04D02723FB1801221A7087
:10F4900000E0C046FB685D2201219954FB685C22B4
:10F4A000002199542723FB181B781800BD460BB088
:10F4B00090BDC046FFDFFFFFFFEFFFFFFFBFFFFF75
:10F4C000EFFF000080B592B002AFF860B9607A60DB
:10F4D0001A00BB1C1A800023BB611723FB180022F3
:10F4E0001A700123FB633B23FB1800221A70FB6890
:10F4F0005C229B5C012B01D1022391E2FB685C2220
:10F5000001219954FBF702FD03007B6333203B1874
:10F51000FA685D21525C1A70FB685B68FB622A2303
:10F52000FB18BA1C12881A80FB681B681B687B6278
:10F53000FB681B685B683B623B181B78012B11D092
:10F54000FA6A82235B009A4207D1FB689B68002B12
:10F5500003D13B181B78042B04D03B23FB18022259
:10F560001A7052E2BB68002B06D07B68002B03D0D8
:10F57000BB1C1B88002B04D13B23FB1801221A70F3
:10F5800043E2FB685D229B5CDBB2042B03D0FB688B
:10F590005D2205219954FB6800221A66FB687A688F
:10F5A0001A64FB68BA1C462112885A52FB68BA1CBE
:10F5B000442112885A52FB68BA689A63FB68BA1CE5
:10F5C0001288DA87FB68BA1C12889A87FB680022C7
:10F5D000DA64FB6800221A65FB689A6A80239B0143
:10F5E0009A4210D1FB681B681A68FB681B68C04907
:10F5F0000A401A60FB681B681A68FB681B68802158
:10F6000089010A431A60FB68DA68E023DB009A424A
:10F6100008D9FB681B685A68FB681B68B5490A4033
:10F620005A6008E0FB681B685A68FB681B68802109
:10F6300049010A435A60FB681B681B68402213405B
:10F64000402B07D0FB681B681A68FB681B684021C9
:10F650000A431A60FB68DA68E023DB009A4200D8AC
:10F66000A6E0FB685B68002B05D02A23FB181B88EB
:10F67000012B00D08EE0FB689B6B1A88FB681B682F
:10F68000DA60FB689B6B9A1CFB689A63FB68DB8FF4
:10F690009BB2013B9AB2FB68DA877BE0FB681B6890
:10F6A0009B6802221340022B40D1FB68DB8F9BB288
:10F6B000002B3BD0FB6B012B38D1FB689B6B1A886E
:10F6C000FB681B68DA60FB689B6B9A1CFB689A639B
:10F6D000FB68DB8F9BB2013B9AB2FB68DA870023A1
:10F6E000FB63FB68DB8F9BB2002B1FD1FB689A6A20
:10F6F00080239B019A4219D17B6A042213400CD1CA
:10F700003B6A0822134008D0FB681B681A68FB6834
:10F710001B68802189000A431A60FB681B681A680D
:10F72000FB681B68802149010A431A60FB681B685B
:10F730009B6801221340012B1CD1FB6846229B5A77
:10F740009BB2002B16D0FB681B68DA68FB681B6C49
:10F7500092B21A80FB681B6C9A1CFB681A64FB68E7
:10F7600046229B5A9BB2013B99B2FB6846229952B2
:10F770000123FB63FBF7CAFB02007B6BD31ABA6C55
:10F780009A4207D8BB6C013304D03B23FB180322F9
:10F790001A703AE1FB68DB8F9BB2002B00D07DE74B
:10F7A000FB6846229B5A9BB2002B00D076E7B0E064
:10F7B000FB685B68002B05D02A23FB181B88012BF4
:10F7C00000D099E0FB689A6BFB681B680C331278D9
:10F7D0001A70FB689B6B5A1CFB689A63FB68DB8F93
:10F7E0009BB2013B9AB2FB68DA8785E0FB681B6835
:10F7F0009B6802221340022B41D1FB68DB8F9BB236
:10F80000002B3CD0FB6B012B39D1FB689A6BFB685A
:10F810001B680C3312781A70FB689B6B5A1CFB68D0
:10F820009A63FB68DB8F9BB2013B9AB2FB68DA8775
:10F830000023FB63FB68DB8F9BB2002B1FD1FB68AF
:10F840009A6A80239B019A4219D17B6A0422134051
:10F850000CD13B6A0822134008D0FB681B681A6869
:10F86000FB681B68802189000A431A60FB681B68DB
:10F870001A68FB681B68802149010A431A60FB680B
:10F880001B689B6801221340012B1ED1FB68462296
:10F890009B5A9BB2002B18D0FB681B680C331A00D4
:10F8A000FB681B6C1278D2B21A70FB681B6C5A1C76
:10F8B000FB681A64FB6846229B5A9BB2013B99B2D3
:10F8C000FB68462299520123FB63FBF71FFB0200F2
:10F8D0007B6BD31ABA6C9A4202D8BB6C013302D14B
:10F8E000BB6C002B08D13B23FB1803221A708CE061
:10F8F000FFDFFFFFFFEFFFFFFB68DB8F9BB2002BFB
:10F9000000D073E7FB6846229B5A9BB2002B00D0C5
:10F910006CE7FB689A6A80239B019A424FD1BA6CCC
:10F92000F8687B6B009313000122012100F07EF840
:10F93000031E0AD0FB681B6E02221A43FB681A667C
:10F940003B23FB1803221A705FE0FB68DA68F023A0
:10F950001B019A4205D1FB681B68DB68BB61BB6970
:10F960002DE0FB681B680C33FB61FB691B78DAB286
:10F9700017217B181A707B181B78FB681B6B022BF6
:10F980001DD1BA6CF8687B6B009313000122012132
:10F9900000F04CF8031E0AD0FB681B6E02221A43CB
:10F9A000FB681A663B23FB1803221A702DE0FB69E3
:10F9B0001B78DAB217217B181A707B181B78FB684A
:10F9C0001B689B6810221340102B0DD1FB681B6E27
:10F9D00002221A43FB681A66FB681B68124A9A6087
:10F9E0003B23FB1801221A707A6BB96CFB68180074
:10F9F00000F0AAF9031E07D03B23FB1801221A705E
:10FA0000FB6820221A6600E0C046FB685D220121E7
:10FA10009954FB685C22002199543B23FB181B7806
:10FA20001800BD4610B080BDEFFF000080B588B063
:10FA300000AFF860B9603B60FB1D1A70FBF766FA17
:10FA40000200BB6A9B1A3A68D318FB61FBF75EFAA7
:10FA50000300BB613A4B1B685B011B0DFA69534302
:10FA60007B6158E03B68013355D0FBF74FFA020049
:10FA7000BB69D31AFA699A4202D9FB69002B42D1B9
:10FA8000FB681B685A68FB681B68E0218A435A6060
:10FA9000FB685A6882235B009A4213D1FB689A681C
:10FAA00080231B029A4205D0FB689A688023DB0002
:10FAB0009A4207D1FB681B681A68FB681B684021E3
:10FAC0008A431A60FB689A6A80239B019A4210D18C
:10FAD000FB681B681A68FB681B681A490A401A60B1
:10FAE000FB681B681A68FB681B68802189010A4350
:10FAF0001A60FB685D2201219954FB685C22002199
:10FB00009954032317E07B69002B01D10023FB618B
:10FB10007B69013B7B61FB681B689B68BA6813408B
:10FB2000BA68D31A5A425341DBB21A00FB1D1B7844
:10FB30009A4297D100231800BD4608B080BDC04648
:10FB400084020020FFDFFFFF80B58AB000AFF860BD
:10FB5000B9607A603B601723FB1800221A70FBF72C
:10FB6000D5F902003B6B9B1A3A68D3187B62FBF70E
:10FB7000CDF903003B62FB681B680C33FB61414B12
:10FB80001A6813009B009B18DA00D31A1B0D7A6ABF
:10FB90005343BB6168E0BA68C023DB009A420AD1D4
:10FBA0007B68002B07D1FB691B78DAB217217B1821
:10FBB0001A707B181B783B68013355D0FBF7A6F908
:10FBC00002003B6AD31A7A6A9A4202D97B6A002BF6
:10FBD00042D1FB681B685A68FB681B68E0218A43B6
:10FBE0005A60FB685A6882235B009A4213D1FB6813
:10FBF0009A6880231B029A4205D0FB689A6880238A
:10FC0000DB009A4207D1FB681B681A68FB681B6817
:10FC100040218A431A60FB689A6A80239B019A42BA
:10FC200010D1FB681B681A68FB681B6816490A40FC
:10FC30001A60FB681B681A68FB681B6880218901D1
:10FC40000A431A60FB685D2201219954FB685C221B
:10FC500000219954032310E0BB69002B01D100233C
:10FC60007B62BB69013BBB61FB681B689B68BA6830
:10FC700013407A689A428ED100231800BD460AB01C
:10FC800080BDC04684020020FFDFFFFF80B586B044
:10FC900002AFF860B9607A60FB685A6882235B0043
:10FCA0009A4213D1FB689A6880231B029A4205D0BE
:10FCB000FB689A688023DB009A4207D1FB681B68C7
:10FCC0001A68FB681B6840218A431A60BA68F868A2
:10FCD0007B680093130000228021FFF7A7FE031E1C
:10FCE00007D0FB681B6E20221A43FB681A660323A9
:10FCF00026E0FB685A6882235B009A421FD1FB68AA
:10FD00009A6880231B029A4205D0FB689A68802378
:10FD1000DB009A4213D1BA68C023D900F8687B6827
:10FD2000009313000022FFF70FFF031E07D0FB68AC
:10FD30001B6E20221A43FB681A66032300E000238F
:10FD40001800BD4604B080BD80B586B002AFF86033
:10FD5000B9607A60BA68C0235901F8687B6800937B
:10FD600013000022FFF7F0FE031E07D0FB681B6E96
:10FD700020221A43FB681A66032327E0BA68F86852
:10FD80007B680093130000228021FFF74FFE031EC3
:10FD900007D0FB681B6E20221A43FB681A660323F8
:10FDA00014E0BA68C023D900F8687B680093130098
:10FDB0000022FFF7C9FE031E07D0FB681B6E20223E
:10FDC0001A43FB681A66032300E000231800BD46AF
:10FDD00004B080BD80B582B000AF78607B68002B36
:10FDE00001D101234AE07B683D229B5CDBB2002B02
:10FDF00007D17B683C22002199547B68180000F0F1
:10FE000041F87B683D22022199547B681A687B681F
:10FE100004331900100000F097F87B684822012194
:10FE200099547B683E22012199547B683F2201212D
:10FE300099547B684022012199547B684122012119
:10FE400099547B684222012199547B684322012105
:10FE500099547B684422012199547B6845220121F1
:10FE600099547B684622012199547B6847220121DD
:10FE700099547B683D220121995400231800BD4606
:10FE800002B080BD80B582B000AF7860C046BD468C
:10FE900002B080BD80B584B000AF78607B683D2241
:10FEA0009B5CDBB2012B01D001233FE07B683D224C
:10FEB000022199547B681B681E4A934214D07B68C8
:10FEC0001A688023DB059A420ED07B681B681A4AA9
:10FED000934209D07B681B68184A934204D07B6820
:10FEE0001B68174A934216D17B681B689B68154AAA
:10FEF0001340FB60FB68062B16D0FA6880235B0278
:10FF00009A4211D07B681B681A687B681B680121C4
:10FF10000A431A6008E07B681B681A687B681B68E4
:10FF200001210A431A6000E0C04600231800BD46C4
:10FF300004B080BD002C01400004004000080040D7
:10FF4000004001400700010080B584B000AF786038
:10FF500039607B681B68FB607B68384A93420CD031
:10FF60007A688023DB059A4207D07B68344A934243
:10FF700003D07B68334A934208D1FB6870229343D5
:10FF8000FB603B685B68FA681343FB607B682B4A45
:10FF900093421CD07A688023DB059A4217D07B6895
:10FFA000274A934213D07B68264A93420FD07B683E
:10FFB000254A93420BD07B68244A934207D07B6842
:10FFC000234A934203D07B68224A934208D1FB68BC
:10FFD000214A1340FB603B68DB68FA681343FB600F
:10FFE000FB68802293431A003B685B691343FB6004
:10FFF0007B68FA681A603B689A687B68DA623B68DB
:020000040802F0
:100000001A687B689A627B680C4A93420BD07B68C3
:100010000E4A934207D07B680D4A934203D07B6817
:100020000C4A934203D13B681A697B681A637B6868
:1000300001225A61C046BD4604B080BD002C01407B
:100040000004004000080040002000400040014043
:100050000044014000480140FFFCFFFF80B582B032
:1000600000AF78607B68002B01D1012346E07B68FC
:1000700088229B58002B07D17B6884220021995449
:100080007B681800F6F7E0FE7B68882224219950EF
:100090007B681B681A687B681B6801218A431A60A9
:1000A0007B68180000F056FE0300012B01D10123EC
:1000B00024E07B689B6A002B03D07B68180001F06A
:1000C0009FF97B681B685A687B681B680D490A406A
:1000D0005A607B681B689A687B681B682A218A4380
:1000E0009A607B681B681A687B681B6801210A4359
:1000F0001A607B68180001F037FA03001800BD464B
:1001000002B080BDFFB7FFFF80B582B000AF78605E
:100110007B68002B01D1012332E07B6888222421F7
:1001200099507B681B681A687B681B6801218A43A9
:100130001A607B681B6800221A607B681B680022BB
:100140005A607B681B6800229A607B68180000F088
:100150001BF87B689022002199507B68882200213F
:1001600099507B688C22002199507B680022DA66C6
:100170007B6800221A677B6884220021995400233F
:100180001800BD4602B080BD80B582B000AF786077
:10019000C046BD4602B080BD80B58AB002AFF860EF
:1001A000B9603B60BB1D1A80FB6888229B58202BDE
:1001B00000D088E0BB68002B03D0BB1D1B88002B40
:1001C00001D1012380E0FB689A6880235B019A4299
:1001D00009D1FB681B69002B05D1BB6801221340C4
:1001E00001D0012370E0FB68902200219950FB6848
:1001F000882221219950FAF789FE03007B61FB6870
:10020000BA1D542112885A52FB68BA1D5621128811
:100210005A52FB689A6880235B019A4208D1FB68B6
:100220001B69002B04D10023FB61BB68BB6103E0A9
:10023000BB68FB610023BB612CE07A69F8683B680E
:10024000009313000022802101F0DCF9031E01D08D
:10025000032339E0FB69002B0BD1BB691B881A0013
:10026000FB681B68D205D20D9A62BB690233BB6181
:1002700007E0FB691A78FB681B689A62FB69013327
:10028000FB61FB6856229B5A9BB2013B99B2FB680B
:1002900056229952FB6856229B5A9BB2002BCCD116
:1002A0007A69F8683B68009313000022402101F04E
:1002B000A9F9031E01D0032306E0FB688822202150
:1002C0009950002300E002231800BD4608B080BD0D
:1002D00080B58CB000AFF860B960BB1D1A80FB68B8
:1002E00088229B58202B00D08DE0BB68002B03D0C8
:1002F000BB1D1B88002B01D1012385E0FB689A6898
:1003000080235B019A4209D1FB681B69002B05D150
:10031000BB680122134001D0012375E0FB68BA6875
:100320001A65FB68BA1D542112885A52FB68BA1D1F
:10033000562112885A52FB6800229A67FB68902265
:1003400000219950FB68882221219950FB685A6E40
:1003500080239B059A422AD1FB689A6880235B011F
:100360009A4207D1FB681B69002B03D1FB68284A1E
:100370009A6702E0FB68274A9A67EFF31083FB61F4
:10038000FB69BB6201233B623B6A83F31088C04672
:10039000FB681B689A68FB681B68802109040A4394
:1003A0009A60BB6A7B627B6A83F3108829E0FB68F2
:1003B0009A6880235B019A4207D1FB681B69002B76
:1003C00003D1FB68144A9A6702E0FB68134A9A67F4
:1003D000EFF310833B613B69FB6201237B617B6927
:1003E00083F31088C046FB681B681A68FB681B68AB
:1003F00080210A431A60FB6ABB61BB6983F31088E2
:10040000C046002300E002231800BD460CB080BDAA
:10041000F92002080D2002084F1F02089B1E020847
:1004200080B588B000AFF860B960BB1D1A80FB686A
:100430008C229B58202B4FD1BB68002B03D0BB1DB7
:100440001B88002B01D1012347E0FB689A688023B9
:100450005B019A4209D1FB681B69002B05D1BB687F
:100460000122134001D0012337E0FB680022DA6645
:10047000FB681B681B4A934225D0FB681B681A4A1D
:10048000934220D0FB681B685A6880231B041340EA
:1004900019D0EFF310833B613B69FB6101237B6162
:1004A0007B6983F31088C046FB681B681A68FB6889
:1004B0001B688021C9040A431A60FB69BB61BB69E0
:1004C00083F31088C046BB1D1A88B968FB68180002
:1004D00001F060F9030000E002231800BD4608B0F7
:1004E00080BDC046008000400084004080B588B0D8
:1004F00000AFF860B960BB1D1A80FB688C229B5866
:10050000202B4FD1BB68002B03D0BB1D1B88002BB9
:1005100001D1012347E0FB689A6880235B019A427E
:1005200009D1FB681B69002B05D1BB680122134070
:1005300001D0012337E0FB680022DA66FB681B6804
:100540001B4A934225D0FB681B681A4A934220D06D
:10055000FB681B685A6880231B04134019D0EFF313
:1005600010833B613B69FB6101237B617B6983F302
:100570001088C046FB681B681A68FB681B688021EE
:10058000C9040A431A60FB69BB61BB6983F3108825
:10059000C046BB1D1A88B968FB68180001F01EFA36
:1005A000030000E002231800BD4608B080BDC0462D
:1005B000008000400084004080B58CB000AF7860BF
:1005C0007B6888229B58FB627B688C229B58BB62AD
:1005D0007B681B689B6880221340802B38D1FB6AA4
:1005E000212B35D1EFF310837B617B697B62012383
:1005F000BB61BB6983F31088C0467B681B689A683F
:100600007B681B6880218A439A607B6AFB61FB6977
:1006100083F31088C0467B68DB6F002B14D07B68A7
:10062000DB6F1800FCF780F8031E0DD07B68DB6FD2
:100630001800FCF741F90300202B05D17B689022BC
:1006400010219950032347E07B68180001F06CFAF1
:100650007B681B689B6840221340402B3BD1BB6AE0
:10066000222B38D1EFF31083BB60BB683B620123C0
:10067000FB60FB6883F31088C0467B681B689A6840
:100680007B681B6840218A439A603B6A3B613B69F7
:1006900083F31088C0467B6880229B58002B16D0BD
:1006A0007B6880229B581800FCF73EF8031E0ED092
:1006B0007B6880229B581800FCF7FEF80300202B73
:1006C00005D17B68902210219950032304E07B68B8
:1006D000180001F069FA00231800BD460CB080BD77
:1006E000B0B5AAB000AF78607B681B68DB69A42254
:1006F000B9180B607B681B681B68A02039180B6059
:100700007B681B689B689C2439190B601100BB181F
:100710001B68A24A13409822BD182B60BB181B68A7
:10072000002B1AD17B181B682022134015D03B18D0
:100730001B682022134005D13B191A6880235B05F2
:1007400013400AD07B685B6F002B00D1DCE27B6832
:100750005B6F7A6810009847D6E29823FB181B68F5
:10076000002B00D122E19C23FB181B688C4A13400C
:1007700006D1A023FB181B688A4A134000D115E15B
:10078000A423FB181B680122134012D0A023FB18DE
:100790001A6880235B0013400BD07B681B68012222
:1007A0001A627B6890229B5801221A437B68902131
:1007B0005A50A423FB181B680222134011D09C231B
:1007C000FB181B68012213400BD07B681B680222B8
:1007D0001A627B6890229B5804221A437B689021FE
:1007E0005A50A423FB181B680422134011D09C23E9
:1007F000FB181B68012213400BD07B681B68042286
:100800001A627B6890229B5802221A437B689021CF
:100810005A50A423FB181B680822134017D0A023AA
:10082000FB181B682022134005D19C23FB181B6872
:100830005B4A13400BD07B681B6808221A627B68F6
:1008400090229B5808221A437B6890215A50A42377
:10085000FB181A6880231B01134013D0A023FB1838
:100860001A688023DB0413400CD07B681B6880224D
:1008700012011A627B6890229B5820221A437B68DF
:1008800090215A507B6890229B58002B00D13DE26A
:10089000A423FB181B682022134015D0A023FB18AB
:1008A0001B682022134006D19C23FB181A68802362
:1008B0005B05134008D07B685B6F002B04D07B681E
:1008C0005B6F7A68100098477B6890229B58942150
:1008D0007A1813607B681B689B6840221340402B8A
:1008E00004D07B181B68282213404CD07B6818006A
:1008F00001F05AF97B681B689B6840221340402B2B
:100900003CD1EFF310833B663B6E90203A181360A6
:1009100001237B667B6E83F31088C0467B681B686F
:100920009A687B681B6840218A439A603B181B6861
:10093000BB66BB6E83F31088C0467B6880229B58E1
:10094000002B16D07B6880229B58174A9A637B68DD
:1009500080229B581800FBF747FF031E1CD07B68C2
:1009600080229B589B6B7A688021525810009847D0
:1009700012E07B681800F5F7D5FC0DE07B681800E5
:10098000F5F7D0FC08E07B681800F5F7CBFC7B6836
:10099000902200219950B9E1C046B7E10F0800004C
:1009A00001000010200100046D1E02087B68DB6E50
:1009B000012B00D03EE1A423FB181B68102213403A
:1009C00000D137E1A023FB181B681022134000D18F
:1009D00030E17B681B6810221A627B681B689B6889
:1009E00040221340402B00D0A4E07B6880229B581B
:1009F0001B685A687E217B181A807B181B88002B85
:100A000000D185E17B685C229B5A7A1812889A4251
:100A100000D37DE17B687A185E2112885A527B6888
:100A200080229B581B681B682022134070D1EFF373
:100A300010833B633B6BBB6701237B637B6B83F35F
:100A40001088C0467B681B681A687B681B68B449BD
:100A50000A401A60BB6FBB63BB6B83F31088C04650
:100A6000EFF31083FB63FB6B7B6701233B643B6C01
:100A700083F31088C0467B681B689A687B681B6894
:100A800001218A439A607B6F7B647B6C83F31088BF
:100A9000C046EFF31083BB64BB6C3B670123FB6470
:100AA000FB6C83F31088C0467B681B689A687B6880
:100AB0001B6840218A439A603B6F3B653B6D83F323
:100AC0001088C0467B688C22202199507B680022C8
:100AD000DA66EFF310837B657B6DFB660123BB65F4
:100AE000BB6D83F31088C0467B681B681A687B68FF
:100AF0001B6810218A431A60FB6EFB65FB6D83F354
:100B00001088C0467B6880229B581800FBF70CFEBB
:100B10007B6802221A677B685C229A5A7B685E2196
:100B20005B5A9BB2D31A9AB27B681100180000F08E
:100B300005F9EDE07B685C22995A7B685E229B5A3E
:100B40009AB28E203B188A1A1A807B685E229B5AC2
:100B50009BB2002B00D1DDE03B181B88002B00D19D
:100B6000D8E0EFF31083FB60FB6888243A19136028
:100B700001233B613B6983F31088C0467B681B6897
:100B80001A687B681B6867490A401A603B191B6832
:100B90007B617B6983F31088C046EFF31083BB61F0
:100BA000BB6984243A1913600123FB61FB6983F359
:100BB0001088C0467B681B689A687B681B685A4926
:100BC0000A409A603B191B683B623B6A83F31088BA
:100BD000C0467B688C22202199507B680022DA660F
:100BE0007B6800225A67EFF310837B627B6A802464
:100BF0003A1913600123BB62BB6A83F31088C046B5
:100C00007B681B681A687B681B6810218A431A601E
:100C10003B191B68FB62FB6A83F31088C0467B6844
:100C200002221A673B181A887B681100180000F02E
:100C300085F86FE0A423FB181A6880235B03134038
:100C400010D09C23FB181A688023DB03134009D0C3
:100C50007B681B68802252031A627B681800F5F7D4
:100C6000D3FB5AE0A423FB181B688022134016D044
:100C7000A023FB181B688022134006D19C23FB187D
:100C80001A6880231B04134009D07B689B6F002BDC
:100C900042D07B689B6F7A68100098473CE0A423A1
:100CA000FB181B68402213400AD0A023FB181B68C6
:100CB0004022134004D07B68180001F097FA2CE022
:100CC000A423FB181A6880231B0413400BD0A02315
:100CD000FB181A688023DB05134004D07B681800DA
:100CE00001F018FF19E0A423FB181A6880235B04A5
:100CF000134012D0A023FB181B68002B0DDA7B6871
:100D0000180001F0FFFE08E0C04606E0C04604E01F
:100D1000C04602E0C04600E0C046BD462AB0B0BDB5
:100D2000FFFEFFFFDFFEFFFFFEFFFFEF80B582B09B
:100D300000AF7860C046BD4602B080BD80B582B0CD
:100D400000AF78600A00BB1C1A80C046BD4602B0E6
:100D500080BD0000B0B590B000AF78621A232022A9
:100D60009B18DB1900221A707B6A9A687B6A1B69E0
:100D70001A437B6A5B691A437B6ADB691343FB6333
:100D80007B6A1B681B68C14A134019007B6A1A689A
:100D9000FB6B0B4313607B6A1B685B68BC4A1340A8
:100DA00018007B6AD9687B6A1A6803000B4353609A
:100DB0007B6A9B69FB637B6A1B68B64A934209D0D6
:100DC0007B6A1B68B44A934204D07B6A1B6AFA6B45
:100DD0001343FB637B6A1B689B68B04A134019008E
:100DE0007B6A1A68FB6B0B4393607B6A1B68DB6A48
:100DF0000F22934318007B6A596A7B6A1A680300C2
:100E00000B43D3627B6A1B68A54A934231D1A54B41
:100E10005B6D03221340032B1DD023D8022B0CD073
:100E200020D8002B02D0012B0ED01BE01B23202248
:100E30009B18DB1900221A7054E11B2320229B18F7
:100E4000DB1902221A704DE11B2320229B18DB19AB
:100E500004221A7046E11B2320229B18DB1908226A
:100E60001A703FE11B2320229B18DB1910221A70F5
:100E700038E17B6A1B688C4A934231D1894B5B6DA8
:100E80000C2213400C2B1DD023D8082B0CD020D8BB
:100E9000002B02D0042B0ED01BE01B2320229B181A
:100EA000DB1900221A701DE11B2320229B18DB197D
:100EB00002221A7016E11B2320229B18DB19042240
:100EC0001A700FE11B2320229B18DB1908221A70CD
:100ED00008E11B2320229B18DB1910221A7001E164
:100EE0007B6A1B68714A934231D16E4B5B6D302235
:100EF0001340302B1DD023D8202B0CD020D8002B12
:100F000002D0102B0ED01BE01B2320229B18DB19D4
:100F100000221A70E6E01B2320229B18DB19022214
:100F20001A70DFE01B2320229B18DB1904221A70A1
:100F3000D8E01B2320229B18DB1908221A70D1E06D
:100F40001B2320229B18DB1910221A70CAE07B6A2F
:100F50001B68574A934206D11B2320229B18DB199A
:100F600000221A70BEE07B6A1B68524A934206D187
:100F70001B2320229B18DB1900221A70B2E07B6A27
:100F80001B684D4A934206D11B2320229B18DB1974
:100F900000221A70A6E07B6A1B683E4A93423ED14B
:100FA000404B5A6DC0231B011340C02212019342D3
:100FB00027D0C022120193422AD8802212019342E4
:100FC00011D080221201934222D8002B04D080221B
:100FD000D20093420ED01BE01B2320229B18DB196A
:100FE00000221A707EE01B2320229B18DB190222AC
:100FF0001A7077E01B2320229B18DB1904221A7039
:1010000070E01B2320229B18DB1908221A7069E06C
:101010001B2320229B18DB1910221A7062E07B6AC6
:101020001B681D4A934257D11E4B5A6DC0239B002B
:101030001340C0229200934240D0C02292009342BB
:1010400043D880229200934211D080229200934292
:101050003BD8002B04D08022520093420ED034E0C3
:101060001B2320229B18DB1900221A703AE01B2355
:1010700020229B18DB1902221A7033E01B23202246
:101080009B18DB1904221A702CE0C046F369FFCFCD
:10109000FFCFFFFF0080004000840040FFF4FF11FD
:1010A0000038014000100240004400400048004069
:1010B000004C004000500040003C01401B23202217
:1010C0009B18DB1908221A700CE01B2320229B18A6
:1010D000DB1910221A7005E01B2320229B18DB1954
:1010E00010221A707B6A1B68C14A934205D07B6A42
:1010F0001B68C04A934200D093E01B2320229B1818
:10110000DB191B78082B15D018DC042B0DD015DC4F
:10111000002B02D0022B05D010E0FCF74DFF03009E
:101120007B6314E0B44B7B6311E0FCF7B9FE030072
:101130007B630CE080231B027B6308E000237B635E
:101140001A2320229B18DB1901221A70C0467B6BE0
:10115000002B00D135E17B6A5A6AA84B5200D35A62
:101160001900786BDEF7F6FF0300BB627B6A5A68F2
:1011700013005B009B18BA6A9A4205D37B6A5B68CE
:101180001B03BA6A9A4206D91A2320229B18DB193C
:1011900001221A7044E07B6BBB610023FB617B6A18
:1011A0005A6A964B5200D35A3B6100237B613A69DD
:1011B0007B69B869F969DFF7C5F902000B00110E08
:1011C0001D020D4314027B6A5B685B08BB60002351
:1011D000FB60B868F968001969417B6A5B683B602D
:1011E00000237B603A687B68DFF7ACF902000B00F4
:1011F00013003B633A6BC0239B009A4209D33A6BBE
:1012000080235B039A4204D27B6A1B683A6BDA60E4
:1012100006E01A2320229B18DB1901221A70D0E065
:10122000CFE07B6ADA6980231B029A4200D070E02B
:101230001B2320229B18DB191B78082B15D018DCE8
:10124000042B0DD015DC002B02D0022B05D010E0B2
:10125000FCF7B2FE03007B6314E0674B7B6311E095
:10126000FCF71EFE03007B630CE080231B027B6304
:1012700008E000237B631A2320229B18DB1901223C
:101280001A70C0467B6B002B00D19AE07B6A5A6AC9
:101290005A4B5200D35A1900786BDEF75BFF0300FC
:1012A0005A007B6A5B685B08D2187B6A5B6819002E
:1012B0001000DEF74FFF03003B633B6B0F2B21D980
:1012C0003A6B80235B029A421CD23B6B9AB20E208F
:1012D00020240319DB190F218A431A803B6B5B081A
:1012E0009BB20722134099B20319DB190219D219D4
:1012F00012880A431A807B6A1B680219D219128865
:10130000DA605EE01A2320229B18DB1901221A7092
:1013100057E01B2320229B18DB191B78082B15D0C4
:1013200018DC042B0DD015DC002B02D0022B05D0CD
:1013300010E0FCF741FE03007B6314E02E4B7B635F
:1013400011E0FCF7ADFD03007B630CE080231B0282
:101350007B6308E000237B631A2320229B18DB19A0
:1013600001221A70C0467B6B002B2AD07B6A5A6A16
:10137000224B5200D35A1900786BDEF7EBFE0300C4
:101380001A007B6A5B685B08D2187B6A5B6819008D
:101390001000DEF7DFFE03003B633B6B0F2B0AD927
:1013A0003A6B80235B029A4205D23B6B9AB27B6A0E
:1013B0001B68DA6005E01A2320229B18DB19012242
:1013C0001A707B6A6A22012199527B6A6822012184
:1013D00099527B6A00225A677B6A00229A671A2315
:1013E00020229B18DB191B781800BD4610B0B0BD39
:1013F00000800040008400400024F400E8F6020869
:1014000080B582B000AF78607B689B6A0122134090
:101410000BD07B681B685B684A4A134019007B68E5
:10142000DA6A7B681B680A435A607B689B6A0222FF
:1014300013400BD07B681B685B68434A134019005C
:101440007B681A6B7B681B680A435A607B689B6ADF
:10145000042213400BD07B681B685B683B4A134037
:1014600019007B685A6B7B681B680A435A607B686B
:101470009B6A082213400BD07B681B685B68344A68
:10148000134019007B689A6B7B681B680A435A609B
:101490007B689B6A102213400BD07B681B689B689B
:1014A0002C4A134019007B68DA6B7B681B680A437F
:1014B0009A607B689B6A202213400BD07B681B6874
:1014C0009B68254A134019007B681A6C7B681B686F
:1014D0000A439A607B689B6A402213401DD07B6858
:1014E0001B685B681D4A134019007B685A6C7B6857
:1014F0001B680A435A607B685A6C80235B039A42DC
:101500000BD17B681B685B68154A134019007B6828
:101510009A6C7B681B680A435A607B689B6A8022CE
:1015200013400BD07B681B685B680E4A13401900A0
:101530007B68DA6C7B681B680A435A60C046BD460C
:1015400002B080BDFFFFFDFFFFFFFEFFFFFFFBFFBF
:10155000FF7FFFFFFFEFFFFFFFDFFFFFFFFFEFFF5B
:10156000FFFF9FFFFFFFF7FF80B586B002AF7860F7
:101570007B68902200219950F9F7C8FC0300FB60BA
:101580007B681B681B6808221340082B0CD1FB6882
:101590008022910378681A4A0092002200F032F803
:1015A000031E01D0032326E07B681B681B6804220E
:1015B0001340042B0CD1FB688022D1037868104AB9
:1015C0000092002200F01EF8031E01D0032312E057
:1015D0007B688822202199507B688C222021995099
:1015E0007B680022DA667B6800221A677B688422A7
:1015F0000021995400231800BD4604B080BDC046A8
:10160000FFFFFF0180B594B000AFF860B9603B60A8
:10161000FB1D1A70A7E0BB6D013300D1A3E0F9F701
:1016200075FC02003B68D31ABA6D9A4202D3BB6DB7
:10163000002B3FD1EFF31083BB62BB6A7B640123B5
:10164000FB62FB6A83F31088C046FB681B681A685C
:10165000FB681B684E490A401A607B6C3B633B6B1E
:1016600083F31088C046EFF310837B637B6B3B648E
:101670000123BB63BB6B83F31088C046FB681B6808
:101680009A68FB681B6801218A439A603B6CFB6384
:10169000FB6B83F31088C046FB6888222021995099
:1016A000FB688C2220219950FB68842200219954E8
:1016B000032369E0FB681B681B680422134052D0B7
:1016C000FB681B68DA6980231B011A4080231B0119
:1016D0009A4248D1FB681B68802212011A62EFF31C
:1016E00010833B613B69FB6401237B617B6983F36E
:1016F0001088C046FB681B681A68FB681B68244991
:101700000A401A60FB6CBB61BB6983F31088C0465A
:10171000EFF31083FB61FB69BB6401233B623B6A0F
:1017200083F31088C046FB681B689A68FB681B68D7
:1017300001218A439A60BB6C7B627B6A83F31088C9
:10174000C046FB68882220219950FB688C2220210A
:101750009950FB68902220219950FB688422002137
:101760009954032310E0FB681B68DB69BA681340D7
:10177000BA68D31A5A425341DBB21A00FB1D1B78D8
:101780009A4200D147E700231800BD4614B080BD3F
:101790005FFEFFFF80B598B000AFF860B960BB1D79
:1017A0001A80FB68BA689A65FB68BA1D5C211288CA
:1017B0005A52FB68BA1D5E2112885A52FB680022F9
:1017C0005A67FB689A6880235B019A420DD1FB68D7
:1017D0001B69002B04D1FB6860227B4999522EE0E3
:1017E000FB686022FF21995229E0FB689B68002B6F
:1017F0000DD1FB681B69002B04D1FB686022FF211F
:1018000099521CE0FB6860227F21995217E0FB6827
:101810009A6880235B059A420DD1FB681B69002BF7
:1018200004D1FB6860227F21995208E0FB686022A6
:101830003F21995203E0FB68602200219952FB6826
:10184000902200219950FB688C2222219950EFF3BD
:1018500010833B643B6CFB6501237B647B6C83F3EF
:101860001088C046FB681B689A68FB681B680121EA
:101870000A439A60FB6DBB64BB6C83F31088C0465F
:10188000FB685A6E80239B059A4250D1FB68682200
:101890009B5ABA1D12889A4249D3FB689A688023E2
:1018A0005B019A4207D1FB681B69002B03D1FB68DF
:1018B000464A5A6702E0FB68454A5A67FB681B695B
:1018C000002B19D0EFF310837B637B6BBB65012387
:1018D000BB63BB6B83F31088C046FB681B681A6848
:1018E000FB681B68802149000A431A60BB6DFB63DB
:1018F000FB6B83F31088C046EFF31083BB62BB6AB7
:101900007B650123FB62FB6A83F31088C046FB689A
:101910001B689A68FB681B68802149050A439A6026
:101920007B6D3B633B6B83F31088C04647E0FB68ED
:101930009A6880235B019A4207D1FB681B69002BE0
:1019400003D1FB68234A5A6702E0FB68224A5A67C0
:10195000FB681B69002B19D0EFF31083FB61FB6957
:10196000FB6401233B623B6A83F31088C046FB683B
:101970001B681A68FB681B68902149000A431A60BB
:10198000FB6C7B627B6A83F3108818E0EFF31083B3
:101990003B613B693B6501237B617B6983F3108875
:1019A000C046FB681B681A68FB681B6820210A4355
:1019B0001A603B6DBB61BB6983F31088C04600238E
:1019C0001800BD4618B080BDFF01000019280208AC
:1019D0002D250208B92302084522020880B590B0DF
:1019E00000AFF860B960BB1D1A80FB68BA689A65E1
:1019F000FB68BA1D5C2112885A52FB6890220021B4
:101A00009950FB688C2222219950FB6880229B58B8
:101A1000002B2DD0FB6880229B58404ADA62FB687D
:101A200080229B583E4A1A63FB6880229B583D4A9D
:101A30005A63FB6880229B5800229A63FB688022CD
:101A40009858FB681B6824331900FB689B6D1A00CB
:101A5000BB1D1B88FAF7E2FD031E09D0FB6890222C
:101A600010219950FB688C2220219950012350E0CD
:101A7000FB681B69002B19D0EFF31083BB62BB6AB4
:101A8000FB630123FB62FB6A83F31088C046FB689B
:101A90001B681A68FB681B68802149000A431A60AA
:101AA000FB6B3B633B6B83F31088C046EFF3108303
:101AB0003B613B69BB6301237B617B6983F31088D6
:101AC000C046FB681B689A68FB681B6801210A43D3
:101AD0009A60BB6BBB61BB6983F31088C046EFF3B0
:101AE0001083FB61FB697B6301233B623B6A83F3E9
:101AF0001088C046FB681B689A68FB681B68402119
:101B00000A439A607B6B7B627B6A83F31088C046D2
:101B100000231800BD4610B080BDC046751C0208E9
:101B2000A51D0208E71D020880B58AB000AF7860E5
:101B3000EFF31083BB60BB687B620123FB60FB6833
:101B400083F31088C0467B681B681A687B681B6833
:101B5000C0218A431A607B6A3B613B6983F310882A
:101B6000C046EFF310837B617B693B620123BB615D
:101B7000BB6983F31088C0467B681B689A687B68E2
:101B80001B6808490A409A603B6AFB61FB6983F362
:101B90001088C0467B68882220219950C046BD46E7
:101BA0000AB080BDFFFF7FFF80B58EB000AF7860C8
:101BB000EFF310837B617B697B630123BB61BB69AE
:101BC00083F31088C0467B681B681A687B681B68B3
:101BD00026490A401A607B6BFB61FB6983F310881E
:101BE000C046EFF310833B623B6A3B6301237B6299
:101BF0007B6A83F31088C0467B681B689A687B68A1
:101C00001B681B490A409A603B6BBB62BB6A83F34B
:101C10001088C0467B68DB6E012B18D1EFF3108370
:101C2000BB60BB68FB620123FB60FB6883F3108829
:101C3000C0467B681B681A687B681B6810218A4352
:101C40001A60FB6A3B613B6983F31088C0467B687E
:101C50008C22202199507B680022DA667B68002262
:101C60005A67C046BD460EB080BDC046DFFEFFFFCE
:101C7000FEFFFFEF80B594B000AF78607B689B6A91
:101C8000FB647B681B681B68202213406FD1FB6CD0
:101C90005E2200219952EFF31083BB61BB69BB64E4
:101CA0000123FB61FB6983F31088C046FB6C1B6852
:101CB0001A68FB6C1B683A490A401A60BB6C3B62AD
:101CC0003B6A83F31088C046EFF310837B627B6A24
:101CD0007B640123BB62BB6A83F31088C046FB6C44
:101CE0001B689A68FB6C1B6801218A439A607B6CB5
:101CF000FB62FB6A83F31088C046EFF310833B63FB
:101D00003B6B3B6401237B637B6B83F31088C04692
:101D1000FB6C1B689A68FB6C1B6840218A439A60C5
:101D20003B6CBB63BB6B83F31088C046FB6C8C229F
:101D300020219950FB6CDB6E012B18D1EFF310833F
:101D4000FB60FB68FB6301233B613B6983F3108805
:101D5000C046FB6C1B681A68FB6C1B6810218A4329
:101D60001A60FB6B7B617B6983F31088C046FB6C58
:101D700000221A67FB6CDB6E012B08D1FB6C5C2226
:101D80009A5AFB6C11001800FEF7D8FF03E0FB6CB9
:101D90001800F4F731FBC046BD4614B080BDC04604
:101DA000FFFEFFFF80B584B000AF78607B689B6A60
:101DB000FB60FB6801221A67FB68DB6E012B0AD10E
:101DC000FB685C229B5A5B089AB2FB681100180002
:101DD000FEF7B4FF03E0FB681800FEF7A7FFC0465C
:101DE000BD4604B080BD80B586B000AF78607B682A
:101DF0009B6A7B617B6988229B583B617B698C2253
:101E00009B58FB607B691B689B6880221340802B7A
:101E10000AD13B69212B07D17B69562200219952B7
:101E20007B691800FFF780FE7B691B689B68402276
:101E30001340402B0AD1FB68222B07D17B695E221D
:101E4000002199527B691800FFF7AEFE7B69902252
:101E50009B5810221A437B6990215A507B691800C5
:101E6000F4F760FAC046BD4606B080BD80B584B0C8
:101E700000AF78607B689B6AFB60FB685E22002194
:101E80009952FB68562200219952FB681800F4F71A
:101E900049FAC046BD4604B080BD80B58AB000AFE7
:101EA00078607B6888229B58212B4CD17B68562216
:101EB0009B5A9BB2002B32D1EFF31083BB60BB68FF
:101EC0007B620123FB60FB6883F31088C0467B685C
:101ED0001B681A687B681B6880218A431A607B6ACA
:101EE0003B613B6983F31088C046EFF310837B614D
:101EF0007B693B620123BB61BB6983F31088C046E9
:101F00007B681B681A687B681B6840210A431A605B
:101F10003B6AFB61FB6983F31088C04613E07B6872
:101F20001B6D1A787B681B689A627B681B6D5A1C54
:101F30007B681A657B6856229B5A9BB2013B99B21B
:101F40007B6856229952C046BD460AB080BD80B516
:101F50008CB000AF78607B6888229B58212B51D1D0
:101F60007B6856229B5A9BB2002B32D1EFF3108331
:101F7000FB60FB68BB6201233B613B6983F3108814
:101F8000C0467B681B681A687B681B6880218A438F
:101F90001A60BB6A7B617B6983F31088C046EFF3EC
:101FA0001083BB61BB697B620123FB61FB6983F327
:101FB0001088C0467B681B681A687B681B684021D4
:101FC0000A431A607B6A3B623B6A83F31088C0460F
:101FD00018E07B681B6DFB62FB6A1B881A007B683C
:101FE0001B68D205D20D9A627B681B6D9A1C7B68B8
:101FF0001A657B6856229B5A9BB2013B99B27B685B
:1020000056229952C046BD460CB080BD80B58CB0FA
:1020100000AF78607B6888229B58212B65D12E23E6
:10202000FB187A686A21525A1A8059E07B68562256
:102030009B5A9BB2002B33D1EFF31083FB60FB68FC
:10204000BB6201233B613B6983F31088C0467B6818
:102050001B689A687B681B6826490A409A60BB6ABD
:102060007B617B6983F31088C046EFF31083BB610B
:10207000BB697B620123FB61FB6983F31088C04667
:102080007B681B681A687B681B6840210A431A60DA
:102090007B6A3B623B6A83F31088C046C04624E0FB
:1020A0007B681B68DB698022134013D07B681B6D43
:1020B0001A787B681B689A627B681B6D5A1C7B6868
:1020C0001A657B6856229B5A9BB2013B99B27B688A
:1020D000562299522E217B181A887B18013A1A80B1
:1020E0002E23FB181B88002BA0D1C046BD460CB088
:1020F00080BDC046FFFF7FFF80B58CB000AF786029
:102100007B6888229B58212B6AD12E23FB187A6882
:102110006A21525A1A805EE07B6856229B5A9BB213
:10212000002B33D1EFF31083BB60BB687B620123CC
:10213000FB60FB6883F31088C0467B681B689A6865
:102140007B681B6828490A409A607B6A3B613B694F
:1021500083F31088C046EFF310837B617B693B6299
:102160000123BB61BB6983F31088C0467B681B6891
:102170001A687B681B6840210A431A603B6AFB614E
:10218000FB6983F31088C046C04629E07B681B6862
:10219000DB698022134018D07B681B6DBB62BB6A71
:1021A0001B881A007B681B68D205D20D9A627B6877
:1021B0001B6D9A1C7B681A657B6856229B5A9BB2E2
:1021C000013B99B27B68562299522E217B181A88BE
:1021D0007B18013A1A802E23FB181B88002B9BD1F9
:1021E000C046BD460CB080BDFFFF7FFF80B586B006
:1021F00000AF7860EFF31083BB60BB687B610123A5
:10220000FB60FB6883F31088C0467B681B681A6814
:102210007B681B6840218A431A607B693B613B698C
:1022200083F31088C0467B688822202199507B6800
:1022300000229A677B681800F4F750F8C046BD4644
:1022400006B080BD80B590B000AF78603E203B18EE
:102250007A686021525A1A807B688C229B58222B04
:1022600000D09AE07B681B685A6A3C217B181A8070
:102270007B181B88DAB23B181B88D9B27B689B6D30
:102280000A40D2B21A707B689B6D5A1C7B689A65B3
:102290007B685E229B5A9BB2013B99B27B685E22AF
:1022A00099527B685E229B5A9BB2002B00D07CE047
:1022B000EFF31083BB61BB69BB630123FB61FB6967
:1022C00083F31088C0467B681B681A687B681B68AC
:1022D00038490A401A60BB6B3B623B6A83F3108843
:1022E000C046EFF310837B627B6A7B630123BB6292
:1022F000BB6A83F31088C0467B681B689A687B685A
:102300001B6801218A439A607B6BFB62FB6A83F343
:102310001088C0467B688C22202199507B6800225F
:102320005A677B6800221A677B68DB6E012B2FD10E
:102330007B680022DA66EFF31083FB60FB683B6387
:1023400001233B613B6983F31088C0467B681B68AF
:102350001A687B681B6810218A431A603B6B7B619B
:102360007B6983F31088C0467B681B68DB69102299
:102370001340102B03D17B681B6810221A627B6804
:102380005C229A5A7B6811001800FEF7D7FC0CE01B
:102390007B681800F4F730F807E07B681B689A69DF
:1023A0007B681B6808210A439A61C046BD4610B08D
:1023B00080BDC046DFFEFFFF80B590B000AF786003
:1023C0003E203B187A686021525A1A807B688C2222
:1023D0009B58222B00D09AE07B681B685A6A3C21EC
:1023E0007B181A807B689B6DBB637B183A181B882F
:1023F000128813409AB2BB6B1A807B689B6D9A1C43
:102400007B689A657B685E229B5A9BB2013B99B2BE
:102410007B685E2299527B685E229B5A9BB2002B9E
:1024200000D07CE0EFF310837B617B697B63012349
:10243000BB61BB6983F31088C0467B681B681A6860
:102440007B681B6838490A401A607B6BFB61FB693B
:1024500083F31088C046EFF310833B623B6A3B6313
:1024600001237B627B6A83F31088C0467B681B680C
:102470009A687B681B6801218A439A603B6BBB6248
:10248000BB6A83F31088C0467B688C222021995058
:102490007B6800225A677B6800221A677B68DB6EC4
:1024A000012B2FD17B680022DA66EFF31083BB602B
:1024B000BB68FB620123FB60FB6883F31088C046A6
:1024C0007B681B681A687B681B6810218A431A6046
:1024D000FB6A3B613B6983F31088C0467B681B68DD
:1024E000DB6910221340102B03D17B681B6810227C
:1024F0001A627B685C229A5A7B6811001800FEF70A
:102500001DFC0CE07B681800F3F776FF07E07B68A2
:102510001B689A697B681B6808210A439A61C04658
:10252000BD4610B080BDC046DFFEFFFF80B59CB049
:1025300000AF78606A23FB187A686021525A1A80CB
:102540007B681B68DB69FB667B681B681B687B66B6
:102550007B681B689B683B667B688C229B58222BA0
:1025600000D044E15E23FB187A686821525A1A8031
:10257000EBE07B681B685A6A5C217B181A807B1829
:102580001B88DAB26A23FB181B88D9B27B689B6D63
:102590000A40D2B21A707B689B6D5A1C7B689A65A0
:1025A0007B685E229B5A9BB2013B99B27B685E229C
:1025B00099527B681B68DB69FB66FB6E0722134040
:1025C00049D0FB6E0122134010D07A6E80235B004D
:1025D00013400BD07B681B6801221A627B68902233
:1025E0009B5801221A437B6890215A50FB6E0222AD
:1025F00013400FD03B6E012213400BD07B681B6849
:1026000002221A627B6890229B5804221A437B683C
:1026100090215A50FB6E042213400FD03B6E0122D2
:1026200013400BD07B681B6804221A627B689022DF
:102630009B5802221A437B6890215A507B68902253
:102640009B58002B07D07B681800F3F76BFE7B6864
:102650009022002199507B685E229B5A9BB2002BEE
:1026600073D1EFF31083FB62FB6ABB6501233B630D
:102670003B6B83F31088C0467B681B681A687B68D5
:102680001B6861490A401A60BB6D7B637B6B83F3F7
:102690001088C046EFF31083BB63BB6B7B650123DF
:1026A000FB63FB6B83F31088C0467B681B689A68EA
:1026B0007B681B6855490A409A607B6D3B643B6CA4
:1026C00083F31088C0467B688C22202199507B6858
:1026D00000225A677B6800221A677B68DB6E012B39
:1026E0002FD17B680022DA66EFF310833B623B6AEE
:1026F0003B6501237B627B6A83F31088C0467B685D
:102700001B681A687B681B6810218A431A603B6D3E
:10271000BB62BB6A83F31088C0467B681B68DB69B9
:1027200010221340102B03D17B681B6810221A6201
:102730007B685C229A5A7B6811001800FEF7FEFA4B
:1027400003E07B681800F3F757FE5E23FB181B8835
:10275000002B04D0FB6E2022134000D009E74E204E
:102760003B187A685E21525A1A8001007B181B8838
:10277000002B44D07B6868229B5A7A1812889A42B0
:102780003DD2EFF31083BB60BB68BB640123FB60E9
:10279000FB6883F31088C0467B681B689A687B6877
:1027A0001B681B490A409A60BB6C3B613B6983F321
:1027B0001088C0467B68174A5A67EFF310837B6125
:1027C0007B697B640123BB61BB6983F31088C046CE
:1027D0007B681B681A687B681B6820210A431A60A3
:1027E0007B6CFB61FB6983F31088C04607E07B6864
:1027F0001B689A697B681B6808210A439A61C04676
:10280000BD461CB080BDC046FFFEFFFFFEFFFFEFD0
:10281000FFFFFFEF4522020880B59EB000AF786051
:102820007223FB187A686021525A1A807B681B68F1
:10283000DB697B677B681B681B68FB667B681B68C2
:102840009B68BB667B688C229B58222B00D044E19E
:102850006623FB187A686821525A1A80EBE07B687D
:102860001B685A6A64217B181A807B689B6D3B66E3
:102870007B187222BA181B88128813409AB23B6EDA
:102880001A807B689B6D9A1C7B689A657B685E22C8
:102890009B5A9BB2013B99B27B685E2299527B683E
:1028A0001B68DB697B677B6F0722134049D07B6F16
:1028B0000122134010D0FA6E80235B0013400BD02E
:1028C0007B681B6801221A627B6890229B58012258
:1028D0001A437B6890215A507B6F022213400FD01D
:1028E000BB6E012213400BD07B681B6802221A6268
:1028F0007B6890229B5804221A437B6890215A508F
:102900007B6F042213400FD0BB6E012213400BD00B
:102910007B681B6804221A627B6890229B58022203
:102920001A437B6890215A507B6890229B58002B59
:1029300007D07B681800F3F7F5FC7B689022002134
:1029400099507B685E229B5A9BB2002B73D1EFF3A8
:1029500010833B633B6BFB6501237B637B6B83F3E2
:102960001088C0467B681B681A687B681B686149D1
:102970000A401A60FB6DBB63BB6B83F31088C046D3
:10298000EFF31083FB63FB6BBB6501233B643B6C84
:1029900083F31088C0467B681B689A687B681B6855
:1029A00055490A409A60BB6D7B647B6C83F3108849
:1029B000C0467B688C22202199507B6800225A6790
:1029C0007B6800221A677B68DB6E012B2FD17B6846
:1029D0000022DA66EFF310837B627B6A7B6501235A
:1029E000BB62BB6A83F31088C0467B681B681A68A9
:1029F0007B681B6810218A431A607B6DFB62FB6A4F
:102A000083F31088C0467B681B68DB691022134083
:102A1000102B03D17B681B6810221A627B685C2232
:102A20009A5A7B6811001800FEF788F903E07B686A
:102A30001800F3F7E1FC6623FB181B88002B04D079
:102A40007B6F2022134000D009E752203B187A68A0
:102A50005E21525A1A8001007B181B88002B44D03B
:102A60007B6868229B5A7A1812889A423DD2EFF30B
:102A70001083FB60FB68FB6401233B613B6983F3CC
:102A80001088C0467B681B689A687B681B681B4976
:102A90000A409A60FB6C7B617B6983F31088C046B7
:102AA0007B68174A5A67EFF31083BB61BB69BB644D
:102AB0000123FB61FB6983F31088C0467B681B68B8
:102AC0001A687B681B6820210A431A60BB6C3B6252
:102AD0003B6A83F31088C04607E07B681B689A69ED
:102AE0007B681B6808210A439A61C046BD461EB038
:102AF00080BDC046FFFEFFFFFEFFFFEFFFFFFFEFC1
:102B0000B923020880B582B000AF7860C046BD46E8
:102B100002B080BD80B582B000AF7860C046BD46CF
:102B200002B080BD80B588B002AFF8603B1D19606F
:102B30005A601723FB1800221A70FB6884229B5CE2
:102B4000012B01D102234CE0FB688422012199541E
:102B5000FB68882224219950FB681B681A68FB686F
:102B60001B6801218A431A60FB681B689B681F4A27
:102B7000134019003B1D1A68FB681B680A439A60E2
:102B80003B1D1B68002B05D13B1DF86819685A686E
:102B900000F04EF9FB681B681A68FB681B6801218E
:102BA0000A431A60F8F7B2F903003B613B698022DF
:102BB000D103F8680E4A00920022FEF723FD031E9F
:102BC00004D01723FB1803221A7003E0FB68882245
:102BD00020219950FB688422002199541723FB1867
:102BE0001B781800BD4606B080BDC046FFFFCFFF72
:102BF000FFFFFF0180B586B000AF78607B6884225C
:102C00009B5C012B01D1022321E07B6884220121FE
:102C10009954EFF31083BB60BB687B610123FB60B9
:102C2000FB6883F31088C0467B681B681A687B6862
:102C30001B6802210A431A607B693B613B6983F38D
:102C40001088C0467B688422002199540023180014
:102C5000BD4606B080BD80B586B000AF78607B68A9
:102C600084229B5C012B01D1022321E07B6884221A
:102C700001219954EFF31083BB60BB687B61012392
:102C8000FB60FB6883F31088C0467B681B681A688A
:102C90007B681B6802218A431A607B693B613B6940
:102CA00083F31088C0467B68842200219954002356
:102CB0001800BD4606B080BD80B584B000AF786016
:102CC0007B6884229B5C012B01D1022327E07B6877
:102CD0008422012199547B688822242199507B68A1
:102CE0001B681B68FB607B681B681A687B681B6835
:102CF00001218A431A60FB680B4A1340FB607B6822
:102D000000225A667B681B68FA681A607B68882212
:102D1000202199507B6884220021995400231800B7
:102D2000BD4604B080BDC046FFFFFFDF80B584B064
:102D300000AF786039607B6884229B5C012B01D1F5
:102D400002232EE07B688422012199547B6888222B
:102D5000242199507B681B681B68FB607B681B689B
:102D60001A687B681B6801218A431A607B681B68AC
:102D70009B68DB00D9087B681B683A680A439A6045
:102D80007B68180000F078F87B681B68FA681A60A6
:102D90007B688822202199507B68842200219954E5
:102DA00000231800BD4604B080BD000080B584B08B
:102DB00000AF786039607B6884229B5C012B01D175
:102DC00002232FE07B688422012199547B688822AA
:102DD000242199507B681B681B68FB607B681B681B
:102DE0001A687B681B6801218A431A607B681B682C
:102DF0009B680E4A134019007B681B683A680A43B7
:102E00009A607B68180000F037F87B681B68FA68E6
:102E10001A607B688822202199507B6884220021D7
:102E2000995400231800BD4604B080BDFFFFFFF198
:102E300080B584B000AFF8603B1D19605A60FB6834
:102E40001B685B68102293431A003B1D9B88190086
:102E5000FB681B680A435A60FB681B685B681B02BF
:102E6000190A3B1D9B791A06FB681B680A435A60C6
:102E7000C046BD4604B080BDF0B585B000AF7860F7
:102E80007B685B6E002B08D17B686A220121995216
:102E90007B6868220121995243E00F26BB19082262
:102EA0001A700E203B1808221A707B681B689B68FA
:102EB0005B0EDAB20D243B1907210A401A707B68B9
:102EC0001B689B685B0FDAB20C257B1907210A404F
:102ED0001A703B181B787A19127814498A5C5A4385
:102EE00010007B191B78124AD35C1900DDF7BCF97E
:102EF000030099B27B686A229952BB191B783A1970
:102F000012780A498A5C5A4310003B191B78084A18
:102F1000D35C1900DDF7A8F9030099B27B68682239
:102F20009952C046BD4605B0F0BDC04608F702083C
:102F300010F7020880B500AFE1F75EFAFEE7000087
:102F400080B584B000AF78600F217B1800221A7022
:102F50007B187A18127801321A707B180F221A70B7
:102F6000024B1800EFF744FCFAE7C046FC9701203B
:102F700080B582B000AF7860154A164B110018007A
:102F800002F07EF903001A00134B1A60104B1B78F5
:102F9000002B14D0114A7B681100180002F0C0FA0F
:102FA00003001A000C4B1A600D4A7B6811001800D0
:102FB00002F0CAF903001A00074B1A6003E005206B
:102FC000F7F7AEFFD8E7C046BD4602B080BDC046A9
:102FD00080A1012058980120509801207EA1012055
:102FE0005CA1012080B500AF0F4B180000F07EFB04
:102FF0000E4A0D4B1100180000F0F4FF031E01D023
:1030000001230EE0094B1B78002B01D1012308E0BE
:10301000054B180001F03EF8031E01D0012300E02B
:1030200000231800BD4680BD589801207FA10120D3
:1030300080B582B000AF0200FB1D1A70FB1D1A782C
:10304000064B1100180002F095FB031E01D003236C
:1030500000E000231800BD4602B080BD5898012052
:1030600080B500AF054B180002F004F8031E01D034
:10307000062300E000231800BD4680BD58980120BB
:1030800080B500AFFFF7AEFF031E01D001231CE0A7
:10309000002000F01DF8031E01D0022315E00520DA
:1030A000FFF7C6FF031E01D003230EE0002000F04F
:1030B00061F8031E01D0062307E0002000F026F887
:1030C000031E01D0052300E000231800BD4680BD8B
:1030D00080B582B000AF0200FB1D1A700A4B1021B0
:1030E000180002F04DFA031E01D0022307E005206C
:1030F000FFF79EFF031E01D0032300E0002318000A
:10310000BD4602B080BDC0465898012080B582B04F
:1031100000AF0200FB1D1A70FB1D1B78002B08D1AD
:10312000134B0121180001F0FBFC031E1BD00523EB
:103130001AE0FB1D1B78012B08D10D4B0021180054
:1031400001F0EEFC031E0ED005230DE0FB1D1B78E5
:10315000022B08D1064B0221180001F0E1FC031EEE
:1031600001D0052300E000231800BD4602B080BD59
:103170005898012080B582B000AF0200FB1D1A7084
:10318000FB1D1B78002B08D10D4B0321180002F00A
:103190001BFB031E0ED006230DE0FB1D1B78012B2D
:1031A00008D1074B0121180002F00EFB031E01D0CD
:1031B000062300E000231800BD4602B080BDC046D3
:1031C0005898012080B582B000AF7860164B180087
:1031D00001F0B2FD031E01D0062321E0124B1800BE
:1031E000FFF7C6FE114B0C229B5E1A000F4B0E21FF
:1031F0005B5ED3180D4A1421525E9B180B4A1621B0
:10320000525E9B18002B00DA03339B101AB27B68C6
:103210001A80FFF725FF031E01D0062300E00023DC
:103220001800BD4602B080BD589801205CA1012065
:1032300080B584B000AF78600A00BB1C1A807B6840
:10324000002B0BD0BB1C19887B6801221800FAF7F1
:1032500094F80F23FB1800221A7003E00F23FB18C9
:10326000FF221A700F23FB181B781800BD4604B00C
:1032700080BD80B584B000AF78600A00BB1C1A80A6
:103280007B68002B0BD0BB1C19887B6800221800C0
:10329000FAF773F80F23FB1800221A7003E00F23CC
:1032A000FB18FF221A700F23FB181B781800BD466D
:1032B00004B080BDB0B586B000AFF860B960BB1D8A
:1032C0001A8017257B19FF221A70FB68002B11D07A
:1032D000BB68002B0ED080235C01BB1D1A88B96827
:1032E000F8682300FBF75AFD031E07D17B19002263
:1032F0001A7003E01723FB18FF221A701723FB181C
:103300001B781800BD4606B0B0BD90B587B000AFC1
:10331000F860B960BB1D1A80FB68002B15D0BB6834
:10332000002B12D0BB1D1B88642253431C00BB1D05
:103330001A88B968F8682300FBF7B0FE031E08D1AD
:103340001723FB1800221A7003E01723FB18FF2233
:103350001A701723FB181B781800BD4607B090BDE4
:1033600080B584B000AFF8607A600A203B180A1C70
:103370001A807A683B181988F868012300F0FCF875
:1033800003001800BD4604B080BD80B582B000AF18
:10339000786008001100BB1C021C1A807B1C0A1CF0
:1033A0001A707A1CBB1C19887868012300F006F893
:1033B00003001800BD4602B080BD000090B5634C0C
:1033C000A54400AFF8607A603B60614B614A9B188E
:1033D000DB190A1C1A80604BFB1800221A700023AC
:1033E00081225201BA18136000235C4AB9180B609D
:1033F00000235B4979180B600023BA18136096E02C
:103400003A6880235B019A4217D954497B181B689C
:1034100080225201944663443A689A4207D23A683D
:103420007B181B68D31A4E4ABA18136009E0802330
:103430005B014B4ABA18136003E03B68484ABA186C
:103440001360464BFB181B6899B246483B18404A2C
:10345000404C1219D21912888A181A8001007B1860
:103460001B881B0A9BB2DBB2802252421343DAB2A2
:103470003D4B1B19DB191A707B181B88DAB23A4BCB
:103480001B19DB195A70002381225201BA181360EC
:1034900017E0812040013B181A68304BFB181B686D
:1034A000D3187A68D2183B181B68023311782E4A59
:1034B000284C1219D219D1543B181B6801333A1801
:1034C000136081235B01FB181B68254C3A191268B5
:1034D0009A42DED83B191B6802333A1913608023E5
:1034E0005B01224A19001000FFF7C3FE3B191B685D
:1034F0009AB21423F9181E4B1800FFF7DBFE0300E5
:103500001900154ABB18BA1812780A431A7080239A
:103510005B01164A19001000FFF78AFE0F4ABB181C
:103520001B68802149018C466344BA1813600B4B19
:10353000FB181A683B689A4200D261E7064BFB18F9
:103540001B781800BD460B4B9D4490BDD4EFFFFF88
:10355000E2EFFFFF28100000271000001C10000001
:103560001810000016100000ECEFFFFF00040050E0
:10357000602F00202C100000B0B5534CA54400AFC4
:10358000F8607A603B60514B812252019B18DB1935
:103590000A1C1A804E4BFB1800221A7000234D4A59
:1035A000B9180B6000234C4979180B600023BA1836
:1035B000136079E03A6880235B019A4217D9454944
:1035C0007B181B6880225201944663443A689A42F1
:1035D00007D23A687B181B68D31A3F4ABA1813609F
:1035E00009E080235B013C4ABA18136003E03B68A2
:1035F000394ABA181360374C3B191B6899B23748DF
:103600003B18324A81256D015219D21912888A1845
:103610001A8001007B181B881B12DBB27F2213402B
:10362000DAB22F4B5B19DB191A707B181B88DAB2E0
:103630002B4B5B19DB195A7080235B01294A190057
:103640001000FFF716FE1023F918274B022218006E
:10365000FFF730FE030019001D4D7B197A1912780F
:103660000A431A707A683B191B68D1181A4BFB1869
:103670001B689AB21C4B1800FFF747FE03001900A5
:103680007B197A1912780A431A7080235B01154A54
:1036900019001000FFF7CCFD3B191B688022520176
:1036A000944663443A1913600A4BFB181A683B6846
:1036B0009A4200D27EE7064BFB181B781800BD46E5
:1036C00081235B019D44B0BDE0EFFFFFEAEFFFFF08
:1036D0001F1000001810000014100000121000004D
:1036E000F0EFFFFF00040050602F002080B582B093
:1036F00000AF786080235B011A4A19001000FFF7C1
:10370000B8FD80235A00A023DB0511001800FFF745
:10371000B0FDA023DB0580211800FFF7AAFD114BA7
:1037200001211800FFF7A5FD6420F7F7F9FB8023BE
:103730005A00A023DB0511001800FFF779FDA02334
:10374000DB0580211800FFF773FD064B01211800EF
:10375000FFF76EFD6420F7F7E3FB00231800BD467A
:1037600002B080BD0004005080B584B000AF786026
:103770000A00BB1C1A800023FB6025E07A68FB6806
:10378000D3181B781A06FB6801337968CB181B78AD
:103790001B041A43FB6802337968CB181B781B02A1
:1037A0001343FA68033279688A1812781343BB60AE
:1037B0007A68FB68D3180822B9180422180003F0AD
:1037C000AAFFFB680433FB60BB1C1B88FA689A42A3
:1037D000D4D3C046C046BD4604B080BD80B582B0DB
:1037E00000AF786039606420F7F79AFB0023180077
:1037F000BD4602B080BD000090B585B000AF7860D6
:103800000C0010001900FB1C221C1A70BB1C021CAF
:103810001A703B000A1C1A800F23FB1800221A7032
:103820000E23FB1800221A7078687B68A022D20051
:103830009A18FB1C1C783B0019882300FFF79CFE9C
:10384000030019000F243B193A1912780A431A7021
:103850007B680A211800FFF7C1FF03001900200050
:103860003B183A1812780A431A700E23FB181B787B
:10387000C72B06D93B183A18127801210A431A704F
:1038800028E0FB1C1B78032B0CD97B68154A9B5C3A
:103890007E2B07D90F22BB18BA18127842210A438F
:1038A0001A7017E00E217B181A787B1801321A70F3
:1038B000BB1C1A787968A023DB008A18D3181A7801
:1038C0002023FB181B781340DBB22422BA1812788D
:1038D0009A42A9D10F23FB181B781800BD4605B0EA
:1038E00090BDC04602050000B0B584B000AF78605E
:1038F0000F23FB1800221A700C23FB1800221A80D9
:103900007B680B257A1906211800FFF729FD0300B3
:1039100019000F243B193A1912780A431A707B19BF
:103920001B785BB2002B18DA7B680A257A1907210D
:103930001800FFF715FD030019003B193A1912781A
:103940000A431A707B191B781A000123134004D014
:103950003B193A1912781A7019E07B680121180096
:10396000FFF73CFF0C217B181A887B1801321A8064
:103970000B23FB181B781A000123134006D17B1878
:103980001A88FA235B009A42BAD300E0C0460F239C
:10399000FB181B781800BD4604B0B0BDB0B5EAB046
:1039A00002AF78600A00E04BD02464001B19DB19D9
:1039B0001A709C23FF33FB1800221A70DB4B1B1973
:1039C000DB19DB4A03CA03C3DA4B1B19DB19DA4ADA
:1039D00003CA03C37B68A022D20098187B68103307
:1039E000F4225200190003F096FECF4B1B19DB198D
:1039F0001B78102B00D034E17B68A222D2009A18E9
:103A0000CA4B1B19DB191000190008231A0003F018
:103A100082FE7B68A022D20094466344F4225200C6
:103A200011001800FFF7A0FE7B68C44A9918802394
:103A30005A009823FB18180003F06DFE7B68C8221B
:103A4000D20099181823FB188022180003F063FE97
:103A5000CF235B00FB1800221A70CBE0A023FF33BA
:103A6000FB1800221A70B3E0A020FF303B180022A0
:103A70009A56CF2464003B191B785BB2DB00D31845
:103A80005A00AF4BD0256D005B19DB199200D2585C
:103A90003B18002159563B191B785BB2DB00CB1851
:103AA0005B00591CA64B5B19DB198900CB58D21857
:103AB0003B18002159563B191B785BB2DB00CB1831
:103AC000043359009E4B5B19DB198900CB58D2187F
:103AD0003B18002159563B191B785BB2DB00CB1811
:103AE0005B0009331900964B5B19DB198900CB5831
:103AF000D3183A18002151563A19127852B292004E
:103B00008A1899088E4B5B19DB199200D1503B182B
:103B100000229A563B191B785BB2DB00D3185A007F
:103B2000884B5B19DB195200D35E19003B18002249
:103B30009A563B191B785BB2DB00D3185B005A1C0A
:103B4000804B5B19DB195200D35ECB183A18002169
:103B500051563A19127852B2D2008A1804325100E2
:103B6000784A5219D21949008A5E9B183A180021E6
:103B700051563A19127852B2D2008A1852000932BC
:103B80001100704A5219D21949008A5E9B18002B05
:103B900000DA03339B101900A020FF303B180022ED
:103BA0009A56CF235B00FB181B785BB29B00D218A0
:103BB00009B2644BD02464001B19DB195200D152A6
:103BC0003B181B785BB2DBB20133DAB23B181A70D8
:103BD000A023FF33FB181B785BB2032B00DC43E709
:103BE000CF2149007B181B785BB2DBB20133DAB21C
:103BF0007B181A70CF235B00FB181B785BB2032B7A
:103C000000DC2BE718243B19203360220021180028
:103C100003F055FC98257B194033C0220021180081
:103C200003F04DFC7B68454A944663448022520071
:103C30007919180003F06FFD7B68C822D200944602
:103C4000634439198022180003F065FD7B68A022C7
:103C5000D20094466344F422520011001800FFF78A
:103C600083FDCE235B00FB1800221A8019E0CE24CE
:103C700064003B191B88083319003B191A887868BF
:103C8000A023DB004118CB1818787968A023DB004B
:103C90008A18D318021C1A703B191A883B19013272
:103CA0001A80CE235B00FB181A88F2235B009A422D
:103CB000DDD37B68DC22D2009A181E4BD02149004C
:103CC0005B18DB191000190008231A0003F023FD0C
:103CD00078687B68A022D2009A18F4235B001A4906
:103CE000FFF76CFB030019009C24FF343B193A19C1
:103CF00012780A431A70B0239B017868032201925C
:103D0000FF22009201220421FFF776FD0300190033
:103D10003B193A1912780A431A703B191B7818009C
:103D2000BD4668B0B0BDC04663FEFFFF70FEFFFF3A
:103D30001C4E040868FEFFFF244E04083C050000EA
:103D4000F8FEFFFF78FEFFFF182E0000F0B5CBB0A5
:103D500002AF78600A009B4B902464001B19DB19AA
:103D60001A701E23FF33FB1800221A708A256D007B
:103D70007B19954A03CA03C386267600BB19934A6A
:103D800003CA03C384235B00FB18914A1A607B6853
:103D9000A022D20098187B68F933FF33C222920028
:103DA000190003F0B8FC874B1B19DB191B78102B8B
:103DB00000D0DCE07B68A122D2009A187B191000A9
:103DC000190008231A0003F0A6FC7B68A422D20085
:103DD0009A18BB191000190008231A0003F09BFC65
:103DE0007B68A022D20094466344C2229200110054
:103DF0001800FFF7B9FC7B68764A991880235A00AF
:103E00000823FB18180003F086FC8F235B00FB18C7
:103E100000221A7071E02023FF33FB1800221A7071
:103E20005AE02020FF303B1800229A568F2464006D
:103E30003B191B785BB2DB00D3185A00664B902508
:103E40006D005B19DB199200D2583B1800215956BE
:103E50003B191B785BB2DB00CB185B00591C5E4B37
:103E60005B19DB198900CB58D2183B180021595631
:103E70003B191B785BB2DB00CB1804335900564B5F
:103E80005B19DB198900CB58D2183B180021595611
:103E90003B191B785BB2DB00CB185B0009331900C0
:103EA0004D4B5B19DB198900CB58D3183A18002108
:103EB00051563A19127852B292008A189908464B14
:103EC0005B19DB199200D1503B181B785BB2DBB257
:103ED0000133DAB23B181A702023FF33FB181B782A
:103EE0005BB2032B9DDD8F2149007B181B785BB2F1
:103EF000DBB20133DAB27B181A708F235B00FB1838
:103F00001B785BB2032B86DD08243B194033C022AB
:103F10000021180003F0D3FA7B682E4A94466344CC
:103F2000802252003919180003F0F5FB7B68A022AB
:103F3000D20094466344C222920011001800FFF799
:103F400013FC7B68254A9A1884235B00FB18100039
:103F5000190004231A0003F0DEFB7B68AF22D200B5
:103F60009446634404220021180003F0A8FA7868FC
:103F70007B68A022D2009A18C2239B001849FFF741
:103F80001DFA030019001E24FF343B193A19127858
:103F90000A431A70B0239B01786803220192FF2222
:103FA000009201220421FFF727FC030019003B19AE
:103FB0003A1912780A431A703B191B781800BD464B
:103FC00049B0F0BDE3FEFFFF2C4E0408344E040858
:103FD000A0FC010034050000E8FEFFFF34060000ED
:103FE000F82C0000F0B585B000AF786039600F2480
:103FF0003B1900221A707B68254900221800FFF740
:10400000C4F9030019003B193A1912780A431A70CF
:104010007B680E257A1900211800FFF7A1F903002B
:1040200019003B193A1912780A431A707B680D2659
:10403000BA1901211800FFF793F9030019003B1981
:104040003A1912780A431A707B6811490222180043
:10405000FFF79BF9030019003B193A1912780A433C
:104060001A707B191B78F02B07D1BB191B780C2B0E
:1040700003D13B6801221A7002E03B6800221A70EB
:104080000F23FB181B781800BD4605B0F0BDC046D5
:10409000FF7F0000B0B588B002AF786017243B19ED
:1040A00000221A701023FB18FD4A1A600123FB60DE
:1040B0000023BB607B68FB4ADA607B68FA4A9A603F
:1040C0007A6890231B010021D1547B68F7490022B4
:1040D0001800FFF75AF9030019003B193A19127832
:1040E0000A431A707B68042209211800FFF74DF972
:1040F000030019003B193A1912780A431A707B68B9
:1041000040220F211800FFF740F9030019003B1966
:104110003A1912780A431A707B6803220A211800A0
:10412000FFF733F9030019003B193A1912780A43D3
:104130001A707B6816257A19DC491800FFF710F908
:10414000030019003B193A1912780A431A707B6868
:1041500001220C211800FFF718F9030019003B1980
:104160003A1912780A431A707B680222FF32110052
:1041700000221800FFF709F9030019003B193A194A
:1041800012780A431A707B688122510000221800BD
:10419000FFF7FBF8030019003B193A1912780A439C
:1041A0001A707B688522510001221800FFF7EDF894
:1041B000030019003B193A1912780A431A707B68F8
:1041C000BB4901221800FFF7E0F8030019003B1972
:1041D0003A1912780A431A707B68B5490022180010
:1041E000FFF7D3F8030019003B193A1912780A4374
:1041F0001A707B688522510003221800FFF7C5F86A
:10420000030019003B193A1912780A431A707B68A7
:104210000422FF32110001221800FFF7B6F8030054
:1042200019003B193A1912780A431A707B68002268
:104230000C211800FFF7A9F8030019003B193A19DF
:1042400012780A431A707B6843220F211800FFF787
:104250009CF8030019003B193A1912780A431A70A6
:104260007B6801211800FFF7B9FA030019003B1918
:104270003A1912780A431A707B6840220F211800FD
:10428000FFF783F8030019003B193A1912780A4323
:104290001A707B6801220A211800FFF776F80300E4
:1042A00019003B193A1912780A431A707B68642185
:1042B0001800FFF793FA030019003B193A19127816
:1042C0000A431A707B68794900221800FFF75DF8ED
:1042D000030019003B193A1912780A431A707868DA
:1042E00001230193FF230093062300220121FFF7FE
:1042F00083FA030019003B193A1912780A431A701D
:104300003B191B78002B00D08AE37B6801220E2129
:104310001800FFF73AF8030019003B193A19127810
:104320000A431A707B68614902221800FFF72DF8D2
:10433000030019003B193A1912780A431A707B6876
:104340005A4901221800FFF720F8030019003B1911
:104350003A1912780A431A707B6801220621180064
:10436000FFF713F8030019003B193A1912780A43B2
:104370001A70786804230193FF23009321230022FD
:104380000121FFF739FA030019003B193A19127895
:104390000A431A707B68454900221800FEF7F5FFB2
:1043A000030019003B193A1912780A431A707B6806
:1043B0007A193E491800FEF7D3FF030019003B1994
:1043C0003A1912780A431A707B6801220C211800EE
:1043D000FEF7DBFF030019003B193A1912780A4374
:1043E0001A707B68314900221800FEF7CEFF0300E7
:1043F00019003B193A1912780A431A707B68022295
:10440000FF32110000221800FEF7BFFF0300190061
:104410003B193A1912780A431A707B6881225100BD
:1044200000221800FEF7B1FF030019003B193A19EA
:1044300012780A431A707B68852251000122180005
:10444000FEF7A3FF030019003B193A1912780A433B
:104450001A707B68164901221800FEF796FF0300C8
:1044600019003B193A1912780A431A707B681049EF
:1044700000221800FEF789FF030019003B193A19C2
:1044800012780A431A707B688522510003221800B3
:10449000FEF77BFF030019003B193A19127809E077
:1044A00001000100EC4A040820470408FF7F0000D7
:1044B000024000000A431A707B680422FF32110098
:1044C00001221800FEF761FF030019003B193A1999
:1044D00012780A431A707B68F74900221800FEF729
:1044E00054FF030019003B193A1912780A431A7055
:1044F0007B68F24943221800FEF747FF03001900CA
:104500003B193A1912780A431A707B68EB49032267
:104510001800FEF73AFF030019003B193A19127808
:104520000A431A707B68E54901221800FEF72DFF47
:10453000030019003B193A1912780A431A707B6874
:10454000DE4900221800FEF720FF030019003B1986
:104550003A1912780A431A707B68D9490022180068
:10456000FEF713FF030019003B193A1912780A43AA
:104570001A707B68D34900221800FEF706FF03007B
:1045800019003B193A1912780A431A707B68CE4910
:1045900000221800FEF7F9FE030019003B193A1932
:1045A00012780A431A707B687A19C7491800FEF717
:1045B000D7FE030019003B193A1912780A431A7002
:1045C0007B68C14901221800FEF7DFFE03001900D5
:1045D0003B193A1912780A431A707B68BA490922C2
:1045E0001800FEF7D2FE030019003B193A191278A1
:1045F0000A431A70786880231B02B44A0021FEF730
:10460000DDFE030019003B193A1912780A431A70AB
:104610007B68AD490A221800FEF7B7FE03001900B7
:104620003B193A1912780A431A70786880231B02E2
:10463000A74A0021FEF7C2FE030019003B193A19F0
:1046400012780A431A707B689F490B221800FEF704
:104650009CFE030019003B193A1912780A431A709C
:104660007868A023DB019B4A0021FEF7A7FE030028
:1046700019003B193A1912780A431A707B6892495B
:1046800001221800FEF781FE030019003B193A19B8
:1046900012780A431A707B688B4901221800FEF7D2
:1046A00074FE030019003B193A1912780A431A7074
:1046B0007B68032206211800FEF767FE030019003D
:1046C0003B193A1912780A431A707B6805211800C1
:1046D000FFF784F8030019003B193A1912780A43CE
:1046E0001A707B68784900221800FEF74EFE03001E
:1046F00019003B193A1912780A431A707B687A1923
:1047000071491800FEF72CFE030019003B193A19F5
:1047100012780A431A707B6801220C211800FEF7F8
:1047200034FE030019003B193A1912780A431A7033
:104730007B68654900221800FEF727FE0300190078
:104740003B193A1912780A431A707B688A22510081
:1047500000221800FEF719FE030019003B193A1950
:1047600012780A431A707B681622FF321100002269
:104770001800FEF70AFE030019003B193A191278D7
:104780000A431A707B688B22510042221800FEF700
:10479000FCFD030019003B193A1912780A431A70FC
:1047A0007B681822FF32110000221800FEF7EDFD91
:1047B000030019003B193A1912780A431A707B68F2
:1047C00000220B211800FEF7E0FD030019003B1941
:1047D0003A1912780A431A707B687A193A49180014
:1047E000FEF7BEFD030019003B193A1912780A437F
:1047F0001A707B6800220C211800FEF7C6FD03002A
:1048000019003B193A1912780A431A707B68012281
:104810000B211800FEF7B9FD030019003B193A19E6
:1048200012780A431A707B681800FFF75DF80300DE
:1048300019003B193A1912780A431A703B191B7870
:10484000002B00D0EEE07B681F4902221800FEF723
:104850009CFD030019003B193A1912780A431A709B
:1048600078687B68A025ED005A191B490423FEF7E0
:1048700083FE030019003B193A1912780A431A7093
:104880007B68A022D2009446634404211800FEF7FE
:104890006BFF7B6859190823FB180422180002F0EB
:1048A0003AFFBB680D4A93421AD03B193A19127865
:1048B00005210A431A70B6E00F4000001A020000FA
:1048C000190200001B020000FF7F000020F7020811
:1048D0002077030820F70308FC2F00009E6C0B0CC8
:1048E0007868544A54492823FEF768FD03001900EC
:1048F00017243B193A1912780A431A70B0239B0106
:10490000786802220192FF22009200220421FEF721
:1049100073FF030019003B193A1912780A431A7001
:1049200078687B68A022D2009A18F6235B0043497E
:10493000FEF722FE030019003B193A1912780A43C8
:104940001A707B68103318007B68A022D20094464E
:104950006344F4225200190002F0DDFE7B6810214E
:104960001800FFF71BF8030019003B193A191278D9
:104970000A431A707B68F933FF331A00304B10007A
:104980001900C2239B001A0002F0C5FE7B681021AB
:104990001800FFF7DBF9030019003B193A191278E8
:1049A0000A431A7078687B689A68F3239B0025494C
:1049B000FEF704FD030019003B193A1912780A4367
:1049C0001A70B0239B01786803220192FF220092A3
:1049D00001220421FEF710FF030019003B193A19C8
:1049E00012780A431A70184A1023F91878680423B9
:1049F00000F0FCFF030019003B193A1912780A4332
:104A00001A70124A0C23F9187868042300F0EEFF9C
:104A1000030019003B193A1912780A431A7002E090
:104A2000C04600E0C0461723FB181B781800BD469F
:104A300006B0B0BDF44D0408D82F0000042C0000CF
:104A4000EC4A0408342C000080DB000064D900002C
:104A5000B0B584B000AF786039600F243B190022F4
:104A60001A707B682D4900221800FEF78EFC0300A7
:104A700019003B193A1912780A431A707B680E25FF
:104A80007A1909211800FEF76BFC030019003B1985
:104A90003A1912780A431A707B191B78022B05D039
:104AA000042B1ED13B6801221A7022E07B680E2481
:104AB0003A190F211800FEF753FC030019000F22CA
:104AC000BB18BA1812780A431A703B191B78432B8B
:104AD00003D13B6802221A700BE03B6800221A7077
:104AE00007E03B6800221A700F23FB18FF221A70A0
:104AF000C0467B68094902221800FEF746FC030005
:104B000019000F203B183A1812780A431A703B1804
:104B10001B781800BD4604B0B0BDC046FF7F000042
:104B2000B0B586B002AF78600A00FB1C1A700F2483
:104B30003B1900221A700E257A197B6811001800A3
:104B4000FFF786FF030019003B193A1912780A4350
:104B50001A707B191B78FA1C12789A4200D1E2E095
:104B6000FB1C1B78022B00D18FE000DDC7E0002B7F
:104B70005ED0012B00D0C2E07B686E490022180095
:104B8000FEF703FC030019003B193A1912780A4397
:104B90001A707B68042209211800FEF7F6FB030057
:104BA00019003B193A1912780A431A707B680D25CF
:104BB0007A190F211800FEF7D3FB030019003B19E7
:104BC0003A1912780A431A707B191B78432B0CD1BF
:104BD0007B6840220F211800FEF7D7FB0300190065
:104BE0003B193A1912780A431A7078680123019325
:104BF00001230093062300220121FEF7FDFD03009F
:104C000019000F243B193A1912780A431A700D2320
:104C1000FB181B78432B77D17B681800FFF73AFA13
:104C2000030019003B193A1912780A431A706BE015
:104C30007B68404900221800FEF7A7FB030019001B
:104C40000F243B193A1912780A431A707B68022222
:104C500009211800FEF799FB030019003B193A19C6
:104C600012780A431A707868002301930123009395
:104C7000062300220121FEF7BFFD030019003B19A6
:104C80003A1912780A431A703FE07B6829490022DA
:104C90001800FEF77AFB030019000F243B193A199C
:104CA00012780A431A707B68022209211800FEF765
:104CB0006CFB030019003B193A1912780A431A7069
:104CC0007868002301930123009306230022012129
:104CD000FEF792FD030019003B193A1912780A43B6
:104CE0001A707B6843220F211800FEF74EFB030069
:104CF00019003B193A1912780A431A7005E00F237C
:104D0000FB18FF221A7000E0C0467B6809490222A6
:104D10001800FEF73AFB030019000F22BB18BA185F
:104D200012780A431A700F23FB181B781800BD462F
:104D300004B0B0BDFF7F0000B0B59CB002AF78609A
:104D400067243B1900221A7050217B1800221A6038
:104D50007B1800225A604C23FB18C02292001A6074
:104D60005B23FA187B681100180000F0D9FB0300E0
:104D700019003B193A1912780A431A707B6800220D
:104D80005A607B68FF229A703C257B19AD4A13CA92
:104D900013C312681A600C23FB18AB4A13CA13C35F
:104DA00013CA13C313CA13C313CA13C37B191B68D3
:104DB0005A1CFF327B191A6000233B6676E00C20F8
:104DC0003B183A6E9200D358002B6BD03B6E5A09B9
:104DD0003C23FB189200D2583B6E1F210B40DA4057
:104DE0001300012213405DD03A183B6E9B00D3188C
:104DF000FB65FB6D1B780F221340DBB2002B41D00B
:104E0000FB6D1B781B071B0FDBB20C2B3AD8FB6D1D
:104E10005B888E4A934214D9FB6D5B888C4A93421F
:104E20000FD85B23FB181B781B051B0D9AB2FB6D7B
:104E300010011A880F210A40111C021C0A431A8013
:104E40000EE05B23FB181B781B051B0D9AB2FB6D54
:104E500010011A880F210A40111C021C0A431A80F3
:104E60007B685B68FA6D12781207120FD2B21100DC
:104E7000FA6D12881204120D92B24A439A187B6896
:104E80005A6009E07B685B68FA6D12881204120DA3
:104E900092B29A187B685A607B685B681A1D7B68BF
:104EA0005A6000E0C0463B6E01333B663B6E0B2B05
:104EB00000D884E77B685B6818331A007B685A6007
:104EC000644A0C23F9187868302300F08FFD030042
:104ED000190067243B193A1912780A431A707B6843
:104EE0005A6850217B181A603B6E5A1C7B185A6016
:104EF000594A79187868082300F078FD03001900F2
:104F00003B193A1912780A431A70544A3C23F9188B
:104F10007868102300F06AFD030019003B193A1964
:104F200012780A431A707B684D4900221800FEF778
:104F30002CFA030019003B193A1912780A431A7027
:104F40007B68052209211800FEF71FFA03001900EB
:104F50003B193A1912780A431A707B6840490222B9
:104F60001800FEF712FA030019003B193A191278DB
:104F70000A431A7078684C23FA183A490423FEF75A
:104F80001DFA030019003B193A1912780A431A70E6
:104F9000B0239B01786803220192FF220092012234
:104FA0000421FEF729FC030019003B193A19127875
:104FB0000A431A707B68A022D20099182A4A78689E
:104FC0000C2300F06DFC030019003B193A1912780C
:104FD0000A431A707B68A122D200991858257B19C0
:104FE0000222180002F097FB7B191B881A007B68CD
:104FF0005B689A4202D03B19FF221A707B68A0229C
:10500000D2009918194A7868082300F049FC030077
:10501000190067203B183A1812780A431A707B6807
:10502000134A9B5C002B05D03B183A1812780321D9
:105030000A431A706723FB181B781800BD461AB084
:10504000B0BDC0463C4E04084C4E0408CF5400008E
:105050008F58000080D9000068D9000070D9000086
:10506000FF7F0000FC2F000040540000C4E000005F
:1050700006050000B0B586B000AF78601323FB18BA
:1050800000221A7017243B1900221A701423FB18EF
:1050900000221A800023FB6078680C23FA187549F7
:1050A0000423FEF769FA030019003B193A19127834
:1050B0000A431A70FB68704A934263D07A6890235F
:1050C0001B01D35C002B5DD17B686C49002218006A
:1050D000FEF75BF9030019003B193A1912780A43ED
:1050E0001A707B68162215211800FEF74EF903008E
:1050F00019003B193A1912780A431A707B68012289
:1051000014211800FEF741F9030019003B193A1960
:1051100012780A431A702FE07B6813257A1906214A
:105120001800FEF71DF90300190017243B193A195E
:1051300012780A431A707B680A211800FEF74EFBAA
:105140000300190020003B183A1812780A431A701D
:1051500014217B181A887B1801321A807B181A8850
:10516000FA235B009A4207D97B1919783B183A1841
:1051700012780A431A7005E01323FB181B785BB200
:10518000002BC9DA7B6813243A1906211800FEF7B0
:10519000E7F80300190017257B197A1912780A43DA
:1051A0001A703B191B785BB2002B1BDA7B683A192B
:1051B00007211800FEF7D4F8030019007B197A19AB
:1051C00012780A431A703B191B78842B0AD03B19BA
:1051D0001B78852B06D03B1919787B197A19127820
:1051E0000A431A707B68254900221800FEF7CDF8A3
:1051F0000300190017243B193A1912780A431A7050
:105200007B68002214211800FEF7BFF80300190084
:105210003B193A1912780A431A707B68002215214B
:105220001800FEF7B2F8030019003B193A1912787A
:105230000A431A707B68042209211800FEF7A5F8BA
:10524000030019003B193A1912780A431A707B6857
:105250000A4902221800FEF798F8030019003B19CA
:105260003A1912780A431A703B191B781800BD4688
:1052700006B0B0BDFC2F0000FF040000FF7F00005F
:1052800090B585B000AF786039600F243B190022DB
:105290001A7078687B68A022D2009A180423002133
:1052A000FEF76AF9030019003B193A1912780A430C
:1052B0001A707A68A023DB00D25C7B689B789A42E4
:1052C00023D07A68A023DB00D35CFF2B1DD07B6842
:1052D0001A4A9B5C052B18D17B68194A9B5C1A0003
:1052E00005231340052B10D17B68164A9B5C1A00DE
:1052F0001023134009D03B6801221A707A68A0235A
:10530000DB00D25C7B689A7011E07B680D4A9B5C85
:105310005BB2002B08DA7B68094A995C0F22BB1844
:10532000BA1812780A431A703B6800221A700F23C9
:10533000FB181B781800BD4605B090BD01050000A4
:105340000205000003050000B0B588B000AF78602A
:1053500039601F243B1900221A7078687B68A025E9
:10536000ED005A197B685B680021FEF705F9030020
:1053700019003B193A1912780A431A707A68A02367
:10538000DB00D25C7B689A707B685A197B685B682B
:105390009BB219001000FEF7E7F91023BB6155E03E
:1053A000BB69A022D200944663447A68D318FB609C
:1053B000FB681B781B071B0FDBB2012B14D9FB68A2
:1053C0001B781B071B0FDBB20C2B0DD8FB681B785F
:1053D0001B071B0FDBB21A00FB681B881B041B0D8D
:1053E0009BB253437B6105E0FB681B881B041B0DCC
:1053F0009BB27B61FB685B88464A934203D0464A76
:1054000093420DD01BE0BB690C331A007968A023CE
:10541000DB008A18D3181B785AB23B681A700EE06A
:105420003B68981CBB690433A022D20094466344B5
:105430007A68D3187A69190002F06DF9C046BA6922
:105440007B69D318BB61BB690433BB617B685B6854
:10545000BA699A42A4D30023BB6115E03A68BB69DC
:105460005B00D318023300229B5E002B00DA03336B
:105470009B1019B23A68BB695B00D31802330A1C4F
:105480001A80BB690133BB61BB693F2BE6D97A68DF
:10549000A123DB00D35C9AB212203B1812021A80BF
:1054A0007B681E4A9B5C99B23B183A1812880A43E3
:1054B0001A807B685B681A1F7968A023DB008A1852
:1054C000D3181B789AB210243B1912021A807B68F9
:1054D0005B68DA1E7968A023DB008A18D3181B7872
:1054E00099B23B193A1912880A431A803A183B19A3
:1054F00012881B889A4206D01F22BB18BA1812784D
:1055000002210A431A701F23FB181B781800BD469E
:1055100008B0B0BDB454000044DF0000090500002D
:1055200090B585B000AF786039600F243B19002238
:105530001A707B68A022D20099180F4A7868082355
:1055400000F0AEF90300190020003B183A18127859
:105550000A431A707A68A023DB00D35C7A68074993
:10556000525C5343DAB23B681A703B181B78180040
:10557000BD4605B090BDC046505400000105000076
:10558000B0B584B000AF78600A00FB1C1A700F231E
:10559000FB1800221A70FB1C1B78102B02D0402B2A
:1055A00059D0B1E07B68A025ED0059196A4A7868A6
:1055B000102300F075F9030019000F243B193A1964
:1055C00012780A431A707B68644A402199547B68B8
:1055D000634A402199547B68624A042199547B684C
:1055E00059195D4A7868102300F000FA0300190089
:1055F0003B193A1912780A431A707B6859195A4AAA
:105600007868082300F04CF9030019003B193A1997
:1056100012780A431A707A68A023DB000421D1545F
:105620007B68524A042199547B684C4A082199545A
:105630007B684F4A082199547B6859194A4A78680F
:10564000082300F0D3F9030019003B193A19127826
:105650000A431A705DE07B68A025ED0059193E4AA7
:105660007868102300F01CF9030019000F243B197F
:105670003A1912780A431A707B68384A10219954F3
:105680007B68374A102199547B68364A0121995426
:105690007B685919304A7868102300F0A7F9030095
:1056A00019003B193A1912780A431A707B68591984
:1056B0002D4A7868082300F0F3F8030019003B191D
:1056C0003A1912780A431A707A68A023DB0008217D
:1056D000D1547B68254A082199547B681F4A0421CC
:1056E00099547B68224A042199547B6859191E4AAF
:1056F0007868082300F07AF9030019003B193A1979
:1057000012780A431A7004E00F23FB187F221A70E4
:10571000C046FB1C1A787B6811001800FEF73EF9A2
:10572000030019000F243B193A1912780A431A7022
:10573000FB1C1A787B6811001800FEF707FB0300BA
:1057400019003B193A1912780A431A703B191B7851
:105750001800BD4604B0B0BD38AD0000040500001F
:105760000605000009050000505400000105000076
:105770000505000090B589B004AF78600A00FB1CF5
:105780001A700F243B1900221A707B68A022D200E5
:1057900099180C4A78680123029301230193FB1C9A
:1057A0000093042300F000FA030019003B193A1992
:1057B00012780A431A703B191B781800BD4605B0D1
:1057C00090BDC0465854000090B585B000AF7860D9
:1057D0000A00FB1C1A700F243B1900221A700023C8
:1057E000BB607B68A022D2009918294A78680823F8
:1057F00000F056F8030019003B193A1912780A43D1
:105800001A70FB1C1B78012B02D0032B0BD015E068
:105810007B68204A012199547B681F4A03219954CF
:105820000023BB600FE07B681A4A032199547B6810
:10583000194A022199540123BB6004E00F23FB188D
:105840007F221A70C0467B68A022D2009918104AA5
:105850007868082300F0CAF8030019000F243B19E8
:105860003A1912780A431A700C4A0823F918786812
:10587000042300F0BBF8030019003B193A19127811
:105880000A431A703B191B781800BD4605B090BD3D
:1058900030AD0000010500000305000064D90000E0
:1058A000B0B58CB002AFF860B9607A601A00BB1C6A
:1058B0001A8025257B1900221A70BB1C1B880C330B
:1058C0003B621423FB18464A13CA13C3BB1C1A8835
:1058D000FD239B009A4203D97B19FF221A7077E0BF
:1058E0007B681B0ADAB214217B181A707B68DAB263
:1058F0007B185A70BB1C1B881B11DAB27B189A707C
:10590000BB1C1B88DBB21B01DAB27B18DA70F868AB
:105910007A1834490C23FDF751FD030019002524A2
:105920003B193A1912780A431A70B0239B01F868A0
:1059300003220192FF22009201220421FDF75CFF65
:10594000030019003B193A1912780A431A70F868D3
:10595000FB68A025ED005A193B6A2349FDF70CFEB0
:10596000030019003B193A1912780A431A70FB68B0
:105970005A19BB1C1B880C339BB219001000FDF791
:10598000F3FE2623FB1800221A8018E026243B1978
:1059900000229B5E191D3B1900229B5EBA68D3183A
:1059A000F868A022D20041188A1812781A703B19A0
:1059B00000229B5E9BB201339AB23B191A80BB1C3A
:1059C00000229B5E2622BA180021525E9A42DDDB3D
:1059D0002523FB181B781800BD460AB0B0BDC04691
:1059E0007C4E0408F42F0000042C000090B58DB00C
:1059F00002AFF860B9607A601A00BB1C1A802720D9
:105A00003B1800221A701C23FB1800221A60142174
:105A10007B1800221A707B1800225A707B18002213
:105A20009A707B180F22DA707B1805221A717B1886
:105A300001225A71BB1C1B8808331B12DAB27B1877
:105A40009A71BB1C1B88DBB20833DAB27B18DA719F
:105A50002223FB18BA1C128852498A1A1A80BB1CCE
:105A60001A88FD239B009A4203D93B18FF221A7023
:105A700090E07B681B0ADAB21C217B181A707B68E5
:105A8000DAB27B185A70BB1C1B881B11DAB27B1868
:105A90009A70BB1C1B88DBB21B01DAB27B18DA7070
:105AA000BB1C1A88BB6811001800FDF75DFEBB1C0B
:105AB0001B88013B9AB22423FB181A8019E0242486
:105AC0003B1900229B5EBA68D3183A190021525E36
:105AD00004321878F968A023DB008A18D318021C56
:105AE0001A703B1900229B5E9BB2013B9AB23B1994
:105AF0001A802423FB1800229B5E002BDFDAFB6850
:105B0000A024E4001A191C23FB1810001900042318
:105B10001A0001F000FEBB1C1B880433A022D20037
:105B200094466344FA68D2181423FB181000190035
:105B300008231A0001F0EFFDF868FB681A19BB1C76
:105B40001B880C331C002223FB1819882300FDF747
:105B500035FC0300190027243B193A1912780A432F
:105B60001A70B0239B01F86803220192FF22009271
:105B700001220421FDF740FE030019003B193A19E8
:105B800012780A431A70BB1C1A88BB6811001800EF
:105B9000FDF7EAFD2723FB181B781800BD460BB064
:105BA00090BDC046F42F000090B587B000AFF860FC
:105BB000B9607A601A00BB1C1A8017243B190022B6
:105BC0001A70BB1C1B887A68B968F868FFF768FE12
:105BD000030019003B193A1912780A431A70282356
:105BE00008215B18DB191B88BA68D01824235B18BE
:105BF000DB191A88BB6A190001F08DFDBB1C1B88DC
:105C00007A68B968F868FFF7F1FE030019003B19DC
:105C10003A1912780A431A703B191B781800BD46CE
:105C200007B090BD10B5002101F032FA10BD10B5DB
:105C30000A22002101F0C0FA10BD10B50A2200218D
:105C400001F0BAFA10BD000010B5034B010018684E
:105C500000F00EF810BDC0466809002010B5034BD7
:105C60000100186801F0CEFD10BDC0466809002093
:105C7000F0B50D0087B00B350190162D08D907221D
:105C8000954306D50C23019A1360002007B0F0BDA0
:105C90001025A942F6D8019800F0FEF9FC23BE4E6B
:105CA0005B009D4219D22A000832B21811005468D4
:105CB0000839EB088C4203D1D4680233A24222D0C7
:105CC00003226368A1689343E268E318CA609160A5
:105CD000012259680A435A602AE03F236A0A03D026
:105CE000042A2BD8AB09383303229446D9008919EA
:105CF000CC688C4206D0604662688243571B0F2FE7
:105D000034DD013B01333469A4498C4255D0032072
:105D100062688243501B0F2836DD012367191D433B
:105D20000343656077613761F960B9607B60A050BB
:105D3000019800F0B9F920000830A7E7142A02D82A
:105D400013005B33D0E7542A02D82B0B6E33CBE71A
:105D5000AA235B009A4202D8EB0B7733C4E7904941
:105D60007E238A42C0D8AB0C7C33BDE7E068002FAD
:105D700008DBA368D86083600123A21851680B4335
:105D80005360D5E70400B4E7716131610028F3DAAC
:105D900071688C46802189008A4200D38CE0D1084A
:105DA000500901228240604602437260CA00921983
:105DB0009168E260A1609460CC60012276489910FD
:105DC0008A404168914228D30A4205D10324A34363
:105DD000520004330A42FBD06F490491D9004118A4
:105DE0008C460F000293FC68BC4200D09BE0032469
:105DF00002990837013102912142F4D103210B426B
:105E000000D0B7E0436893434360049B5200596855
:105E1000914202D3002A00D0BBE0032283680293A0
:105E20005B6893430393AB4203D3591B0F2900DDF7
:105E300023E1029B039A08209E185A4B1F6801F029
:105E400057FC594B10371B687F190490013303D05E
:105E50007B1E1B1847421F403900019801F0F4FBDC
:105E60000400431C00D1DEE0864204D94A4B029A6A
:105E70009A4200D0D7E04D4A1368FB181360049A89
:105E8000013AA64200D097E0164200D094E0424B7F
:105E90009A68039BDF1901233B435360434B444AF9
:105EA0001B6811688B4200D91360424A11688B420B
:105EB00000D8B8E01360B6E0500A042811D8910960
:105EC0003831CF00BF19B868874225D10122891027
:105ED0008A4061460A437260E760A060BC60C460AB
:105EE0006BE7142802D801005B31EAE7542802D896
:105EF000110B6E31E5E7AA214900884202D8D10B87
:105F00007731DEE7264F7E21B842DAD8910C7C311A
:105F1000D7E78068874204D003264168B1439142A5
:105F2000F7D8C768D8E703266168B1430391E668EC
:105F3000491B0F2910DD0122631915436560A5680F
:105F40000A43EE60B5604361036114485A60D8604B
:105F50009860039BE150EBE6002909DB039BE11805
:105F600001234A6813434B60A368DE60B360DFE639
:105F7000340039E7082149428C4461468968013B75
:105F8000614500D13AE740E7043352000A42FBD0B2
:105F900024E7029BFAE7C046BC020020C4020020AE
:105FA00054050000B8A10120C406002088A10120EA
:105FB000B0A10120B4A1012034490868013040D1CA
:105FC0000C600721260000230E400C4202D008334B
:105FD0009B1BE418E1190591059F04991740CB1804
:105FE000DF1B17403900019801F02EFB431C07D13D
:105FF000371E059804D030000027059B0838181874
:10600000234A001B1368C019DB1913600122214BBE
:10601000029910439C606060994200D13EE7039B67
:106020000F2B13D8626003221A4B9B685B68934363
:10603000591BAB4201D30F291FDC019800F034F843
:1060400023E61349A61BF6180E60BAE70721039B47
:106050000C3B8B43029949680A4002991A434A60F3
:10606000CA180521516091600F2B00D816E70299DC
:106070000198083101F0C6FB10E701221300054822
:106080002B43846863606319836023E6C4060020A1
:1060900088A10120BC02002010B5024801F026FBB7
:1060A00010BDC046FDA2012010B5024801F01FFB43
:1060B00010BDC046FDA20120094B10B51C68094A5D
:1060C000983420686168084BDAF75CFA01220023F3
:1060D00080185941206061604800400810BDC046EA
:1060E000680900202D7F954C2DF4515810B5034BB5
:1060F0000A000100186800F003F810BD68090020CC
:10610000F0B587B00C1E0190059206D11100FFF783
:10611000AFFD0700380007B0F0BD0198FFF7BCFFE6
:106120002300083B5F680493059B0B33162B08D9AB
:1061300007229343009306D50C23019A002713608E
:10614000E8E710230093009B059A9342F4D3049B45
:106150003A00029303239A43009B0392934200DC8C
:1061600069E1049BB8489B18826894465A689C452C
:1061700006D001251100A94359184968294244D184
:1061800003218A4303998E1800999C4517D1103139
:10619000B1423CDC009A01219446B61A2200049BCD
:1061A0000E4363448360083A5E60536801980B4075
:1061B00061460B435360FFF777FF2700AAE7B14220
:1061C00025DCDA689B68DA609360009B029AF41A17
:1061D000029B92195868012318400F2C00D82CE11B
:1061E000009D029928434919029D1C4368604C6038
:1061F0005068083103435360019801F003FB019894
:10620000FFF752FF029F083784E700221300FF07C1
:1062100000D5C6E02100032008390D6804994D1B04
:106220006968814303980F18002B00D184E0D619C8
:106230009C4548D1009B1033B3427DDCAA68EB68D3
:106240002F00D3609A600200043A0837242A35D818
:106250003B00132A08D92368AB606368EB601B2AF4
:106260001AD82B000834103322681A6062685A600A
:10627000A2689A60009B744AEB189360009AB61A61
:10628000012216435E606B681340009A13436B60F3
:106290000198FFF709FF3DE7A3682B61E3686B6195
:1062A000242A03D02B0010341833DDE72369AB61B7
:1062B0002B0062692033EA611834D5E721003800E9
:1062C00001F0EAF8D6E7009AB24235DC2800DA6835
:1062D0009B680830DA609360AA68EB68D3609A60C4
:1062E000039A043A242A23D8132A07D92368AB60D7
:1062F0006368EB601B2A09D8083408302368036000
:1063000063684360A368836002955EE7A3682B61BE
:10631000E3686B61242A03D0280010341830EDE7BD
:10632000280023692030AB6163691834EB61E5E72D
:10633000210001F0B1F8E7E7009BBB4231DC280007
:10634000AA68EB680830D3609A60039A043A242A5A
:1063500023D8132A07D92368AB606368EB601B2A34
:1063600009D8083408302368036063684360A36871
:1063700083603E00C8E7A3682B61E3686B61242A51
:1063800003D0280010341830EDE7280023692030AE
:10639000AB6163691834EB61E5E7210001F07CF83B
:1063A000E7E705990198FFF763FC071E00D16FE747
:1063B00023000122083B5B689343049AD318020030
:1063C000083A934205D15E6803239E43039BF61867
:1063D000FBE6039A043A242A29D803002100132A51
:1063E00008D923680360636843601B2A0DD8030043
:1063F000083108330A681A604A685A608A689A60E5
:106400002100019801F0FEF942E7A3688360E36888
:10641000C360242A03D0030010311033EAE7236954
:10642000183103610300626918334261E2E7210019
:1064300001F032F8E4E7039EC7E6029906434E6096
:1064400051680B435360DAE6BC02002070B51600B9
:106450000D0002F02DF9002E0DD06B236A00520DB5
:106460009B1A002B07DD0024034A1B059D182B00F7
:106470002200DBF769FD70BD0000F03FF0B5A1B070
:106480001992002200260027049007911C921B916C
:106490000A782B2A55D041D80D2A3BD8082A3BD858
:1064A000002A44D000220F9200211B9D09912A78D6
:1064B000302A00D085E06A7820318A43582A00D0FB
:1064C00075E002930F9B974A01931CAB00930498CD
:1064D0001DAB1BA901F0B2FA0F2302001A40040001
:1064E0000592184205D0062A2DD16B1C1B93002360
:1064F0000F93199B002B02D01B9B199A13600F9BC3
:10650000002B1BD0802332001B06FB181000190043
:1065100021B0F0BD202AC5D10131B8E72D2AC1D163
:106520002C3A0F924A1C1B924A78002ABCD1079B36
:106530001B9300230F93199B002BDDD132003B00EE
:10654000E4E70022EDE71C9A002A07D035211EA8B7
:1065500002F09FF91C99049801F09CFD05981D9B81
:106560000138042806D8D9F7E1FD12031C1E1200D9
:106570001E9E1F9FE40502D580231B061F436A4B06
:106580003B42B6D101F086F822230360B1E76749A8
:106590001F9A1E9E0A4066495B181B051A43170086
:1065A000E8E7614FE6E70126624F7642E2E71B9B90
:1065B0005A1C1B925B78302BF9D0002B99D0012309
:1065C000099300250A221B9B0D95109308951B9893
:1065D00004782300303BD9B2092927D90122564932
:1065E00000F090FF002831D0002023008446089A54
:1065F0000C9005922022190091430A000021069177
:10660000452A00D0C2E0059B099A034313438B42FD
:106610008DD01B9B079301331B93079B5B782B2B20
:1066200071D00C002D2B74D101246DE0089908293C
:1066300009DC0D9951435B180D93089B0130013320
:1066400008931B90C3E755435D19F6E71B9B5A1C43
:106650001B92089A5B78002A3AD00C9005921A0097
:10666000303A092A12D901229446C3E71B9B013014
:106670005A1C1B925B78302BF8D01A00313A082A4A
:106680003CD80C9000201B9A059010921A00411CD7
:10669000303A302B16D00C9B5B180C93059B0A21CB
:1066A0009C468444634515D10599059B0131091821
:1066B0001B180591082B19DC0A230D994B43002167
:1066C000D3180D931B9B08005A1C1B925B78C6E7DE
:1066D0000898D0E75C1C082B04DC0D9B4B430D9302
:1066E0002300DFE7102CFBDC4D43F9E7059B00217D
:1066F000102BE7DC0A235D435519E3E700220C92D7
:1067000005920132B0E70024079B02331B93079BDD
:106710009B781A00303A092A14D9079A1B92002252
:1067200033E0C046CC4E04080000F07FFFFFEFFFCF
:1067300033040000FFFFFF7FC84E04081B9B5A1C58
:106740001B925B78302BF9D0002206921A00313A66
:10675000082A1BD8303B0E931B9B06931B9B591C8E
:106760001B915B781A00303A092A3AD9069A8A1A9C
:10677000B2490691082A04DC0E9A06928A4200DD8C
:106780000691002C02D0069A52420692059A002ADF
:106790004DD1099A104300D0ABE66246002A00D0E2
:1067A000C5E6692B27D023DC492B24D04E2B00D003
:1067B000BDE6A3491BA801F077FB002800D1B6E68F
:1067C0001B9B1B78282B2CD19E491EAA1BA801F0CD
:1067D0007FFB052825D11F9B9B4A1E9E1A4317004D
:1067E00087E60A220E994A43D218303A0E92B5E74C
:1067F0006E2BDED09BE695491BA801F055FB0028C7
:1068000000D194E61B9B9249013B1BA81B9301F00E
:106810004BFB002802D11B9B01331B9300268A4FA0
:1068200067E68C4800F080FF06000F0061E6069BDB
:106830000C9A9B1A0993089B002B01D1059B089386
:10684000059C102C00DD10240D98DCF745FA059B03
:1068500006000F00092B15DD22007F4B093AD200FC
:106860009B181A685B68DBF76FFB060028000F00B7
:10687000DCF732FA02000B0030003900DAF70AFCCC
:1068800006000F00059B0F2B39DC099B002B00D164
:106890002FE624DD162B09DC6F49DB00C918320016
:1068A000086849683B00DBF74FFBBDE72523059AE5
:1068B0009B1A099A934222DB0F24059B664DE41A2A
:1068C000E10069183200086849683B00DBF73CFBCF
:1068D000099B1C1BE4002D192A686B68E3E7099BE0
:1068E00016330CDB06990C9A5B4B521AD2009B189C
:1068F00030001A685B683900DAF72CFF94E7059BD3
:106900001C1B099BE418002C72DD0F22230013408E
:1069100014420AD05049DB00C9183200086849689F
:106920003B00DBF711FB06000F000F239C434AD00E
:106930002633FF339C4222DD0023059306930D93FB
:10694000089322230026049A3F4F13600D9BB34205
:1069500000D1CEE51C99049801F09CFB089904989D
:1069600001F098FB0699049801F094FB0D990498A6
:1069700001F090FB0599049801F08CFBB9E5002328
:1069800030003900354D24110793012C1EDC002BFB
:1069900001D006000F00324B079AFF182F4BD20090
:1069A0009D182868696832003B00DBF7CDFA264B5A
:1069B0002C4A06000B409342BED82B4A934213D96F
:1069C00001262A4F76420023079388E001221442D1
:1069D00004D02A686B68DBF7B7FA0123079A6410C2
:1069E000013207920835D0E7D4239B04CF18EAE799
:1069F000002CE8D064420F2322001A401C420AD027
:106A0000154BD2009B1830001A685B683900DAF722
:106A1000A1FE06000F002411D5D01F2C28DD002375
:106A2000059306930D9308932223049A002613607E
:106A30000D9B0027002B8DD15BE5C0461F4E00004B
:106A400001520408E04E04080000F07FF9510408E8
:106A5000875204088352040820510408F85004089F
:106A60000000B0FC0000A07C0000907CFFFFEF7FE6
:106A7000102322001A4007921C4201D05A33079378
:106A8000300039000023C44D0122144204D02A688A
:106A90006B68DBF759FA012364100835002CF3D139
:106AA000002B01D006000F00079B002B0FD06B239B
:106AB0007A00520D39009B1A002B08DD1F2B00DCD9
:106AC00021E10026342B00DC16E1DC27BF04002284
:106AD000002330003900D9F7C3FC00289FD10D9B5B
:106AE000089A00931099059B049801F021FB0D90E2
:106AF000002800D120E7099B0699DA170C9B5B1A46
:106B00001A40099B1592DB43099ADB171A400023B0
:106B10001892059306930D9B0498596801F092FA18
:106B20000890002800D10CE70D9B0C3019001A6961
:106B30000C310232920000F0EEFD1EAB01931DAB52
:106B4000009332003B0004981096119701F018FE54
:106B50001C90002800D1F4E60121049801F07CFB90
:106B60000690002800D1ECE61D9B189A159DD41ABA
:106B7000002B01DB189C5D1907991E9A5B1A3621C0
:106B80009B188A1A854901208C460021013B1491EB
:106B90001290634507DA6146C91A521A1F2900DDAF
:106BA000B6E088401290AB180C93A418079B0C9A7F
:106BB0001C192B00954200DD1300A34200DD2300C9
:106BC000002B04DD0C9AE41AD21A0C92ED1A159BD4
:106BD000002B17DD1A000699049801F005FC0690B9
:106BE000002800D1ADE601001C9A049801F04CFB8E
:106BF0000E90002800D1A4E61C99049801F04AFAEE
:106C00000E9B1C930C9B002B00DD87E0099B002B47
:106C100008DD189A0899049801F0E6FB089000280E
:106C200000D18EE6002C08DD22000899049801F0BE
:106C30001DFC0890002800D183E6002D08DD2A0005
:106C40000699049801F012FC0690002800D178E61D
:106C5000089A1C99049801F093FC0590002800D133
:106C60006FE60022C3680699C2600C9301F06CFCC9
:106C700000285DDA0C9B334300D088E03B0300D052
:106C800085E0D622464BD2043B4093427FD9059BF8
:106C90005B69002B03D1059B1B69012B77DD0599EF
:106CA0000122049801F0E2FB0699059001F04CFCEA
:106CB00000286CDD07993B00394A002900D194E097
:106CC0001100D6203940C004814200DD8DE0DC2374
:106CD0009B04994200DCA7E630003900314B0022CA
:106CE000DBF732F92E4B06000F000B4200D031E6E5
:106CF0002223049A13602DE64B239A1A4C3B9340AF
:106D000019400F00E3E6012252429A401640DEE6A7
:106D10002549CB1A01009940149143E70C9A1C991C
:106D2000049801F0A3FB1C90002800D06EE708E651
:106D30000E97002877D10C9A3B031B0B002A39D001
:106D40001A4A934239D10121079B49423200080077
:106D5000002B0BD0D424124B08003B40E404A34288
:106D600004D86C301B0DC31A99400800824224D10C
:106D70000F4B0E99994202D1013200D1E1E5084B47
:106D80000E9A00261A401300802252039F18079B78
:106D9000002BA1D1DEE5C046F84E040802FCFFFF3F
:106DA0000000F07F00005039E2FBFFFFFFFF0F0003
:106DB000FFFFEF7F334300D17CE7149B002B1DD0F6
:106DC0000E9B149A1342E2D00C9B30003900079AB4
:106DD000002B17D0FFF73AFB02000B001098119917
:106DE000DAF758F906000F00D1E701261340984A58
:106DF00076429B18974A1A431700C8E7129B334202
:106E0000C5D0E1E7FFF722FB02000B0010981199B3
:106E1000DBF75CFB0022002306000F00D9F720FB04
:106E20000028B4D000E60699059801F009FD8023FA
:106E30000022DB0504000D00D9F722FB00286DD0ED
:106E40000C9B002B00D07EE0002E58D10E9B1B0324
:106E500000D07FE00022200029007F4BD9F706FBFD
:106E6000002858D12000290000227C4BDBF76CF869
:106E700004000D0080231B060A94EB180B930A9A5A
:106E80000B9B12921393764A0E9B13401493149A01
:106E9000744B9A4200D091E0734A0E9B944663442F
:106EA0001F003000190001F003FC0A9A0B9BDBF76E
:106EB0004BF832003B00DAF7EDF8694A6B4B0600FD
:106EC0000A409A4249D9119A694B9A4203D1109BC0
:106ED000013300D135E50126654F76421C990498AF
:106EE00001F0D8F80899049801F0D4F806990498AC
:106EF00001F0D0F80599049801F0CCF80BE6012ECA
:106F000003D10E9B002B00D18EE50023594C0A9330
:106F10000B940C9C1CE00C9C504DABE70022200015
:106F200029004E4BDBF710F80C9A04000B000D0003
:106F3000002A04D1802212060A908B189EE70200D4
:106F40000A920B939BE70023434C0A930B94002473
:106F5000414D94E70023474CF7E7D4239B04CF1817
:106F6000079B0E97002BB9D13D4B149A3B409A4298
:106F7000B4D120002900D9F769FBD9F7A3FB02009F
:106F80000B0020002900DBF7A1FA3B030C9A1B0B36
:106F90003343134304000D00374A002B54D0374BC2
:106FA000D9F764FA002800D0D4E420002900344A3C
:106FB0002A4BD9F76FFA002890D0CBE4079B002B1F
:106FC0002BD0D423149ADB049A4226D8200029001F
:106FD0002C4A2D4BD9F754FA002817D0200029004D
:106FE000D9F716FB002800D10130DBF775FE0C9AAB
:106FF00004000B000D00002A22D1802212068B18FB
:1070000016901793169A179B12921393D622139BDE
:10701000D2049B18149A9B1A139310981199129EDC
:10702000139F01F045FB02000B0030003900DAF736
:107030008BFF109A119BDAF72DF806000F008FE7EF
:10704000020016921793DDE7104BD9F70FFAB2E75B
:107050000000F0FFFFFF0F000000F03F0000E03FE6
:107060000000F07F0000E07F0000B0FCFFFF9F7C8D
:10707000FFFFEF7F0000F0BF9535A094FFFFDF3FDB
:1070800035E5AF350000C0FFFFFFDF41FFFFCF3F19
:1070900010B5044C0A000100034B2068FFF7EEF91D
:1070A00010BDC04668090020D8060020F0B587B0A2
:1070B0001E00059001910292012B48D00B00242E56
:1070C00045D83B4A082194461A006046147801339B
:1070D000005D1D0007000F400842F5D12D2C3DD169
:1070E00001271C78951C002E5ED0102E09D1302C63
:1070F00007D120222B789343582B50D110266C783F
:1071000002352C4B3100FB1818000393D9F7A8F86F
:107110000022049101218446100049422300303BA3
:10712000092B03D9113B192B1DD80A339E421EDDB2
:10713000541C09D00A00844506D302D1049C9C4209
:1071400002DB0122704318182C780135E6E700F0C5
:10715000A1FA16230360002007B0F0BD2B2CC2D18A
:107160001C78951CBFE72300613B192BDDD9531C0C
:1071700009D12223059A03981360029B002BEBD0C0
:107180006B1E019307E0002F00D04042029B002BB2
:10719000E2D0002AF4D1029B019A1A60DCE7302485
:1071A000002EAED10836ACE7302CA2D00A26A8E7D4
:1071B000214F0408FFFFFF7F10B5044C13000A00A5
:1071C00001002068FFF772FF10BDC046680900206B
:1071D000002310B50400036043608360818143662F
:1071E000C281036143618361190008225C3000F0B1
:1071F00066F90B4BE46123620A4B63620A4BA3629C
:107200000A4BE3620A4B9C4205D00A4B9C4202D0D7
:10721000094B9C4203D12000583000F065FA10BDA4
:107220000174020829740208617402088D7402084E
:10723000BCA1012024A201208CA2012010B5034A88
:107240000349044800F06CF810BDC046CC0600208D
:10725000B99D02084808002041680B4B10B5040096
:10726000994201D002F0A8FDA168084B994202D0D2
:10727000200002F0A1FDE168054B994202D02000F8
:1072800002F09AFD10BDC046BCA1012024A201203D
:107290008CA2012010B5094B094A04211A60094843
:1072A0000022FFF795FF012209210748FFF790FF11
:1072B000022212210548FFF78BFF10BDF4A2012026
:1072C0003D720208BCA1012024A201208CA2012051
:1072D00010B5024800F00AFA10BDC046FEA2012017
:1072E00010B5024800F003FA10BDC046FEA201200E
:1072F00010B50400FFF7ECFF636B002B02D0FFF723
:10730000EFFF10BD044B6363044B1B68002BF6D1E9
:10731000FFF7C0FFF3E7C04659720208F4A201204C
:10732000F7B51400002600900191A5686768013F39
:1073300004D52468002CF8D13000FEBDAB89012BA8
:1073400008D90E22AB5E013304D029000098019BBE
:10735000984706436835EAE70CB430B5174B0C0084
:107360001D689DB0002908DA8B2301202B60404264
:107370001DB030BC08BC02B0184782236A469B008F
:107380009382002302900690994200D04B1E0493F2
:10739000079301236A465B42D382280021AB209ADF
:1073A00002A9019301F0C6FA431C01DA8B232B607A
:1073B000002CDDD00022029B1A70D9E7680900205A
:1073C0000EB400B50B499CB01DAB0290069007911E
:1073D00004910948094904CB0591006802A9019369
:1073E00001F0A8FA0022029B1A701CB008BC03B07E
:1073F0001847C046FFFFFF7F680900200802FFFF13
:1074000070B50C000E25495F00F00AF9002803DB77
:10741000236D1B18236570BDA389024A1340A38105
:10742000F9E7C046FFEFFFFFF8B51F008B890500A5
:107430000C001600DB0505D50E23C95E00220223D1
:1074400000F0DAF8A389054A28001340A38132002E
:107450000E23E15E3B0000F009F9F8BDFFEFFFFFEE
:1074600070B50C000E25495F00F0C6F8A389421CD8
:1074700003D1054A1340A38170BD802252011343FA
:10748000A3812065F8E7C046FFEFFFFF10B50E238C
:10749000C95E00F09FF810BD10B5884202D98B1864
:1074A000984203D3002307E08B5C8354013AFBD25C
:1074B00010BDCC5CC45401339A42FAD1F8E7030002
:1074C0008218934200D1704719700133F9E7020026
:1074D00010B5137814000132002BFAD1CA5CE254C3
:1074E0000133002AFAD110BDC9B20378002B04D0B1
:1074F0008B4200D170470130F7E74B425941494276
:107500000840F7E730B50500101E0BD00024013A03
:107510002B5D085D834204D1A24202D00134002BCE
:10752000F6D1181A30BD030030B51D00002A06D070
:107530000C78013A01332C700131002CF5D1002177
:107540009A18934200D130BD19700133F9E7000059
:10755000034B10B51A680123503200F003F810BD38
:1075600068090020F0B5002802D11068002813D067
:10757000040020000E00057801343778002F04D174
:10758000002D0FD12800156006E00136BD42F4D170
:10759000002BEED114600370F0BD2F000FE001331B
:1075A000002E04D1230001341D7827000B001E7823
:1075B000B542F4D1002DF0D00023013C23701760B8
:1075C000EAE700009422024B5200985C7047C046E4
:1075D000D8060020002370B5064D040008002B607B
:1075E00004F0DCFD431C03D12B68002B00D023608A
:1075F00070BDC046F8A2012070B50400080011005B
:107600001A000023054D2B6004F0F0FD431C03D14C
:107610002B68002B00D0236070BDC046F8A201206B
:1076200070B50400080011001A000023054D2B60FE
:1076300004F0E4FD431C03D12B68002B00D0236031
:1076400070BDC046F8A20120002370B5064D0400AD
:1076500008002B6004F0DAFD431C03D12B68002BDB
:1076600000D0236070BDC046F8A2012070B50400B0
:10767000080011001A000023054D2B6004F0D6FD10
:10768000431C03D12B68002B00D0236070BDC04683
:10769000F8A20120014B18687047C0466809002015
:1076A00070B500260C4C0D4D641BA410A64209D1E8
:1076B000002604F0C5FD0A4C0A4D641BA410A64226
:1076C00005D170BDB300EB5898470136EEE7B30023
:1076D000EB5898470136F2E7145304081453040892
:1076E0001C530408145304087047704770477047D0
:1076F000802310B5082804D0FFF7CCFF16230360C1
:10770000173B180010BD03000A7801311A700133CD
:10771000002AF9D17047002310B59A4200D110BD5C
:10772000CC5CC4540133F8E7002001497047C046DF
:107730000000F87F034B10B5002B02D0024800F088
:1077400005F810BD00000000F99F0208002310B5E5
:1077500001001A00180002F0A1FC10BDF7B50400EA
:1077600008200D00FFF7C4FF06002000FEF794FC80
:107770000322214F3100BB685B689343581B1138CB
:1077800080190193D8F7E6FC451E7543AE4204DD2F
:107790002000FEF789FC0020FEBD00212000FFF73D
:1077A00053FFBB68019A9B189842F1D120006942AF
:1077B000FFF74AFF013010D100212000FFF744FFFE
:1077C000BA68811A0F29E3DD0C4D0D4B2D68401B63
:1077D000186001230B435360DAE70126019BBA6866
:1077E0005B1B33435360064A200013685B1B136026
:1077F000FEF75AFC3000CFE7BC020020C406002090
:1078000088A10120F7B50D1E01902DD0FEF744FC94
:10781000012329009C4608394F6862463B006446B4
:107820009343C8184568023295434A4A27409668F0
:1078300086421AD15B19002F06D10868091A8D6893
:107840001B18C868E8608560012018434860916093
:10785000414A12689A4204D8404B01981968FFF7D0
:107860007DFF0198FEF720FCF7BD00264560B7427A
:1078700009D10F683A4CC91BDB198F68A7422CD07D
:10788000CC68FC60A76047197C6801273C420BD19B
:107890005B198568002E22D1314CA5421FD13E00D4
:1078A00051611161CD608D60012528001843486049
:1078B000CB50002ED5D180208000834213D2D8082F
:1078C0005B099D4053681D43C3009B1855609A682F
:1078D000CB608A609960D160C3E76646D3E7C06831
:1078E000E8608560E0E75D0A042D12D89809383019
:1078F000C600B618B5680327AE4225D10123801013
:107900008340506803435360CE608D60B160E9608E
:10791000A7E7142D02D828005B30E9E7542D02D8E0
:10792000180B6E30E4E7AA204000854202D8D80B3D
:107930007730DDE70B4E7E20B542D9D8980C7C30ED
:10794000D6E7AD68AE4203D06A68BA439A42F8D827
:10795000EE68D9E7BC020020C8060020B8A10120CB
:10796000C4020020540500000200F0B504694B1168
:1079700085B0143202934D111300AC4232DD1F2644
:107980000F004B119B00A500D318374055190093E9
:10799000019731420DD1160019008D4236D8009959
:1079A000002303398D4202D3029BE41AA300D318AB
:1079B00018E02021019E019F891B009E039102CEA9
:1079C0009446F940B54216D8009E00230136B542D0
:1079D00003D3029BE31A9B00043BD31819600029D0
:1079E00000D00433991A89100161934201D1002318
:1079F000436105B0F0BD3768039B9F400F4361466C
:107A000080C18C46019B02CED940DBE780C980C68D
:107A1000C3E70200303A0300092A02D8203BD8B25B
:107A200070470200613A052A01D8473BF7E71A0080
:107A3000413A0020052AF3D8273BF0E7F0B589B09A
:107A40000793022301920A685B4203900691961CF9
:107A50009B1A9A1900960592009A013610783028E0
:107A6000F7D0FFF7D6FF00231D00029398421DD1E7
:107A70000122A6490098FFF745FD0700A84269D1F9
:107A8000009B34005878FFF7C4FF01230293A842FB
:107A90002FD00096009B1878302809D0FFF7B9FF47
:107AA000424242410123350002920593009C04E0CA
:107AB000009B01330093EDE701342078FFF7A9FF25
:107AC000071EF9D1012220009049FFF71BFD002875
:107AD0000DD1002D06D1013425002078FFF799FF44
:107AE000002802D12D1BAF0003E00134F5E7002D83
:107AF000F8D12022237826009343502B1DD16378A0
:107B00002B2B2CD02D2B2ED00023661C04933078E9
:107B1000FFF77FFF431EDBB2182B2BD81038050070
:107B20007078FFF776FF431EDBB20136182B1CD9A5
:107B3000049B002B00D06D427F19069B1E60029BA8
:107B4000002B19D00026059BB34200D10636300029
:107B500009B0F0BD01230027009C0293C9E7002370
:107B60000493A61CD3E70123FAE70A235D432D18EB
:107B7000103DD5E72600E0E7009B0299E31A013BA0
:107B8000072B0ADC039800F05DFA051E08D12A00D5
:107B9000E4215F4B5F4802F0C1FA01315B10EFE76F
:107BA000030014330293059300231E000493009BEB
:107BB000A3423FD3059C029B40C4E41AA4103000AA
:107BC0002C6100F001FB019B64011B68261A0093E5
:107BD0009E4251DDF61A3100280000F07BFE041EA3
:107BE00016D001241F232000721E1340984003006A
:107BF0005111029889000958194209D0A24206DDA4
:107C00002800B11E00F066FE0234002800D10224D4
:107C100031002800FFF7A8FEBF19019B9B68BB42FB
:107C20003ADA2900039800F035FA00230E9AA326C9
:107C300013608CE7013C23782E2B12D0049B202B61
:107C400004D1059B40C30026059304962078FFF7D6
:107C5000E0FE0F231840049B98400433064304932E
:107C6000A5E7009BA342E9D8012220002749FFF79E
:107C700049FC0028E2D19AE7009B00249E42CCDA1E
:107C80009E1B29003200039800F0F0FB0300143320
:107C90000500BF1B0293C0E7019B5E68BE4270DD1A
:107CA000009BF61BB34237DC019BDB68022B24D020
:107CB000032B26D0012B17D1009BB34214D1012BEB
:107CC0000BD1019B079A5B68622613600123029A1D
:107CD0002B6113600E9B1D6039E700992800013964
:107CE00000F0F8FD0028ECD12900039800F0D2F94B
:107CF00000230E9A5026136029E70F9B002BF3D127
:107D0000DFE70F9B002BDCD1EEE7C046C84E04082E
:107D1000295004083A500408771E002C2FD1002F58
:107D200004D03900280000F0D5FD04001F237A118B
:107D30001F401E3BBB400299920052581A4201D08C
:107D400002231C43009B31009B1B0226280000934A
:107D5000FFF70AFE019B5F68002C41D0019BDB68A6
:107D6000022B10D0032B12D0012B06D1A20704D571
:107D7000029A126814431C420CD110232FE00124F4
:107D8000D4E70126E8E701230F9A9B1A0F930F9B74
:107D9000002BF2D02B69002002939B0004932B0050
:107DA000049A143399181A68541C1ED001321A60B0
:107DB0002B001433022E41D1019A00991268013A26
:107DC0008A420BD11F220098491102400120040071
:107DD00094408900CB58234200D0012620231E4323
:107DE0000E9B1D60079B1F60B1E601C39942DAD864
:107DF000AB68029A9A4218DB69680398013100F077
:107E000021F9041E04D1220084211C4B1C48C2E627
:107E100029002A690C31023292000C30FFF77BFCFA
:107E20002900039800F036F925002B695A1C2A61B5
:107E3000012204339B00EB185A60B9E72A690299C2
:107E40008A4209DD01212800FFF78EFD019B0137E1
:107E50009B68BB42C1DAE4E61F22009C0099012620
:107E600014401142BAD0049A9B18043B186800F0E1
:107E7000ABF920231B1B9842E4DBAFE72950040831
:107E80003A500408082370B520259A1A9200AD1ABA
:107E9000436804681E00AE40D3403443046043602E
:107EA00004308842F4D370BD30B503680C780133D8
:107EB000002C02D10360012030BD1A781500413D2D
:107EC000192D00D820320131A242EFD00020F3E773
:107ED000F0B50B688BB0019201995A1192008A1883
:107EE000029219001F22114008900691134202D0FD
:107EF000029B04330293029B00251F1F3E003C009F
:107F0000089B3D601B68079505930395059B01330E
:107F10000993059B5B780493002B28D00498FFF706
:107F200078FD002854D1049B202B19D8039B079A75
:107F3000934212DDB44206D2072D04DC2A00310040
:107F40002000FFF79FFF019B08259C4205D9261FB3
:107F500000253400039B35600793099B0593D5E703
:107F6000049B292B59D1059B089A02331360039B6C
:107F7000002B52D0B44206D2072D04DC2A00310077
:107F80002000FFF77FFF019B9C4235D91A00230098
:107F900002CB02C29F42FBD2029B621CD91E042369
:107FA000914205D3029B043B1B1B9B0801339B00A2
:107FB000019AD318002204C39F42FCD23B68002BD5
:107FC00004D1019B9F4226D101233B60052025E07F
:107FD000039B013501330393082D06DD019B9C4271
:107FE000BBD900230125043C23600F2223681040E5
:107FF0001B0103432360B0E7069B002BDED0202348
:10800000069A02999B1A01225242DA4004390B68FF
:1080100013400B60D2E7043FD0E704200BB0F0BD63
:1080200082B0002900D101A9101E06D0002B06D075
:1080300013780B601078431E984102B070470220FD
:108040004042FAE7436C70B506000C00002B12D0DA
:10805000736CA2009B181868002815D101210D002F
:10806000A5406A1D3000920002F076F8002809D081
:10807000446085600AE02122042102F06DF87064FA
:108080000028E5D1002070BD02681A60002303615A
:10809000C360F8E7002906D04A68436C92009B1839
:1080A0001A680A6019607047F7B50E0001900C005D
:1080B0001D0000200F6914363368013099B2514316
:1080C0001B0C534349190D0C5B191D0C89B21B0481
:1080D0005B1808C68742EFDC002D22D0A368BB42A4
:1080E00019DC616801980131FFF7ACFF061E05D16C
:1080F0003200BA210C4B0D4802F010F82100226921
:108100000C31023292000C30FFF705FB2100019880
:10811000FFF7C0FF34003B1D9B00E3185D607B1C34
:1081200023612000FEBDC046295004089A5004086F
:10813000F7B5060018000C0008300921019315005E
:10814000D8F792F80123002183420ADB3000FFF7C1
:1081500079FF011E08D10A00194B1A48D33101F0EA
:10816000DDFF5B000131EFE7089B43610123036101
:10817000092D18DD230009331F00009364193B7893
:108180000A223000303BFFF78FFF01370100A74282
:10819000F5D12C00009B083C1C192F00019B9F422D
:1081A00004DB0800FEBD09250A34F6E7631BDB5D2E
:1081B0000A223000303BFFF777FF01370100EDE77F
:1081C000295004089A5004080300020C002082423F
:1081D00001D11B0410301A0E01D108301B021A0FF6
:1081E00001D104301B019A0F01D102309B00002BFA
:1081F00003DB01305B0000D42020704703680100DE
:1082000007221800104013420DD0063A00201342F6
:1082100005D10230034203D0D34010000B607047F9
:108220009B080B60FBE79AB2002A01D110201B0CBF
:10823000DAB2002A01D108301B0A1A0701D1043032
:108240001B099A0701D102309B08DA07E9D40130F3
:108250005B08E6D12020E2E710B50C000121FFF712
:10826000F1FE002807D14621054C0200054B2000F5
:10827000FF3101F053FF01234461036110BDC0468B
:108280009A50040829500408F0B515000A692B69B2
:108290000C008BB09A4201DA2C000D0027692E6980
:1082A0006168BB190393A368BA19934200DA0131DC
:1082B000FFF7C8FE0290002806D1B121484B49487B
:1082C000029A490001F02AFF029B002214339C46C7
:1082D000BB199B0063440493634604998B422AD3E1
:1082E0002300BF00143314350893B600DB1905933F
:1082F000AB190993042306932300059A15330195BE
:108300009A4205D3131B153B9B0801339B00069330
:10831000019B099A934210D3039B002B05DD049B1C
:10832000043B04931B68002B56D0029B039A180051
:108330001A610BB0F0BD04C3CFE7019B186880B28F
:1083400000281ED067460025089E02CE3B68079392
:108350008BB243431A006B469B8BD3185B190D0CF1
:108360004543079A110C69181A0C8A189BB2150C10
:1083700012041A43059B04C7B342E6D86346069A23
:108380009D50019B1868000C20D063462500614673
:1083900000271B6814352A680E6892B24243360CD7
:1083A0009219D21916049BB21E430E6040CD4B6841
:1083B000360C46439BB2120CF3189B18059A1F0CFF
:1083C0000431AA42E7D8624606995350019B043310
:1083D000019304239C449BE7039B013B03939BE78E
:1083E000295004089A500408F7B503231500070024
:1083F0000E001A401D4208D01A49013A9200525804
:1084000000233100FFF750FE0600AD1027D03C6C72
:10841000002C07D138001449FFF71EFF0023040089
:108420003864036001231D420AD031002200380065
:10843000FFF72AFF310001903800FFF72BFE019E65
:108440006D100CD02068002807D1220021003800D0
:10845000FFF71AFF0023206003600400E2E730000A
:10846000FEBDC046E851040871020000F0B50C00E2
:1084700017002369551187B0EB180293013301935C
:108480004968A3680490019A934210DB0498FFF7AF
:10849000D9FD0023020006001900143298420CD1C5
:1084A000DF313200264B2748FF3101F037FE013122
:1084B0005B00E8E7980011500133AB42FADBEB4375
:1084C000DB171D401F2123003800AD00551922691C
:1084D00014339200084084469A180F422AD0013182
:1084E000091A05910021039567461868B8400843AA
:1084F000039901C10391059802CBC1409A42F3D878
:10850000200015300423824204D3131B153B9B0823
:1085100001339B00E950002902D0029B02330193F2
:10852000019B0498013B21003361FFF7B3FD30004C
:1085300007B0F0BD02CB02C59A42FBD8F0E7C046B7
:10854000295004089A50040830B50B6904690200E8
:10855000E01A9C420ED114329B0014311400C91849
:10856000D218043A043915680B689D4203D00120E3
:108570009D4203D330BD9442F3D3FBE74042F9E779
:10858000F0B50E0007001100300087B01400FFF7AF
:10859000DBFF051E10D101003800FFF753FD021E5E
:1085A00004D13F4B3F48404901F0B8FD01234561EC
:1085B0000361100007B0F0BD01230193002804DB24
:1085C000230034001E000023019338006168FFF788
:1085D00039FD021E03D1324B32483449E4E7019B96
:1085E0000027C360206914348300E318210001943C
:1085F00034000293336914349B00E318039313008F
:1086000014339C4605930491049B02CC20CB049325
:10861000ABB2DF198BB2FB1A090C2D0C6D1A1914B1
:1086200069189BB20F1409041943634602C39C46A0
:10863000039BA342E8D83100039C153104238C42EC
:1086400004D3A31B153B9B0801339B000199CD1854
:1086500005992E00CB189C4602998E4210D3029E9B
:10866000E91E00248E4204D331000331491B8908DE
:108670008C001B19043B196800290FD0106198E782
:1086800002CE8CB2E4190F0C21147918A4B20F1485
:1086900009042143644602C4A446DDE70138E9E742
:1086A000295004089A5004083702000045020000CF
:1086B00000200B4B19400B4BC918814206DC494284
:1086C0000B15132B03DC8021090319417047143B60
:1086D00001201E2B02DC80200006D8400021F5E797
:1086E0000000F07F0000C0FCF7B5060003691436F7
:1086F0009B00F3181D1F2C680F0020000193FFF74B
:1087000063FD2022121A3A6003001C4A0A2815DC75
:108710000B212700091ACF403A438C461100002252
:10872000AE4202D2019A083A126815339C40634661
:108730002700DA401743380003B0F0BD0027AE42EF
:1087400002D2019D083D2F680B2149428C469C4472
:108750000B2B10D0614620238C405B1A3900D94086
:108760000C43224311000022B54201D9043D2A687E
:108770006446A740DDE722431100DCE70000F03F3C
:10878000F7B5012114001D00089FFFF75BFC061ED2
:1087900005D13200244B2548254901F0BFFC2B03AD
:1087A0006D001B0B6D0D25D10193002C28D0684660
:1087B0000094FFF723FD019B009900281ED0202282
:1087C0001C00121A94402200C3400A4372610193B4
:1087D000019CB461631E9C4101343461002D17D0AB
:1087E0003524144BED182D183D60099B241A1C608C
:1087F0003000FEBD802252031343D5E77161E7E7E5
:1088000001A8FFF7FBFC019B012473612030E4E722
:10881000094BC018094B3860E3189B00F3185869DE
:10882000FFF7D2FC6401E0E7295004089A500408DD
:108830000F030000CDFBFFFFCEFBFFFFFFFFFF3F5D
:10884000F0B587B00F0004A90600FFF74DFF0090B8
:108850000191009C019D380005A9FFF745FF02909A
:108860000391029A039B30693969049E401A059965
:108870004001711A41180805002907DD01994518C2
:1088800020002900D8F766FF07B0F0BD03990B1A46
:10889000F6E770B51400050001391369491101317B
:1088A000890014349B004118E318A3420DD814002A
:1088B000113400259C4203D89B1A113B9B089D0054
:1088C00000234019814203D870BD40CC40C5ECE77D
:1088D00008C0F7E70200006910B514324B11984246
:1088E00013DB0CDD1F2408002040214207D0990033
:1088F0008C582100C140814001208C4204D19B0052
:10890000D318934203D8002010BD0300F7E7043BBF
:1089100019680029F5D00120F6E70300081E05D0EC
:10892000FF2A04D98A2201201A60404270470120A0
:108930000A70FBE7F0B5D9B01C000B9108920A90C1
:1089400001F056FB036818001C93D7F7E7FB0B9B5D
:1089500016909B891B0617D50B9B1B69002B13D107
:1089600040210A98FDF784F90B9B186018610028D4
:1089700007D10C230A9A13600D3B1793179859B02F
:10898000F0BD40230B9A5361002300222E932D93B8
:108990000E9300231492159300232FAF2C971F934F
:1089A0001E9312931B931D931793089D2B78002BF6
:1089B00002D0252B00D091E0089BEE1A9D4216D0E4
:1089C0003B602E9B7E609B192E932D9B08370133B5
:1089D0002D93072B08DD0B990A982CAA02F09EFA1A
:1089E000002800D0CFE12FAF179B9B1917932B784E
:1089F000002B01D101F09EF91B2200231EA9521861
:108A0000137001221E0052420135099218936B1C0B
:108A100013932B780F930F9820385A2801D900F020
:108A200020FED7F78DFB78001E061E0682001E066C
:108A30001E061E065D001E061E0684008C001E0615
:108A40008A0091001E06B200B400B400B400B40065
:108A5000B400B400B400B400B4001E061E061E0626
:108A60001E061E061E061E063B011E06E000F40042
:108A70003B013B013B011E061E061E061E06C700EB
:108A80001E061E06C7041E061E061E060A051E0634
:108A90002A051E061E065C051E061E061E061E066E
:108AA0001E061E061E061E063B011E06E000F60000
:108AB0003B013B013B01C900F600DC001E06D5006E
:108AC0001E06A704C904FA04DC001E060A0580007D
:108AD0002C051E061E067C051E068000013565E776
:108AE0000A9801F085FA436818001D93D7F716FB22
:108AF0001B900A9801F07CFA836812931B9B002B51
:108B000011D0129B002B0ED01B78002B0BD0802392
:108B1000DB001E4307E01B231EAA9B181A78002ABD
:108B200001D120321A70139D71E70123F1E708CCBF
:108B30001893002BF7DA5B4218930423E9E71B2311
:108B40001EAA9B182B22EDE7139A139B1278013370
:108B50000F922A2A10D0002209920F9A1393303ACA
:108B6000092A00D957E70A20099941438A1809922E
:108B70001A7801330F92F0E704CC0992002A02DA46
:108B80000122524209921393CDE78023C1E70022CC
:108B9000139B18920A21189A4A430F9930398A1860
:108BA00018921A00127801330F92303A1393092A5F
:108BB000F0D930E70823ACE7139B1B78682B05D16D
:108BC000139B0133139380239B00A2E74023A0E76C
:108BD000139B1B786C2B04D1139B0133139320231D
:108BE00097E7102395E7210004C93FAB0D911B21A6
:108BF0001A7000221EA809180A700C9201320992FC
:108C0000002208931500199210921192F1E110239D
:108C10001E43B30631D5072307349C43220018CAEC
:108C2000069307940D92079A0123002A0BDA069CFB
:108C3000079D00226142AA41069107921B221EA9AC
:108C400052182D2111700799069A0A43099901318A
:108C500001D101F07BF8802134008C43002A01D03F
:108C600001F079F8099A002A01D100F0EFFC012BFC
:108C700001D001F074F800F079FC220008CA0D92CE
:108C8000F20603D50693DB170793CCE7720601D5EE
:108C90001BB2F7E7B205F5D55BB2F3E7072307345C
:108CA0009C43220018CA0D92012214931594159B1F
:108CB000149D5C006408280021003E4B5242D9F705
:108CC00087FF002826D1012228002100394B52427B
:108CD000D7F7D6FB00281DD1149815990022002340
:108CE000D7F7C4FB002804D01B231EAA9B182D22F3
:108CF0001A70314B08930F9B472B01DD2F4B0893C4
:108D000080239E4300230C9303330993002319937C
:108D100000F078FC149A159B10001900D9F758FF41
:108D200000280ED0159B002B04DA1B231EAA9B18CB
:108D30002D221A70224B08930F9B472BE0DD214B0D
:108D4000DDE720230F9A9A431092412A23D1302243
:108D50000F9925AB1A704832612900D0203A5A7019
:108D600002231E43099B632B2EDD0A98591CFCF736
:108D70007FFF0890002800D016E20B9B9A894023C1
:108D800013430B9A93810B9B9B895B0600D4F5E5FB
:108D900001235B42F1E5099B0C90013300D106E20F
:108DA000109B472B14D1099B002B11D10133099340
:108DB0000EE0C046FFFFEF7FF4510408F8510408AD
:108DC000FC5104080052040800230C933FAB0893A5
:108DD00080235B0033431A93159B149D002B00DB0B
:108DE000E7E180221206944663440E932D232293DA
:108DF000109B412B00D0F5E1280026AA0E9901F026
:108E00001BF9FF2300229B05D9F79EF800220023BF
:108E100004000D00D7F724FB002801D0012326937E
:108E2000DA4B19930F9B612B01D0D94B1993089BF7
:108E30000E93099B013B11930022D64B2000290081
:108E4000D9F782F80D000400D9F7E0FE2190D9F798
:108E500013FF02000B0020002900D9F737FB0E9BFF
:108E60000D001A00013221990E922392199A0400E2
:108E7000525C1A70119B209301330AD0119B00227F
:108E8000013B1193200000232900D7F7E9FA0028BD
:108E9000D2D0002220002900BF4BD7F7FBFA0028D0
:108EA0000CD1002220002900BB4BD7F7D9FA0028AB
:108EB00000D191E1219BDB0700D48DE130200E9B96
:108EC0002A93199BDB7B2A9A013A2A9211789942BC
:108ED00000D171E14B1CDBB2392901D1199B9B7A7E
:108EE0001370239B089A269D9B1A0E93109B472B69
:108EF00000D0C4E1EB1C03DB099BAB4200DBE6E1E5
:108F00000F9B023B0F933C226B460F999B186C1EE4
:108F10001C3A00201B7826949143412902D10F333B
:108F2000DBB2013028A90B702B23002C02DA0124BC
:108F30000233641B4B70092C00DCBAE137230A258D
:108F40001EAA9B181093109B200009932900013B37
:108F50001093D7F76FFA109B303119702000290059
:108F60001194D7F781F9119B0400632BEBDC2A22C3
:108F7000099B1EA8991E121837200B0030340C7064
:108F80001EAC0019834200D28EE10023814204D836
:108F90001EAA39339B18099A9B1A2A221EA9521815
:108FA000D31828AA9B1A1E931E9A0E9B94466344BC
:108FB00009930E9B012B01DCF30704D5169A099B3C
:108FC0009446634409938022744B520033401A4301
:108FD00000231D001A9210931193229B1A9E19933D
:108FE000002B06D01B231EAA9B182D221A700023CB
:108FF0001993199B099A1A93934200DA1A921B2328
:109000001EAA9B181B785A1E93411A9AD3181A93BA
:10901000320002231A4020921E4202D01A9B0233D1
:109020001A93842332001A4021921E421FD1189BAA
:109030001A9A9C1A002C1ADD39002D9B58482E9A3A
:10904000013308313860102C00DD1CE37C60A4186B
:109050000F002E942D93072B09DD0B990A982CAA4B
:1090600001F05CFF002801D000F043FE2FAF1B226F
:109070001EA9521811782E9B002914D03A600122A3
:109080009B182E932D9B7A609B182D930837072BE6
:1090900009DD0B990A982CAA01F040FF002801D0A5
:1090A00000F027FE2FAF209A2E9B002A15D025AA6C
:1090B0003A6002229B182E932D9B7A6001332D93E8
:1090C0000837072B09DD0B990A982CAA01F026FF17
:1090D000002801D000F00DFE2FAF219B802B1FD167
:1090E000189B1A9A9C1A002C1ADD39002D9B2D48CA
:1090F0002E9A013308313860102C00DDD6E27C60F6
:10910000A4180F002E942D93072B09DD0B990A98B4
:109110002CAA01F003FF002801D000F0EAFD2FAFD8
:10912000199B099A9C1A002C1ADD39002D9B1D48A9
:109130002E9A013308313860102C00DDC9E2A218E4
:109140007C602E920F002D93072B09DD0B990A9856
:109150002CAA01F0E3FE002801D000F0CAFD2FAFD9
:109160002E9B1993F30500D5CEE2099A089B9446ED
:109170003B60099B7B60199B63442E932D9B0133BD
:109180002D93072B00DDA3E3083701E30452040805
:1091900015520408000030400000E03FFFFBFFFFD5
:1091A0002852040838520408089B0C9310E6062342
:1091B000FDE50E9300231AE6107084E61870013363
:1091C000CA1AFBD5209A0023013201DB209B013310
:1091D0000E9AD318239384E60E9A209930200E9B82
:1091E0005118EDE7109A0323099C462A06D0140073
:1091F000453C62425441099A013B14192AAA04923F
:1092000027AA039226AA029200932A000E9B0A988C
:10921000019401F07FF8109B0890472B03D1F307CE
:1092200001D42A9B5EE6089B1B191193109B462BC9
:1092300012D1089B1B78302B0AD100220023280072
:109240000E99D7F70DF9002802D101231B1B269395
:10925000119A269BD31811930022002328000E99FF
:10926000D7F7FEF8002801D0119B2A9330222A9BC1
:1092700011999942D5D9591C2A911A70F7E7109B78
:10928000462B00D03FE601223300099913400B43DF
:10929000002D2CDD002B46D00A00169BEB18D318AE
:1092A000099366230F9330E01C7801331470013268
:1092B00068E62A221EABD218002804D130232B22C4
:1092C0008B701EABD2183034531C147069E60E9BA1
:1092D000AB4212DD169A0E9B9446634409936723B2
:1092E0000F93002D11DC099B5B1B01330CE0002B5D
:1092F0001BD0169B099A0133D1E7672309950F9379
:10930000F30702D5169BEB18099380233200DB008C
:109310001A401192002210921E4200D15DE6954241
:1093200025DC119259E60995BBE7662309920F9354
:10933000EBE7AB420EDAED1A129B5B78002B12D0F2
:10934000119B01331193129B01331293129B1B78D3
:10935000FF2BEED1109A119B9B181B9A5343099A2D
:109360009B18099339E6109B01331093EEE7109B8D
:109370001193EBE7231D0D93B30609D52368179AC4
:109380001A60D2175A60139B0D9C0893FFF70DFBD0
:10939000F30603D52368179A1A60F4E7730603D51A
:1093A0002368179A1A80EEE7B605F3D52368179A53
:1093B0001A70E8E710231E432023300018401E4295
:1093C0000FD0193B07349C43220018CA0693079418
:1093D0000D92C94B1E4000231B221EA952180021CA
:1093E00030E4220008CA31000D92102211401642CA
:1093F00002D006930790ECE740223000104016425E
:1094000003D09BB206930791E3E7802231009200DC
:1094100011401642F6D0DBB2EBE7230004CBB7498C
:10942000069225AA1180B64A0D9300231F92782236
:10943000079302331E430F92CEE7230004CB002490
:109440000D931B2308921EAA9B181C70099B0133C5
:109450000ED02100099A089800F0E2FD0C90A0427D
:1094600000D10DE1089A831A099323000C944EE46D
:109470000898D6F753FE0990F7E710231E432023E0
:10948000300018401E4209D0193B07349C4322008B
:1094900018CA069307940D9201239DE7230004CB7D
:1094A00031000D93102319401E4203D006920790FD
:1094B0000F3B91E74023300018401E4203D093B287
:1094C00006930791E8E7802331009B0019401E4274
:1094D00003D0D3B206930790DEE70692F1E7894BFB
:1094E00030001F93202318401E421AD0193B073426
:1094F0009C43220018CA069307940D92F3070AD5DD
:10950000069B079A134306D0302225AB1A700F9A98
:109510005A7002231E43784B1E4002235CE7784BAF
:10952000DEE7230004CB31000D93102319401E42C7
:1095300002D006920790E1E74023300018401E4217
:1095400003D093B206930791D8E7802331009B00A4
:1095500019401E4202D0D3B20693EBE70692F2E71F
:10956000079B002B0AD1069B092B07D8E7231EAACD
:109570009B18069A30321A7000F018FC80260023DF
:10958000F6000E9358AD26400A220698079900234C
:10959000D6F7D8FF6B1E303208931A700E9B0C90D2
:1095A000013310910E93002E1DD0129B0E9A1B7842
:1095B0009A4218D1FF2A16D0079B002B02D1069B96
:1095C000092B10D9089B1B9A1D999B1A1800089308
:1095D000FDF7A9FF0022129B0E925B785A1E934161
:1095E000129AD3181293079B002B0FD1069B092BBD
:1095F0000CD8099B089A199358AB9B1A099300231E
:1096000026000C931D0010931193F2E40C9B089D0F
:109610000693109B0793B7E70F2058AB0893089B5E
:109620001F9A013B0893069B0340D35C089A137072
:10963000079B1907069B1A09079B11431B090793F0
:109640000B00079A06911343E9D1D2E758AA089272
:10965000002BCED1F607CCD51EAAE7339B183022BB
:1096600089E70F9B002B00D164E30F9A1B213FABCE
:109670001A7000221EA809180A700D94FFF7BDFA8F
:109680000C9BFFF744FB1020121878602E922D934C
:10969000072B08DD0B990A982CAA01F03FFC002843
:1096A00000D026E32FA90F00103CC5E410201218AB
:1096B00078602E922D93072B08DD0B990A982CAA1F
:1096C00001F02CFC002800D013E32FA90F00103C60
:1096D0000BE51020121878602E922D93072B08DDD1
:1096E0000B990A982CAA01F019FC002800D000E37D
:1096F0002FA90F00103C18E5FFFBFFFF307800009A
:1097000004520408155204080F9B652B00DC41E24B
:109710001498159900220023D6F7A2FE002877D0CE
:10972000CA4B3B6001237B60199B083701332E93A2
:109730002D9B01332D93072B08DD0B990A982CAA3A
:1097400001F0ECFB002800D0D3E22FAF269B0E9A4D
:10975000934201DBF3071BD51C9B169A3B60169BBB
:109760007B602E9B08379B182E932D9B01332D93E6
:10977000072B08DD0B990A982CAA01F0CFFB0028D3
:1097800000D0B6E22FAF0E9B10255C1E002C2EDC05
:10979000760700D590E2189B1A9A934200DA1300DC
:1097A000179AD31817932E9B002B07D00B990A9862
:1097B0002CAA01F0B3FB002800D09AE200232D93DD
:1097C0000C9B002B00D0B0E22FAFDCE510327D60A7
:1097D0002E922D93072B08DD0B990A982CAA01F0E5
:1097E0009DFB002800D084E22FA90F00103C390017
:1097F0002D9B97482E9A013308313860102CE5DCF8
:109800007C60A4182E940F002D93072BC0DD5FE021
:10981000269B002B78DC8D4B3B6001237B60199BE2
:10982000083701332E932D9B01332D93072B08DD31
:109830000B990A982CAA01F071FB002800D058E27D
:109840002FAF0E99269B2E9A0B43012131400B43DB
:109850009ED01C9B3B60169B7B609A182D9B2E9282
:1098600001332D930837072B08DD0B990A982CAA92
:1098700001F054FB002800D03BE22FAF269C002CC7
:1098800019DA3800102564422D99714A2E9B013156
:1098900008370260102C25DC4460E4182E942D91CA
:1098A000072908DD0B990A982CAA01F037FB00283C
:1098B00000D01EE22FAF089B2E9A3B600E9BD21861
:1098C0002E922D9A7B6001322D92072A00DC5BE4F8
:1098D0000B990A982CAA01F021FB002800D008E27D
:1098E0002FAF55E7103345602E932D91072908DDE2
:1098F0000B990A982CAA01F011FB002800D0F8E17E
:109900002FAF3800103CBFE70E9B2C009D4200DDBE
:109910001C00002C14DD089B7C603B60199B083701
:10992000E3182E932D9B01332D93072B08DD0B9904
:109930000A982CAA01F0F2FA002800D0D9E12FAF42
:10994000E343DB171C402C1B002C18DD39002D9B3A
:109950003F482E9A013308313860102C7ADC7C6045
:10996000A4180F002E942D93072B08DD0B990A984D
:109970002CAA01F0D3FA002800D0BAE12FAF089B3F
:109980005D1973050BD5119B002B76D1109B002B15
:1099900076D1089B0E9A9B189D4200D91D00269BEC
:1099A0000E9A934201DBF30716D51C9B169A3B6077
:1099B000169B7B602E9B08379B182E932D9B0133A3
:1099C0002D93072B08DD0B990A982CAA01F0A6FA13
:1099D000002800D08DE12FAF0E9A089B9446269C5C
:1099E00063445B1B141B9C4200DD1C002E9B002C5F
:1099F00012DDE3182E932D9B3D6001337C602D9387
:109A00000837072B08DD0B990A982CAA01F086FA73
:109A1000002800D06DE12FAF0E9A269B1025D31A97
:109A2000E243D21714401C1B002C00DCB0E63900C6
:109A30002D9B07482E9A013308313860102C00DD29
:109A400096E012197C602E92DDE6C046265204088C
:109A5000385204081020121878602E922D93072B8C
:109A600008DD0B990A982CAA01F058FA002800D0BA
:109A70003FE12FA90F00103C68E7109B002B5DD041
:109A8000109B013B10931D9B1B9A3B601B9B7B60B3
:109A90002E9B08379B182E932D9B01332D93072B5C
:109AA00008DD0B990A982CAA01F038FA002800D09A
:109AB0001FE12FAF089B0E9A9C18129B641B1B780A
:109AC0009C4200DD1C002E9B002C12DDE3182E931F
:109AD0002D9B3D6001337C602D930837072B08DDFB
:109AE0000B990A982CAA01F019FA002800D000E17D
:109AF0002FAF129B1A78E343DB171C40141B002C7A
:109B000018DD39002D9BAA482E9A013308313860A0
:109B1000102C1ADC12197C602E920F002D93072B4B
:109B200008DD0B990A982CAA01F0F8F9002800D05A
:109B3000DFE02FAF129B1B78ED1824E7129B013B4F
:109B40001293119B013B11939DE71020121878602E
:109B50002E922D93072B08DD0B990A982CAA01F061
:109B6000DDF9002800D0C4E02FA90F00103CC8E7A1
:109B700010327D602E922D93072B08DD0B990A98E9
:109B80002CAA01F0CBF9002800D0B2E02FA90F00D9
:109B9000103C4CE73C0019992D9B0E9A0131013382
:109BA0000834012A03DC0122164200D17FE0089A22
:109BB0002E913A6001222D937A60072B08DD0B99D4
:109BC0000A982CAA01F0AAF9002800D091E02FAC45
:109BD0001C9B169A2360169B63602E9B08349B186F
:109BE0002E932D9B01332D93072B07DD0B990A989C
:109BF0002CAA01F093F900287BD12FAC2D9B0022D9
:109C00001498159909930E9B2E9F5D1E0023D6F77D
:109C100027FC002826D1089B099A01330E9923605E
:109C20007B1E01325B1865602E932D920834072A43
:109C300007DD0B990A982CAA01F070F9002858D179
:109C40002FAC28AB23601E9B1E9A63602E9B9B1833
:109C50002E932D9B01332D93072B00DD38E608341E
:109C6000270095E51027002DEBDD21002D9B5048A6
:109C70002E9A013308312060102D07DC65600C003E
:109C8000AD182E952D93072BDBDDD2E710326760E0
:109C90002E922D93072B07DD0B990A982CAA01F021
:109CA0003DF9002825D12FA90C00103DDDE70898CB
:109CB0002E9105C72D93E6E7189B1A9A10259C1A3A
:109CC000002C00DC67E52D9B3A492E9A0133396060
:109CD000102C19DC7C60A4182E942D93072B00DC2B
:109CE00059E50B990A982CAA01F018F9002800D11F
:109CF00051E50C9B002B01D1FFF745F819000A989C
:109D0000FDF780FDFFF73FF810327D602E922D9316
:109D10000837072B07DD0B990A982CAA01F0FEF8EB
:109D20000028E6D12FAF103CCDE70C990A98FDF73B
:109D300069FD49E52E9B002B01D1FFF724F80B9913
:109D40000A982CAA01F0EAF8FFF71DF83400002A5F
:109D500001D1FEF78CFF012B01D1FFF701FC022B93
:109D600000D159E4072558AB0893089A1300013B2A
:109D70000893069B08992B4030330B7007994E07C8
:109D80000699C80807990643C90807913100079842
:109D900006960143E9D1E10700D42AE4302B00D133
:109DA00027E43021089B013B1970931E089320E49F
:109DB000385204082852040870B505000C1E02D160
:109DC0000026300070BD002804D0436B002B01D169
:109DD000FDF78EFA636EDB0705D4A3899B0502D4D9
:109DE000A06DFDF783FC0C22A35E002B09D1626EEF
:109DF000013316001E401A42E2D1A06DFDF777FC38
:109E0000DFE72100280000F037F8E36A0600002BA6
:109E100006D02800E1699847002801DA0126764239
:109E2000A3891B0603D528002169FDF7EBFC216BF4
:109E3000002908D023004033994202D02800FDF7C2
:109E4000E1FC00232363616C002904D02800FDF7A6
:109E5000D9FC00236364FDF73BFA0023A381636E02
:109E6000DB0702D4A06DFDF742FCA06DFDF73DFCC1
:109E7000FDF736FAA5E70000F7B50C23CA5E0C0023
:109E8000050091B2130764D480231B011343626859
:109E9000A381002A04DCE26B002A01DC0020FEBD65
:109EA000A76A002FFAD0002280202E682A601A00AC
:109EB0004001E1690240034238D0206DA3895B076D
:109EC00006D56368C01A236B002B01D0E36BC01A60
:109ED000020000232800A76AE169B847A289431C51
:109EE00006D129681D2930D82C4B0B41DB072CD417
:109EF0002B4B13400022626022691BB2A3812260B7
:109F0000DB0405D5431C02D12B68002B00D1206552
:109F1000216B2E600029C1D023004033994202D02A
:109F20002800FDF76FFC00202063B8E7012328001C
:109F3000B847431CC2D12B68002BBFD01D2B01D0CA
:109F4000162B01D12E60A9E7A28940231343A381D8
:109F5000A5E72669002EA1D027682660BB1B0193C8
:109F60000023890700D16369A360019B002B00DCFB
:109F700094E7636A32001F002800019BE169B8473B
:109F8000002806DC40230120A28940421343A3811C
:109F900085E7019B36181B1A0193E6E7FEFFBFDF3A
:109FA000FFF7FFFF70B505000C00002804D0436BDD
:109FB000002B01D1FDF79CF90C22A35E1E1E15D0CB
:109FC000626ED20704D49B0502D4A06DFDF78EFB10
:109FD00021002800FFF750FF636E0600DB0705D461
:109FE000A3899B0502D4A06DFDF781FB300070BDF5
:109FF00000487047C807002070B5074C074D641B28
:10A00000A410002C02D102F021F970BD013CA30084
:10A01000EB589847F5E7C046205304081C53040842
:10A02000C9B28218904201D10020704703788B4258
:10A03000FBD00130F6E7000070B514000025256064
:10A04000104D4B000A005B08AB421ADC1D000543B3
:10A0500017D00D4D294209D100220C4BD7F774FFC0
:10A0600036250A004B006D425B082560084D1B1524
:10A070005B192568EB182360064B1A40064B134307
:10A08000190070BDFFFFEF7F0000F07F000050431C
:10A0900002FCFFFFFFFF0F800000E03FF7B51C4F01
:10A0A00004003868160001930091FDF71FFB194A60
:10A0B0001368002B01D1184B13605A6838681F2AA7
:10A0C00004DDFDF714FB01204042FEBD002C14D03E
:10A0D000910059180F0088373E6001271E009740F5
:10A0E0008536FF367568FC313D437560019DCD6056
:10A0F000022C02D1B1683943B160511C596002325F
:10A1000000999200D150FDF7F2FA0020DDE7C04639
:10A110006C09002000A3012004A301207FB51400D6
:10A120001A00094B05001B680E00D868074B002C6D
:10A1300001D1074B1C000749019302942B000096A4
:10A1400000F0DCFE01F0DDFE680900204852040842
:10A150008352040855520408F8B500240B0C160C61
:10A16000A34233D1A64221D18BB291B25943FBF71E
:10A170007FFD051E33D00300083B5A6803239A4332
:10A18000043A242A32D80300132A0AD9046044600E
:10A1900008331B2A05D98460C460242A21D0030017
:10A1A000103300221A605A609A6018E0331C0D1CAC
:10A1B00089B292B24A43ADB299B26943130CC9183D
:10A1C0000B0C07D1090492B21143D0E7002E01D144
:10A1D000151CEDE7FDF75EFA0C230025036028004F
:10A1E000F8BD0300046118334461DAE70021FDF78C
:10A1F00066F9F4E7F0B502690B6989B007000491CC
:10A2000000209A4269DB013B9C0001930B00143350
:10A2100006931B1905933B00143303931C19059BEC
:10A2200026681D68300001352900D5F793FF02909C
:10A23000AE4229D3069B00269C46039D06966246A5
:10A2400008CA28689446029A99B251431B0C53439A
:10A2500089190A0C9B1807931E0C069B82B2D21810
:10A260006B4689B29B8B521A010CC91A1314CB1876
:10A27000191492B21B04134308C5059B069163454C
:10A28000DDD22368002B30D038000499FEF75CF94A
:10A29000002821DB38000026029B049C0133029336
:10A2A00014301434036802CC9DB2AD198AB2AA1AD4
:10A2B000090C1B0C5B1A11145B181E1492B21B04C0
:10A2C000134308C0059BA342ECD2019B039A9B0059
:10A2D000D3181A68002A15D0029809B0F0BD236877
:10A2E000002B06D1019B013B0193039B043CA3423D
:10A2F000F5D3019B3B61C7E71A68002A06D1019A92
:10A30000013A0192039A043B9A42F5D3019B3B61C7
:10A31000E2E70000F0B514001D00816B9DB00894C9
:10A320000995259E0490002909D00123C26B934012
:10A330004A608B60FDF7AEFE0023049A9363002D04
:10A340001EDA012333606B005B080993099FB54B4C
:10A35000B44A3B40934216D1B34B249A13603B035B
:10A360001B0B234301D100F0B2FDB04B269A06939C
:10A37000002A02D0AE4B269A136006981DB0F0BD9D
:10A3800000233360E2E7089A099B1092119310981A
:10A39000119900220023D6F763F8061E09D0012385
:10A3A000249A1360A34B0693269B002BE5D0A24B67
:10A3B000E1E71AAB01931BAB00930498109A119B31
:10A3C000FEF7DEF97A000590520D00D17BE0119B7B
:10A3D00017961903994B090B0B4399495718109875
:10A3E000119919000022974BD8F770F8964A974BAD
:10A3F000D7F7AAFD964A974BD6F74CFE04003800D3
:10A400000D00D8F739FC944A944BD7F79DFD020014
:10A410000B0020002900D6F73DFE04000D00D8F700
:10A42000F5FB00220390002320002900D6F71EF838
:10A4300000280BD00398D8F71FFC2B002200D6F77A
:10A440000FF843425841039B1B1A039301231693B1
:10A45000039B162B10D810981199039A804BD200A9
:10A460009B181A685B68D6F701F8002847D0039B51
:10A47000013B03930023169300221A9B0A92DB1BD5
:10A480005A1E3ED50122D31A0A9300230C93039B34
:10A49000002B38DB039A0C9B944663440C930023F7
:10A4A00013920D93229B0124092B67D8052B02DD03
:10A4B0000024043B2293229B981E032867D8D5F7DB
:10A4C00035FE2B3A385B1B9B1A9EF618654BF2182B
:10A4D000202A0FDD40239B1A9F40634B3800F3185E
:10A4E000DC402043D8F7F8FB0122604B771ECB18E5
:10A4F000179276E7202320009B1A9840F2E71690E7
:10A50000BAE70C92C3E70A9B039A9B1A0A93534239
:10A510000D9300231393C5E700230F93239B0B9305
:10A520000793002B13DC01231A000B93079323924C
:10A530000DE00123F1E70023239A0F939446039B38
:10A5400063440B9301330793002B00DC01230021AC
:10A5500004221000143098421DD9049B1800D963BE
:10A56000FDF770FD0690002818D1B021404B4148FE
:10A57000069AFF31FFF7D2FD0123DDE700230F9498
:10A580002293013B0B93079300221333CFE7012360
:10A590000F93023BF6E701315200DAE7049B069A7B
:10A5A0009A63079B0E2B00D9E3E0002C00D1E0E07A
:10A5B000039B002B62DD0F21039A294B0A40D20036
:10A5C0009B181E685F68039B02241D11DB050AD5DA
:10A5D000294B0D401A6A5B6A10981199D7F7BAF89F
:10A5E000089009910134244B0E93002D08D108984E
:10A5F000099932003B00D7F7ADF80890099158E06F
:10A6000001231D4209D0E4180E9B30001A685B68D4
:10A610003900D7F799FC06000F000E9B6D10083328
:10A62000E2E7C0460000F07F0F2700008D520408CB
:10A630009052040826520408275204080000F03FF4
:10A6400001FCFFFF0000F83F61436F63A787D23F23
:10A65000B3C8608B288AC63FFB799F501344D33F11
:10A66000205104083204000012040000000010FE13
:10A670002950040891520408F8500408039B02244E
:10A68000002B16D0109811990F225D422A40DD4B05
:10A69000D2009B181A685B68D7F756FC0127002385
:10A6A00008900991D84E2D11002D00D091E0002B7B
:10A6B000A3D1089E099F169B002B00D194E0002295
:10A6C00030003900D14BD5F7D1FE002800D18BE006
:10A6D000079B002B00D187E00B9B002B45DD039BE4
:10A6E0000022013B0E933000C94B3900D7F72CFCF8
:10A6F000089009910B9B01342000089E099F12933A
:10A70000D8F7BAFA32003B00D7F71EFC0022C14B43
:10A71000D6F7C0FCC04A14901591149B159C944622
:10A7200008930994159B634418930993129B002B7B
:10A730005ED10022B94B30003900D7F7C7FE089A26
:10A74000189B04000D00D5F7A5FE002800D0B3E249
:10A75000B3481599844661440B0020002900089AEB
:10A76000D5F784FE002800D0A3E2109B119C08932B
:10A7700009941B9B002B00DA79E1039A0E2A00DD75
:10A7800075E1A04BD2009B181E685F68239B002BCD
:10A7900000DBE5E0079B002B00DDE1E000D088E274
:10A7A0000022300039009D4BD7F7CEFB089A099B59
:10A7B000D5F77AFE079E3700002800D05FE2069B9F
:10A7C000069A0133089331231370039B01330393DB
:10A7D0005AE23D4205D032687368D7F7B5FB3B00BB
:10A7E00001346D1008365FE7039B0E93079B83E7E8
:10A7F000129A844B013AD2000F999B18089C099D2C
:10A800001A685B68002951D000208649D6F7A2FF5C
:10A8100022002B00D7F75AFE069A040094460D003A
:10A82000069B1493129B6344189339003000D8F7A9
:10A83000EDF91290D8F720FA02000B003000390031
:10A84000D7F744FE149B149A01330893129B060019
:10A850003033137022002B000F00D5F707FE0028BD
:10A8600074D132003B0000206849D7F72FFE220048
:10A870002B00D5F7FBFD002800D0D7E0189B089AE5
:10A88000934200D171E7002220002900604BD7F7E6
:10A890005BFB5F4B04000D00300039000022D7F74E
:10A8A00053FB089B06000F001493BEE7200029000D
:10A8B000D7F74AFB069A069B94460893129B14907E
:10A8C00015916344199330003900D8F79FF9189017
:10A8D000D8F7D2F902000B0030003900D7F7F6FDA7
:10A8E000189E089B3036199A1E70013304000D0023
:10A8F000089393422DD114981599069A129B944669
:10A90000634400220893474BD6F7C4FB02000B00B8
:10A9100020002900D5F7BEFD002800D086E0149A5B
:10A92000159B00203F49D7F7D1FD02000B00200006
:10A930002900D5F79BFD002800D116E7089B1A00D7
:10A94000013A08921278302AF8D008930E9B0393AC
:10A9500046E000222E4BD7F7F7FA06000F00B2E7C9
:10A96000069B069A0A93079B089C099D013B9B182E
:10A970000B9332003B0020002900D6F7EBFED8F7FE
:10A9800045F90790D8F778F932003B00D7F7DCFAA1
:10A9900002000B0020002900D7F798FD0A9B1A003F
:10A9A00001320A920892079A30321A700B9A9A4230
:10A9B0004FD102000B00D6F76DFB32003B000400C4
:10A9C0000D00D5F767FD00282ED132003B00200096
:10A9D0002900D5F745FD002802D0079BDE0723D4C8
:10A9E00005990498FDF756FB0023089A1370039B02
:10A9F000249A01331360269B002B00D1BDE4089AF2
:10AA00001A60BAE420510408F85004080000F03F2E
:10AA10000000244000001C400000C0FC0000144066
:10AA20000000C07C0000E03F039B0E93089B08934E
:10AA3000013B1A78392A08D1069A9A42F7D10E9A20
:10AA4000069901320E9230220A701A7801321A7079
:10AA50007CE70022A94BD7F777FA002200230400F5
:10AA60000D00D5F7FDFC002800D182E7B8E70F9F65
:10AA70000D9D0A9C002F12D0229A012A6EDC179A93
:10AA8000002A65D09E4A9B180A9A0121D2180A9280
:10AA90000C9A0498D3180C93FDF7DEFB0700002CEA
:10AAA0000ED00C9B002B0BDD0C9A2300944200DD92
:10AAB00013000A9AE41AD21A0A920C9AD31A0C9327
:10AAC0000D9B002B1ED00F9B002B5CD0002D10DDAA
:10AAD00039002A000498FDF787FC059A0100070059
:10AAE0000498FDF7D1FB060005990498FDF7D2FA0A
:10AAF00005960D9B5A1BAB4204D005990498FDF7AF
:10AB000073FC059001210498FDF7A6FB139B06003A
:10AB1000002B3ADD1A0001000498FDF765FC229B2A
:10AB200006000025012B38DC0025089BAB4230D104
:10AB3000099B1B03AB422CD1724B099A134228D0BC
:10AB40000A9B013501330A930C9B01330C9320E0DF
:10AB500036231A9A0D9D0A9C9B1A95E7079B5D1E4A
:10AB60000D9BAB4207DB5D1B079B0A9C002B8BDA1E
:10AB7000E41A002388E70D9B139AEB1AD3180D955E
:10AB800013930025F0E70D9AB7E7229B0025012BD0
:10AB9000CADD139B0120002B08D0336903339B00CF
:10ABA000F3185868FDF710FB2023181A0C9B18188F
:10ABB00002001F231A40184247D001339B1A042B6E
:10ABC0003FDD1C239B1A0A9AE418D2180A920C9AA9
:10ABD000D3180C930A9B002B05DD1A0005990498E5
:10ABE000FDF744FC05900C9B002B05DD31001A009D
:10ABF0000498FDF73BFC0600169B002B27D0310084
:10AC00000598FDF7A1FC002821DA039B0A22013BED
:10AC10000393059900230498FDF746FA0F9B0590CE
:10AC2000002B00D15DE1002339000A220498FDF7D2
:10AC30003BFA0B9B0700002B49DC229B022B0EDC0E
:10AC400045E0042BC6D01C33BDE71300FBE7079B90
:10AC5000002B36DC229B022B33DD079B0B930B9BD7
:10AC6000002B0CD1310005220498FDF71DFA0600D7
:10AC700001000598FDF768FC002800DD9FE5239B97
:10AC8000DB430393069B0893002531000498FDF7EE
:10AC900001FA002F00D1A3E6002D05D0BD4203D05C
:10ACA00029000498FDF7F6F939000498FDF7F2F948
:10ACB00096E600263700E2E70E9B129E03933700CC
:10ACC0007DE50F9B002B00D1C3E0079B0B93002C6D
:10ACD00005DD390022000498FDF7C8FB07003800A5
:10ACE000002D24D079680498FDF7ACF9041E11D129
:10ACF0002200054B054806493CE4C04600002440BC
:10AD0000330400000000F07F295004089152040829
:10AD1000EF02000039003A690C31023292000C3027
:10AD2000FCF7F9FC012221000498FDF79FFB069B2C
:10AD30000B9A0793013B9B1801223D0007000E93DD
:10AD4000089B13400D9331000598FFF753FA290033
:10AD500004000B900598FDF7F7FB3A000C903100CA
:10AD60000498FDF70DFC0122C368303408900A9264
:10AD7000002B04D101000598FDF7E6FB0A90089925
:10AD80000498FDF787F9079B0A9A01330893229BE1
:10AD900013430D9A134309D1392C22D00C9B002B5D
:10ADA00001DD0B9C3134079B1C706EE70C9B002B64
:10ADB00004DB229A13430D9A13431ED10A9B002BE6
:10ADC000F1DD059901220498FDF750FB3100059053
:10ADD000FDF7BAFB002802DCE5D1E307E3D5392C07
:10ADE000DFD13923079A1370089B0893013B1A7827
:10ADF000392A63D001321A7047E70A9B002B03DD22
:10AE0000392CEED00134CEE7079B079A1C700E9BBD
:10AE100093423ED000230A2205990498FDF744F995
:10AE2000002305900A2229000498BD4206D1FDF7AF
:10AE30003BF905000700089B079384E7FDF734F909
:10AE40003900050000230A220498FDF72DF90700B8
:10AE5000F1E7079B0B93002531000598FFF7CAF92E
:10AE6000069B303058550B9B01350400AB4207DD83
:10AE700000230A2205990498FDF716F90590EBE7DF
:10AE80000B9A0123002A00DD13000025069AD3182F
:10AE90000893059901220498FDF7E8FA310005901E
:10AEA000FDF752FB00289FDC01D1E4079CD4089BEE
:10AEB0000893013B1A78302AFAD0E6E6069A9A42BD
:10AEC00093D1039B0133039331231370DDE6094BC8
:10AED000269A0693084B002A01D0FFF74CFAFFF799
:10AEE0004CFA0B9B002BB6DC229B022B00DDB6E656
:10AEF000B1E7C046845204088C5204080EB417B55A
:10AF0000054C05AB04CB01002068019300F0BEF8AE
:10AF10001EBC08BC03B0184768090020F0B51368D0
:10AF200087B017000393936800220C0005900292EB
:10AF3000019293420DD1002000237B6007B0F0BD49
:10AF4000039B1B680293039B5B680193039B08337D
:10AF50000393019AA6682368002AF1D0B2422ED347
:10AF60009021A289C9000A4229D0032021695B1AD5
:10AF7000049363694343DD0FED18049B019801338B
:10AF80001B186D10AB4200D91D00520532D52900A7
:10AF90000598FAF76DFE061E36D0049A2169FCF773
:10AFA000BAFBA2891E4B1A4080231343A381049B42
:10AFB0002661F61826606561019EED1AA560019B69
:10AFC0009E4200D91E00320002992068FCF764FA04
:10AFD000019AA36894469B1BA36023689B19236076
:10AFE000029B63440293BB689B1ABB60A3D00023FF
:10AFF0000193AEE72A000598FBF782F8061ED6D12A
:10B0000021690598FCF7FEFB0C23059A01201360CB
:10B01000A28934331343A38100234042BB608BE7F2
:10B020007FFBFFFFF0B5936885B001900D00140021
:10B03000181E18D04B6E9B0424D5176800263B6859
:10B0400002937B6800939B080393039BB3420EDC3F
:10B050000322009BA0689343C01AA0600837002811
:10B06000ECD10023A3600023636005B0F0BD02991A
:10B07000B300C9582A00019800F01AFF431CF0D011
:10B080000136E2E7019800F013FDEAE7F0B5C1B040
:10B090001C001F00069003910792002804D0436B08
:10B0A000002B01D1FCF724F9039B5B6EDB0707D46F
:10B0B000039B9B899B0503D4039B986DFCF716FBB0
:10B0C000039B0C229A5E80239B011A4207D11343F3
:10B0D000039A9381536EA34A1340039A5366039BCA
:10B0E0009B891B0703D5039B1B69002B18D1039970
:10B0F000069800F03BFE002812D0039B5B6EDB0736
:10B1000005D501235B420893089841B0F0BD039B2D
:10B110009B899B05F5D4039B986DFCF7E8FAF0E753
:10B120001A22039B9B891A400A2A16D1039A0E21E0
:10B13000525E002A11DB039A526ED20705D49B059A
:10B1400003D4039B986DFCF7D2FA2300079A039966
:10B15000069800F069FC0890D6E7002317AD149517
:10B16000169315930C930D930E930F930893079CCE
:10B170002378002B02D0252B00D08DE0079BE61A08
:10B180009C4216D02B60169B6E609B191693159BE4
:10B19000083501331593072B08DD0399069814AA87
:10B1A000FFF740FF002800D0D9E317AD089B9B199B
:10B1B00008932378002B01D100F0F6FB002212A99E
:10B1C000CA700121631C14004942059109925A1C5E
:10B1D0001B780792180020385A2800D962E3D4F768
:10B1E000AFFF7800610361038100610361036103C4
:10B1F0005D006103610383008B00610389008F00A0
:10B200006103AD00AF00AF00AF00AF00AF00AF0013
:10B21000AF00AF00AF00610361036103610361032D
:10B220006103610361036103DA00E6006103610306
:10B2300061036103610361036103610361036103EE
:10B240004301610361036103820161037C026103C5
:10B250006103AE0261036103610361036103610382
:10B260006103610361036103DA00E80061036103C4
:10B270006103C300E800D6006103CF00610326012B
:10B2800045017401D600610382017F007E026103E3
:10B290006103CD0261037F00013469E70698FEF780
:10B2A000A7FE436818000F93D4F738FF0E90069856
:10B2B000FEF79EFE83680D930E9B002B10D00D9B16
:10B2C000002B0DD01B78002B0AD08023DB001C4301
:10B2D00006E012ABDA780333002A01D120321A706B
:10B2E000079B74E70123F2E708CF0993002BF7DAF5
:10B2F0005B4209930423EAE72B2212ABDA70EFE7F3
:10B30000079B5A1C1B782A2B0FD00021059119008E
:10B3100030390792092900D95CE70A20059B43438D
:10B320005B18059313780132F1E708CF0593002BE2
:10B3300002DA01235B4205930792D1E78023C6E737
:10B340000021079A09910A200999303B41435B1873
:10B35000099313001B78013219003039079209292B
:10B36000F1D937E7FFDFFFFF079B1B78682B05D17B
:10B37000079B0133079380239B00A8E74023A6E7A0
:10B38000079B1B786C2B04D1079B01330793202369
:10B390009DE710239BE73A0008CA27AE33700023CD
:10B3A000049212AAD37001220B930592B0E01023ED
:10B3B0001C43A3062AD5072307379F4339000CC92E
:10B3C000009201930491019A0123002A09DA009E58
:10B3D000019F00227142BA41009101922D2112AACF
:10B3E000D1700199009A0A430599013100D1E9E22F
:10B3F000802127008F43002A00D0E7E2059A002A27
:10B4000000D143E2012B00D0E3E2E7E13A0008CAB1
:10B410000492E20603D50093DB170193D3E762069B
:10B4200001D51BB2F7E7A205F5D55BB2F3E73B1DEB
:10B430000493A30606D53B68089A1A60D2175A608F
:10B44000049F94E6E30603D53B68089A1A60F7E781
:10B45000630603D53B68089A1A80F1E7A405F3D583
:10B460003B68089A1A70EBE710231C432023200046
:10B4700018401C420DD0193B07379F4339000CC9B7
:10B48000009201930491CC4B1C400023002112AA8E
:10B49000A6E73A0008CA2100049210221140144283
:10B4A00002D000930190EEE74022200010401442A9
:10B4B00003D09BB200930191E5E780222100920026
:10B4C00011401442F6D0DBB2EBE73B0004CBBB49A2
:10B4D00004930023009213AA1180B94A0193023306
:10B4E0001C430C92D2E73B00002740CB049312ABE5
:10B4F000DF70059B013300D1EAE039003000059A86
:10B50000FEF78EFD0B90B84202D0831B05930B977C
:10B510000B9B059A0A93934200DA0A9212AB03330B
:10B520001B785A1E93410A9AD3180A9322000223C9
:10B530001A4010921C4202D00A9B02330A938423C1
:10B5400022001A4011921C421ED1099B0A9A9F1A8E
:10B55000002F19DD2900159B9A48169A01330831EE
:10B560002860102F00DDA7E16F60BF180D0016974F
:10B570001593072B08DD0399069814AAFFF752FDCF
:10B58000002800D0EBE117AD12A9C878169A159BD8
:10B590000331002812D0296001210133521869605B
:10B5A000169215930835072B08DD0399069814AAFF
:10B5B000FFF738FD002800D0D1E117AD1099169A99
:10B5C000159B002913D013A92960022101335218B9
:10B5D0006960169215930835072B08DD03990698C4
:10B5E00014AAFFF71FFD002800D0B8E117AD119B8A
:10B5F000802B1ED1099B0A9A9F1A002F19DD290062
:10B60000159B7148169A013308312860102F00DD10
:10B6100064E16F60BF180D0016971593072B08DDC6
:10B620000399069814AAFFF7FDFC002800D096E1C4
:10B6300017AD0B9B059A9F1A002F19DD2900159B4A
:10B640006148169A013308312860102F00DD57E158
:10B650006F60BF180D0016971593072B08DD03992F
:10B66000069814AAFFF7DEFC002800D077E117AD9A
:10B67000059B059A6B60169B2E609B181693159B75
:10B68000083501331593072B08DD0399069814AA92
:10B69000FFF7C8FC002800D061E117AD640700D5B2
:10B6A00040E1099B0A9A934200DA1300089AD318E2
:10B6B0000893169B002B07D00399069814AAFFF74E
:10B6C000B1FC002800D04AE1002317AD1593B7E67E
:10B6D0003000D4F723FD059019E710231C432023E5
:10B6E000200018401C4209D0193B07379F433900FE
:10B6F0000CC90092019304910123C7E63B0004CBDF
:10B7000021000493102319401C4203D000920190A1
:10B710000F3BBBE64023200018401C4203D093B2ED
:10B7200000930191E8E7802321009B0019401C420F
:10B7300003D0D3B200930190DEE70092F1E7234AF1
:10B7400020000C9220221040144219D0193A0737D9
:10B750009743380006C8009101920490E20709D58A
:10B76000009A01990A4305D013AA3021537002238D
:10B7700011701C43104B1C40022387E6104ADFE780
:10B78000390004C92600049110210E400C4202D059
:10B7900000920190E2E74021200008400C4203D0D3
:10B7A00092B200920196D9E78021260089000E40CE
:10B7B0000C42F6D0D2B2EBE7FFFBFFFF307800007F
:10B7C00004520408E9520408F95204081552040806
:10B7D000019B002B09D1009B092B06D8B72612AB81
:10B7E000F618009B3033337015E180230024DB0012
:10B7F0003B4040AE0A930A22009801990023D4F7F7
:10B80000A1FE0A9B013E30320B9010913270013440
:10B81000002B1AD00D9B1B78A34216D1FF2C14D0FD
:10B82000019B002B02D1009B092B0ED90E9B0F9977
:10B83000F61A1A003000FBF776FE0D9B00245B78A9
:10B840005A1E93410D9AD3180D93019B002B03D1DF
:10B85000009B092B00D8DEE00B9B0093109B01930B
:10B86000C9E70F20009B0C9A0340D35C013E337064
:10B87000019B1907009B1A09019B11431B090193A6
:10B880000B00019A00911343ECD1C4E040AE002BB1
:10B8900000D0C0E0E40700D4BDE0B72612ABF61834
:10B8A0003023A0E7002B00D17EE027AE33700023C9
:10B8B00012AAD370049776E51020121868601692C9
:10B8C0001593072B07DD0399069814AAFFF7AAFB27
:10B8D000002844D117A90D00103F3BE61020121894
:10B8E000686016921593072B07DD0399069814AA32
:10B8F000FFF798FB002832D117A90D00103F7EE614
:10B9000010201218686016921593072B07DD039913
:10B91000069814AAFFF786FB002820D117A90D006E
:10B92000103F8BE6099B0A9A10269C1A002C00DC1B
:10B93000B7E615993B4A169B01312A60102C22DC90
:10B940006C60E41816941591072900DCA9E60399A8
:10B95000069814AAFFF766FB002800D1A1E6039B16
:10B960005B6EDB0707D4039B9B899B0503D4039B7A
:10B97000986DFBF7BCFE039B9B895B0601D4FFF728
:10B98000C3FBFFF7BEFB10336E60169315910835AD
:10B99000072907DD0399069814AAFFF743FB00283F
:10B9A000DDD117AD103CC4E7169B002B02D100235C
:10B9B0001593D4E70399069814AAFFF733FB0028E0
:10B9C000F5D0CCE72700002A00D11BE5012B00D1E0
:10B9D000FEE640AE022B00D143E707239C466346B8
:10B9E000009932000B400199013E4C070099303319
:10B9F000C80801990443C9080191210001983370D6
:10BA000000940143EBD1F90705D5302B03D0302347
:10BA1000013E3370961E059B3C000B9340AB9B1B75
:10BA2000059375E5E9520408F0B5150002221E4C95
:10BA30001F008B89A54493436A4693814B6E060091
:10BA40001993CB8916A8D381CB690C0007934B6A55
:10BA500009931AAB009304938023DB0002930593B0
:10BA600000230693FBF740FE2A003B0069463000A6
:10BA7000FFF70CFB051E07DB69463000FEF792FA64
:10BA8000002801D001256D426B469A8940231A4255
:10BA900002D0A2891343A3811698FBF726FE280043
:10BAA000024B9D44F0BDC04694FBFFFF6C040000B8
:10BAB000F0B5936887B00C0002900492002B02D17D
:10BAC000002007B0F0BD8B891B0757D50B69002BF1
:10BAD00054D0049B02221B680193A3891F001740C6
:10BAE000134271D1012201211A400B4200D1A5E07D
:10BAF00038003E000397039B002B00D10BE1002888
:10BB00000AD11A000A213000FEF78AFA039B5F1C53
:10BB1000002801D00130871B039B05979F4200D965
:10BB2000059320682269A5686369904200D8FBE00C
:10BB3000059AED18AA4200DCF6E031002A00FBF776
:10BB4000ABFC236821005B1902982360FEF72AFAF8
:10BB500000286ED101207F1B05D121000298FEF73D
:10BB600021FA002865D1039B049A5B1B0393049B75
:10BB700076199B685B1B9360BDD1A1E721000298F9
:10BB800000F0F4F80028A4D00120404299E7019B7E
:10BB90001E685D6808330193676AE169002DF6D07D
:10BBA0006E4A2B00954200D9130032000298B84724
:10BBB00000283EDD049B049A9B6836181B1A2D1A38
:10BBC0009360002BE8D17BE700263500E4E7019B7A
:10BBD0001B680393019B5D68083301930C22A35EED
:10BBE0002068A668002DF2D0802189009AB20B420D
:10BBF00062D0AE4237D89023DB001A4233D021699D
:10BC0000431A0320059363694343DF0FFF18059B25
:10BC10007F1001335B19BB4200D91F0052053CD590
:10BC200039000298FAF724F8061E0AD10C23029A6A
:10BC300013604023A2891343A381A5E71500039253
:10BC4000CCE7059A2169FBF766FDA289444B1A40AF
:10BC500080231343A381059B2661F61826602E00DE
:10BC60006761FF1AA7602F00AE4200D92E00320094
:10BC700003992068FBF710FCA3689B1BA360236853
:10BC80009B192360039B049ADB190393049BED1B10
:10BC90009B68DB1B9360A1D112E73A000298FAF788
:10BCA0002FFA061ED7D121690298FBF7ABFD80223F
:10BCB000A3899343A381B9E72369834202D36769C8
:10BCC000AF4216D9AE4200D92E0032000399FBF7DD
:10BCD000E3FBA36822689B1B92193700A3602260D4
:10BCE000002BCFD121000298FEF75CF90028C9D0C3
:10BCF0009FE71C4B28009D4200D91B483900D4F710
:10BD0000B3FA3B00666A4343039AE1690298B0477D
:10BD1000071EB7DC8DE7019B00201E685B6803935C
:10BD2000019B08330193E6E6059A934208DC656AB5
:10BD30003200E1690298A847051E00DD0AE778E7AE
:10BD4000059A3100FBF7A8FB059AA36815009B1A1A
:10BD5000A36023689B182360FCE6C04600FCFF7FBD
:10BD60007FFBFFFFFEFFFF7FFFFFFF7F304B70B5C4
:10BD7000050018680C00002804D0436B002B01D18B
:10BD8000FBF7B6FA0C23E25E93B2110723D4D9066F
:10BD900007D4092301202B6037331343A38140428A
:10BDA00070BD5B0713D5216B002908D023004033F9
:10BDB000994202D02800FBF725FD002323632422AB
:10BDC000A3899343A381002363602369236008232D
:10BDD000A2891343A3812369002B0BD1A0218022C8
:10BDE000A389890092000B40934203D021002800D0
:10BDF00000F0D4F80C22A35E01201A0099B2024090
:10BE000003420FD00022A26062695242A261002068
:10BE100022698242C4D10906C2D540221343A381BC
:10BE20000138BDE7880700D46269A260EFE7C04629
:10BE300068090020F0B585B00E0015000190FBF7F1
:10BE4000C1FB0400012819D1731EFE2B16D802ABCA
:10BE50001E710027A74220D003ABD95DAB68013B20
:10BE6000AB60002B04DAAA69934219DB0A2917D0C8
:10BE70002B685A1C2A6019700137EBE72B0032003F
:10BE800001985C3303A900F043F80400431CE0D19F
:10BE900040230600AA891343AB81300005B0F0BDF2
:10BEA0002A00019800F0B8F8431CE5D10600F4E739
:10BEB000536E70B505000E001400DB0705D493899E
:10BEC0009B0502D4906DFBF711FC0C23E25E8023EE
:10BED0009B011A4204D11A43A281626E1343636626
:10BEE000280022003100FFF7A5FF636E0500DB0785
:10BEF00005D4A3899B0502D4A06DFBF7F8FB2800AD
:10BF000070BD062010B500F005F9012000F096F98B
:10BF10007FB51D00094B0400E0331E682B0000298B
:10BF200001D10A0001A92000B047431C03D100231E
:10BF30002B608A33236004B070BDC046D806002051
:10BF400070B50E001D000E23C95E140096B00029C6
:10BF500009DAB2898023110019401A4218D0002151
:10BF6000403B080010E06A4600F0DEF80028F0DBF5
:10BF7000F02301991B021940074B8020C9184B423E
:10BF8000594180230001DB002960236016B070BD99
:10BF90008023DB00E5E7C04600E0FFFFF7B502269F
:10BFA0008B8905000C00334206D023004333236005
:10BFB000236101236361F7BD6A4601ABFFF7C0FF50
:10BFC000009907002800F9F753FE002808D10C2239
:10BFD000A35E9A05EFD4032293431E43A681E4E7B0
:10BFE0008023A28920601343A381009B20616361A9
:10BFF000019B002B0CD028000E23E15E00F0A6F878
:10C00000002805D00323A2899A43023B1343A3814E
:10C01000A3893B43A381CEE7F8B506000D001400C9
:10C02000002804D0436B002B01D1FBF761F9A36911
:10C03000A360A3891B072ED52369002B2BD00C23CB
:10C04000E25E80239B01EFB2EDB21A422CD023694D
:10C050002068C01A6369834205DC21003000FDF7C7
:10C06000A1FF00281DD1A3680130013BA360236814
:10C070005A1C22601F706369834204D0A389DB07C6
:10C0800007D50A2D05D121003000FDF78BFF0028D0
:10C0900007D12800F8BD21003000FFF767FE002817
:10C0A000CDD001256D42F4E71343A381024A636EAC
:10C0B00013406366CBE7C046FFDFFFFF70B50400A7
:10C0C0000D001F2904D9162303600120404270BDD2
:10C0D0000300FC33DB69002B04D08A009B181A682C
:10C0E000002A08D1200000F055F82A0001002000A5
:10C0F00000F03EF8EBE70020012AE8D0511C03D104
:10C10000162301302360E2E7002428001C609047DA
:10C110002000DCE710B5034B01001868FFF7CEFFE5
:10C1200010BDC04668090020002370B5064D04000C
:10C13000080011002B6000F039F8431C03D12B6874
:10C14000002B00D0236070BDF8A20120002370B541
:10C15000064D040008002B6000F038F8431C03D1A2
:10C160002B68002B00D0236070BDC046F8A20120D0
:10C17000002370B5064D0400080011002B6000F08C
:10C180002DF8431C03D12B68002B00D0236070BD19
:10C19000F8A2012010B500F011F810BD58220120BE
:10C1A000014B40421A607047F8A20120582201203A
:10C1B000014B40421A607047F8A20120582201202A
:10C1C000014B40421A607047F8A201205822024BEE
:10C1D00000201A607047C046F8A2012058220120B2
:10C1E000014B40421A607047F8A2012058220120FA
:10C1F000014B40421A607047F8A2012058220120EA
:10C20000014B40421A607047F8A20120054A030022
:10C210001168002901D1044911601068C318136026
:10C220007047C04694A4012098A401205822012000
:10C23000014B40421A607047F8A20120FEE700005F
:10C24000F8B5C046F8BC08BC9E467047F8B5C04675
:10C25000F8BC08BC9E46704701B40248844601BC45
:08C26000604700BF71090020D6
:10C26800081C3044586C8000000000000000483072
:10C2780031523000503031523000483233523000A1
:10C288004832335231004832335233004830375243
:10C298003300483038523600503038523600483073
:10C2A800395230004830395239004831425236004C
:10C2B8004831325230004831335237004830465204
:10C2C800310048304652360048304652370048312F
:10C2D800415232004830415239004831445231000D
:10C2E80048314452350048304252340048313852BF
:10C2F800300048323652300048313552300048312B
:10C3080030523400483241523300483431523600FA
:10C31800483342523600483138523100483146528B
:10C3280035004833425232004832315232004831E7
:10C3380037523100483135523800483242523000C5
:10C348004830355230004833425237004832425262
:10C3580031004830375238004830385237004831B9
:10C368003652360000000000000000000000000007
:10C378006D650000616C6C0069660000666F720094
:10C388004A616E00466562004D617200417072003C
:10C398004D6179004A756E004A756C0041756700F9
:10C3A800536570004F6374004E6F760044656300F8
:10C3B8004D6F6E646179000054756573646179002E
:10C3C8005765646E6573646179000000546875721E
:10C3D8007364617900000000467269646179000045
:10C3E80053617475726461790000000053756E645E
:10C3F800617900000A0D54686973206D6F64756C6B
:10C40800652077696C6C20626520666F726365646D
:10C4180020696E746F20626F6F746C6F61646572EF
:10C42800206D6F64652E0A0D506C6561736520750B
:10C43800736520746865202253544D20466C6173DF
:10C4480068204C6F616465722044656D6F6E73740B
:10C458007261746F72222009090909090909092002
:10C46800207574696C69747920746F2075706461C3
:10C47800746520746865206669726D776172652ECF
:10C488000A0D0A092A2A2A20496D706F7274616E92
:10C4980074202A2A2A0A0D49662074686973206D57
:10C4A8006F64756C6520697320636F6E6E65637465
:10C4B8006564206469726563746C7920746F2050B8
:10C4C8004320706C6561736520636C6F73652074BD
:10C4D80068697320706F72742066697273742E0AAB
:10C4E8000D0000000A0D4D6F64756C6520256420F1
:10C4F80077696C6C20626520666F72636564206979
:10C508006E746F20626F6F746C6F61646572206DFA
:10C518006F64652E000000000A0D52656D6F74652A
:10C528002075706461746520766961206D6F64752B
:10C538006C652025642C20706F727420502564204F
:10C5480077696C6C206265207472696767657265CB
:10C55800642E00000A0D506C656173652075736563
:10C5680020746865202253544D20466C61736820FE
:10C578004C6F616465722044656D6F6E737472618F
:10C58800746F7222207574696C69747920746F20D5
:10C5980075706461746520746865206669726D776A
:10C5A8006172652E0909090909090909090909209A
:10C5B80020200A0D0A092A2A2A20496D706F7274F0
:10C5C800616E74202A2A2A0A0D2D20496620746873
:10C5D8006973206D6F64756C6520697320636F6E75
:10C5E8006E6563746564206469726563746C792030
:10C5F800746F20504320706C6561736520636C6FA5
:10C608007365207468697320706F7274206669722C
:10C6180073742E0A0D090909090909090909090983
:10C628002020202D20596F75206D75737420706F30
:10C63800776572206379636C652074686520656E20
:10C6480074697265206172726179206166746572BD
:10C65800207468652075706461746520697320664C
:10C66800696E69736865642E0A0D00000D0A424FF1
:10C67800532E726573706F6E73653A20616C6C2C03
:10C68800206D6573736167652C20636C692C206E5F
:10C698006F6E650D0A0000000D0A424F532E74722A
:10C6A8006163653A20616C6C2C206D6573736167FA
:10C6B800652C20726573706F6E73652C206E6F6EBB
:10C6C800650D0A00424F532E636C6962617564728E
:10C6D8006174653A20434C492062617564726174E3
:10C6E800652E2044656661756C7420697320393243
:10C6F800313630302E205468697320616666656370
:10C70800747320616C6C20706F7274732E2049668C
:10C7180020796F75206368616E6765207468697336
:10C728002076616C75652C20202020202020202078
:10C73800202020796F75206D75737420636F6E6E7D
:10C7480065637420746F206120434C4920706F72B8
:10C7580074206F6E206561636820737461727475EC
:10C768007020746F20726573746F7265206F7468BF
:10C77800657220617272617920706F7274732069BA
:10C788006E746F2064656661756C7420626175648F
:10C79800726174650D0A0000424F532E6465626F22
:10C7A800756E63653A2031202E2E2E2E2E2E2E2EBB
:10C7B8002E2E2E2E203635353336206D7365630DBB
:10C7C8000A000000424F532E73696E676C65636CF4
:10C7D80069636B74696D653A2031202E2E2E2E2EDA
:10C7E800203635353336206D7365630D0A00000039
:10C7F800424F532E6D696E696E746572636C69631E
:10C808006B74696D653A2031202E2E2E2032353515
:10C81800206D7365630D0A00424F532E6D61786970
:10C828006E746572636C69636B74696D653A203107
:10C83800202E2E2E20323535206D7365630D0A00AB
:10C848003D0000003E0000003C0000003E3D0000AE
:10C858003C3D0000213D00000A0D284D6F64756CB9
:10C86800653A506F7274290909000000502564095F
:10C87800000000000A0A0D004D6F64756C652025E4
:10C88800643A0900090000002564090025643A2576
:10C89800640900000A0D00000A0000000A0D54682F
:10C8A80065736520706F727473206172652072659C
:10C8B8007665727365643A000A0D4D6F64756C6530
:10C8C800202564203A205025640000000A0A0D4102
:10C8D8006C6C206F7468657220706F72747320615D
:10C8E8007265206E6F726D616C0A0D000A0D2A2A3E
:10C8F8002A204D6F64756C6520256420537461741B
:10C908007573202A2A2A0A000A0D436F6E6E656322
:10C918007465642076696120706F72743A205025BE
:10C92800640A0D000A0D4669726D7761726520769A
:10C93800657273696F6E3A2025642E25642E25640E
:10C94800000000004F637420203820323032340059
:10C958000A0D4669726D7761726520646174653A83
:10C96800202020202573000031323A33343A303504
:10C97800000000000A0D4669726D776172652074C7
:10C98800696D653A2020202025730A0D00000000FB
:10C998000A0D506F727473205374617475733A0A78
:10C9A8000A0D00005025643A2000000046726565B3
:10C9B8000A0D0000526563656976696E67206D65CA
:10C9C8007373616765730A0D000000005374726524
:10C9D800616D696E670A0D00526563656976696EF7
:10C9E80067207573657220636F6D6D616E64730A7D
:10C9F8000D000000436F6E6E656374656420746F8C
:10CA0800206120627574746F6E2F73776974636820
:10CA18000A0D00000A0D444D412053747265616D82
:10CA280073205374617475733A0A0D000A0D5374B8
:10CA38007265616D696E6720444D412025642069E7
:10CA480073206672656500000A0D53747265616D26
:10CA5800696E6720444D41202564206973207374F2
:10CA68007265616D696E672066726F6D205025640E
:10CA780020746F20502564000A0D54686573652082
:10CA8800706F727473206172652072657665727357
:10CA980065643A2000000000502564200000000072
:10CAA8004E6F6E6500000000A24F0008B04F0008EE
:10CAB800BE4F0008CC4F0008DA4F00086D65000033
:10CAC800616C6C00C85A0008445700086057000899
:10CAD8007E570008AC570008DA5700081A580008B3
:10CAE8005A58000844570008CC5A0008145900083E
:10CAF800345900085659000888590008BA590008DE
:10CB0800FE590008545A0008145900086C5D0008C2
:10CB1800745D00087C5D0008845D00088C5D000879
:10CB2800E25D0008EA5D0008F25D0008FA5D0008B1
:10CB3800025E0008257320253032642F25303264C8
:10CB48002F25303464000000253032643A25303215
:10CB5800643A253032640000081C3044586C800068
:10CB68000A0D0A0D3D3D3D3D3D3D3D3D3D3D3D3DB3
:10CB78003D3D3D3D3D3D3D3D3D3D3D3D3D3D3D3DDD
:10CB88003D3D3D3D3D3D3D3D3D3D3D3D3D3D3D3DCD
:10CB98003D3D3D3D3D3D3D3D0920202020200A0DE5
:10CBA8003D3D3D3D3D3D3D3D3D3D3D3D3D3D3D3DAD
:10CBB8003D3D3D3D3D3D3D3D3D3D3D3D3D3D3D3D9D
:10CBC8003D3D3D3D3D3D3D3D3D3D3D3D3D3D3D3D8D
:10CBD8003D3D3D3D0920202020200A0D7C7C202061
:10CBE8002020202020202020202057656C636F6D96
:10CBF8006520746F204269747A4F5320434C492151
:10CC080020202020202020202020202020207C7C64
:10CC18000909200A0D7C7C20202020202020284380
:10CC28002920434F505952494748542048455841B4
:10CC38004249545A20323031372D323032342E2086
:10CC4800202020202020207C7C0920202020200A51
:10CC58000D7C7C2020202020202020202020202027
:10CC680020202020202020202020202020202020BC
:10CC780020202020202020202020202020202020AC
:10CC88002020207C7C0909200A0D7C7C2020202083
:10CC98002020506C6561736520636865636B207440
:10CCA80068652070726F6A6563742077656273695E
:10CCB8007465206174202020202020207C7C0909B4
:10CCC800200A0D7C7C2020202020202020202020CD
:10CCD8002020687474703A2F2F68657861626974CF
:10CCE8007A2E636F6D2F20202020202020202020E6
:10CCF80020202020207C7C0920202020200A0D7C58
:10CD08007C202020202020202020202020202020BF
:10CD1800202020202020202020202020202020200B
:10CD280020202020202020202020202020202020FB
:10CD3800207C7C0920202020200A0D7C7C202020BB
:10CD4800547970652068656C7020666F7220612068
:10CD58006C697374206F6620617661696C61626CBE
:10CD68006520636F6D6D616E64732E20207C7C0975
:10CD780020202020200A0D3D3D3D3D3D3D3D3D3DCF
:10CD88003D3D3D3D3D3D3D3D3D3D3D3D3D3D3D3DCB
:10CD98003D3D3D3D3D3D3D3D3D3D3D3D3D3D3D3DBB
:10CDA8003D3D3D3D3D3D3D3D3D3D3D092020202053
:10CDB800200A0D3D3D3D3D3D3D3D3D3D3D3D3D3D1B
:10CDC8003D3D3D3D3D3D3D3D3D3D3D3D3D3D3D3D8B
:10CDD8003D3D3D3D3D3D3D3D3D3D3D3D3D3D3D3D7B
:10CDE8003D3D3D3D3D3D3D0920202020200A0A0DC6
:10CDF800000000000D0A00000D0A5B507265737395
:10CE080020454E54455220746F20657865637574CB
:10CE180065207468652070726576696F7573206324
:10CE28006F6D6D616E6420616761696E5D0D0A3EAC
:10CE380000000000436F6E6E656374656420746F54
:10CE4800206D6F64756C6520256420282573292C56
:10CE580020706F7274205025642E0A0A0D3E00005F
:10CE6800696620000A43616E6E6F742073746F7276
:10CE780065206D6F726520436F6D6D616E64205320
:10CE88006E6970706574732E20506C6561736520CF
:10CE980064656C657465206578697374696E67206C
:10CEA8006F6E657320616E642074727920616761AA
:10CEB800696E2E0A0D000000656E64206966000028
:10CEC800000000000A436F6E646974696F6E616CDC
:10CED8002073746174656D656E7420616363657039
:10CEE80074656420616E6420616464656420746F95
:10CEF80020436F6D6D616E6420536E697070657448
:10CF0800732E0A0D00000000626F730057726F6E77
:10CF180067206D6F64756C65206E616D65212050AA
:10CF28006C656173652074727920616761696E2E22
:10CF38000A0D000057726F6E67206D6F64756C651F
:10CF48002049442120506C656173652074727920F2
:10CF5800616761696E2E0A0D00000000436F6D6DF8
:10CF6800616E642062726F616463617374656420CA
:10CF7800746F20616C6C0A0D0000000025734D75FC
:10CF88006C74696361737420436F6D6D616E6420A6
:10CF9800666F7277617264656420746F2067726F60
:10CFA80075702025730A0D00757064617465000042
:10CFB800436F6D6D616E6420666F72776172646530
:10CFC8006420746F204D6F64756C652025640A0DAC
:10CFD8000000000025734D6F64756C652025642082
:10CFE8006973206E6F7420726561636861626C6535
:10CFF8002E0A0D00636C69636B656400646F75626B
:10D008006C6520636C69636B65640000707265739E
:10D0180073656420666F72200000000072656C659D
:10D028006173656420666F722000000020000000B4
:10D038009A720008F87100080C7200082072000843
:10D04800427200085672000878720008081C3044C2
:10D05800586C80003D3D003E00003C00003E3D0015
:10D068003C3D00213D00000072756E2D74696D65B0
:10D078002D7374617473000072756E2D74696D651B
:10D088002D73746174733A0D0A20446973706C616E
:10D09800792061207461626C652073686F77696EAE
:10D0A8006720686F77206D7563682070726F63659D
:10D0B8007373696E672074696D65206561636820A4
:10D0C8004672656552544F53207461736B206861D2
:10D0D8007320757365640D0A0D0A000070D002088C
:10D0E80080D00208A1750008000000007461736B0D
:10D0F8002D737461747300007461736B2D737461A4
:10D1080074733A0D0A20446973706C617920612048
:10D118007461626C652073686F77696E67207468E4
:10D1280065207374617465206F662065616368208B
:10D138004672656552544F53207461736B0D0A0D26
:10D148000A000000F4D0020800D102086175000846
:10D158000000000070696E670000000070696E676B
:10D168003A0D0A2050696E672061206D6F64756CF6
:10D17800650D0A0D0A0000005CD1020864D102089E
:10D18800E1750008000000007570646174650000B6
:10D198007570646174653A0D0A205075742074685E
:10D1A80065206D6F64756C6520696E2066616374B7
:10D1B8006F727920626F6F746C6F61646572206D35
:10D1C8006F646520746F207570646174652069747C
:10D1D80073206669726D776172652E0D0A0A0909F6
:10D1E8000909090920202D205573652027236E2E53
:10D1F8007570646174652720746F2075706461743C
:10D20800652072656D6F7465206D6F64756C65203F
:10D218006E2E204D616B652073757265207468658C
:10D228002070726F6772616D6D696E6720706F72C2
:10D23800742069732074686520696E636F6D696E08
:10D248006720706F7274206F662074686973206D30
:10D258006F64756C652E0D0A0909090909092020F2
:10D268002D20557365202775706461746520766973
:10D278006120236E2070782720746F2075736520D5
:10D2880074686520535420466C617368204C6F6144
:10D2980064657220746F6F6C2077697468206D6F95
:10D2A80064756C65206E2C20706F72742078207401
:10D2B8006F207570646174652061206E65696768A8
:10D2C800626F72206D6F64756C652E205468697387
:10D2D8002069732075736566756C20696620090975
:10D2E8000909090909746172676574206D6F6475AD
:10D2F8006C65206973206E6F742070617274206F82
:10D30800662074686520746F706F6C6F6779206F22
:10D31800722069662070726F6772616D6D696E67E1
:10D3280020706F7274206973206E6F7420696E208C
:10D338007468652073686F727465737420706174A3
:10D348006820746F20746172676574206D6F6475EE
:10D358006C652E0D0A0D0A0090D1020898D10208BA
:10D3680079760008FF00000072657365740000009C
:10D3780072657365743A0D0A20526573657420747A
:10D388006865206D6F64756C650D0A0D0A000000F4
:10D3980070D3020878D302087578000800000000EE
:10D3A8006E616D65000000006E616D653A0D0A20C2
:10D3B8004E616D6520746865206D6F64756C6520BD
:10D3C8007769746820616E20616C69617320283107
:10D3D8007374207061722E290D0A0D0A0000000076
:10D3E800A8D30208B0D3020885780008010000001D
:10D3F80067726F757000000067726F75703A0D0A7A
:10D408002047726F7570206D756C7469706C65203B
:10D418006D6F64756C65732028326E642B207061A3
:10D42800722E2920696E746F2061206E6577206FD7
:10D4380072206578697374696E672067726F75709A
:10D448002028317374207061722E290D0A0D0A008C
:10D45800F8D3020800D402086D790008FF00000024
:10D4680073746174757300007374617475733A0D25
:10D478000A20446973706C6179206D6F64756C65FE
:10D48800207374617475730D0A0D0A0068D402085C
:10D4980070D40208697C000800000000696E666F9D
:10D4A80000000000696E666F3A0D0A2044697370C7
:10D4B8006C617920617272617920696E666F726D34
:10D4C8006174696F6E0D0A0D0A000000A4D4020889
:10D4D800ACD40208857C0008000000007363617307
:10D4E8007400000073636173743A0D0A2053746109
:10D4F800727420612073696E676C652D6361737443
:10D5080020444D412073747265616D2E20536F75F0
:10D5180072636520706F7274202831737420706193
:10D52800722E292C20736F75726365206D6F647578
:10D538006C652028326E64207061722E292C20645C
:10D54800657374696E6174696F6E20706F72742090
:10D5580028337264207061722E292C20202020200C
:10D5680020202020202020202020202020202020B3
:10D578002064657374696E6174696F6E206D6F6481
:10D58800756C652028347468207061722E292C20EF
:10D59800646972656374696F6E202827666F727795
:10D5A800617264272C20276261636B77617264273C
:10D5B8002C20276269646972656374696F6E616C97
:10D5C80027292028357468207061722E292C207430
:10D5D80072616E7366657220636F756E742028625F
:10D5E80079746573292028367468207061722E2931
:10D5F8002C207472616E736665722074696D656F34
:10D60800757420286D73292028377468207061721A
:10D618002E290D0A0D0A0000E4D40208ECD40208F1
:10D62800817D0008070000006164642D62757474D0
:10D638006F6E00006164642D627574746F6E3A0DCC
:10D648000A20446566696E65206120627574746F8E
:10D658006E206174206F6E65206F66207468652087
:10D66800617272617920706F7274732E20427574C2
:10D67800746F6E20747970652028276D6F6D656EE4
:10D68800746172792D6E6F272C20276D6F6D656E12
:10D69800746172792D6E63272C20276F6E6F666612
:10D6A8002D6E6F272C20276F6E6F66662D6E632791
:10D6B8002928317374207061722E292C20427574C8
:10D6C800746F6E20706F72742028326E64207061DF
:10D6D800722E290D0A0D0A0030D602083CD602081F
:10D6E8005D8000080200000072656D6F76652D622E
:10D6F8007574746F6E00000072656D6F76652D62CB
:10D708007574746F6E3A0D0A2052656D6F766520D8
:10D718006120627574746F6E20746861742077611B
:10D72800732070726576696F75736C7920646566AD
:10D73800696E6564206174207468697320706F7203
:10D74800742028317374207061722E290D0A0D0A15
:10D7580000000000F0D6020800D70208AD810008DA
:10D7680001000000736574007365743A0D0A205354
:10D778006574206120706172616D6574657220281E
:10D78800317374207061722E292077697468206162
:10D7980020676976656E2076616C75652028326E23
:10D7A80064207061722E290D0A0D0A006CD70208D8
:10D7B80070D7020841820008FF0000006765740006
:10D7C8006765743A0D0A204765742074686520639C
:10D7D800757272656E742076616C7565206F66204F
:10D7E8006120706172616D6574657220283173748F
:10D7F800207061722E290D0A0D0A0000C4D7020894
:10D80800C8D70208398E0008FF0000006465666109
:10D81800756C740064656661756C743A0D0A205401
:10D82800797065202764656661756C742070617213
:10D83800616D732720746F2073657420616C6C2090
:10D84800706172616D657465727320746F206465B0
:10D858006661756C742076616C7565730D0A205469
:10D86800797065202764656661756C7420617272D1
:10D8780061792720746F2072656D6F7665206375F6
:10D888007272656E7420746F706F6C6F67790D0AB1
:10D898000D0A000014D802081CD80208ED910008EF
:10D8A8000100000074696D650000000074696D6511
:10D8B8003A0D0A20446973706C617920637572723D
:10D8C800656E742074696D6520696E2048483A4D0C
:10D8D8004D3A53532D6D73656320666F726D617495
:10D8E8000D0A0D0A00000000ACD80208B4D80208DE
:10D8F800E192000800000000646174650000000007
:10D90800646174653A0D0A20446973706C6179200A
:10D9180063757272656E74206461746520696E2027
:10D928005765656B646179204D4D2F44442F5959D3
:10D93800595920666F726D61740D0A0D0A00000056
:10D9480000D9020808D90208B993000800000000AD
:10D958007365742D626175647261746500000000FE
:10D968007365742D62617564726174653A0D0A207D
:10D978005365742055415254206261756472617414
:10D98800650D0A092831737420706172616D6574C0
:10D998006572293A20503120746F2050360D0A09DB
:10D9A80028326E6420706172616D65746572293AFF
:10D9B8002062617564726174650D0A0D0A000000C9
:10D9C80058D9020868D90208ED930008020000003F
:10D9D8007575696400000000757569643A0D0A2060
:10D9E800446973706C6179204D435520756E697177
:10D9F8007565205549440D0A0D0A0000D8D902085A
:10DA0800E0D90208AD940008000000006964636F63
:10DA1800646500006964636F64653A0D0A204469AF
:10DA280073706C6179204D4355204944434F4445F8
:10DA380020284445565F494420616E64205245566B
:10DA48005F4944290D0A0D0A0000000014DA020893
:10DA58001CDA02081D95000800000000666C61735E
:10DA6800682D73697A650000666C6173682D736947
:10DA78007A653A0D0A20446973706C6179204D43C8
:10DA88005520466C6173682073697A6520696E2039
:10DA98004B62797465730D0A0D0A000064DA020896
:10DAA80070DA0208FD95000800000000736E6970C6
:10DAB80000000000736E69703A0D0A2044697370A3
:10DAC8006C61792061206C697374206F66207374AF
:10DAD8006F72656420436F6D6D616E6420536E696B
:10DAE800707065747320746F2065646974206F7238
:10DAF8002064656C6574650D0A0D0A00B4DA0208C5
:10DB0800BCDA020831960008000000006163742D39
:10DB1800736E6970000000006163742D736E697024
:10DB28003A0D0A2041637469766174652061204367
:10DB38006F6D6D616E6420536E69707065740D0A47
:10DB48000D0A000014DB020820DB0208DD9900083A
:10DB58000100000070617573652D736E69700000B7
:10DB680070617573652D736E69703A0D0A20506186
:10DB7800757365206120436F6D6D616E6420536E0F
:10DB880069707065740D0A0D0A0000005CDB0208FC
:10DB980068DB0208959A00080100000064656C2D96
:10DBA800736E69700000000064656C2D736E697097
:10DBB8003A0D0A2044656C657465206120436F6DD9
:10DBC8006D616E6420536E69707065740D0A0D0A7C
:10DBD80000000000A4DB0208B0DB02084D9B00082F
:10DBE800010000006272696467650000627269641E
:10DBF80067653A0D0A204272696467652074776F19
:10DC080020617272617920706F7274730D0A0D0A47
:10DC180000000000ECDB0208F4DB0208219D00088C
:10DC280002000000756E627269646765000000009A
:10DC3800756E6272696467653A0D0A20556E2D62C9
:10DC480072696467652074776F20617272617920E8
:10DC5800706F7274730D0A0D0A0000002CDC020844
:10DC680038DC02083D9E00080200000074657374E9
:10DC78002D706F7274000000746573742D706F726C
:10DC8800743A0D0A207465737420706F727420667C
:10DC9800756E6374696F6E616C6974792E20796F23
:10DCA800752063616E2063686F6F736520656974A2
:10DCB80068657220746F2074657374206F6E6520B8
:10DCC800737065636966696320706F7274206F7220
:10DCD80020746F207465737420616C6C20706F728F
:10DCE80074732E20706C656173652074797065207B
:10DCF80050782077686572652078207374616E6447
:10DD08007320666F7220746865206E756D62657227
:10DD1800206F6620706F7274206F7220747970653E
:10DD2800203C616C6C3E20746F20746573742061B4
:10DD38006C6C20706F72740D0A0D0A0074DC020896
:10DD480080DC0208599F00080100000072656164C8
:10DD58002D61646300000000726561642D61646375
:10DD68003A0D0A2052656164204144432056616C93
:10DD780075652066726F6D20506F72742032206F47
:10DD88007220506F7274203320616E642063686F54
:10DD98006F736520746865207369646520776865AA
:10DDA8007265617320746F70206F7220626F747473
:10DDB8006F6D0D0A0D0A000054DD020860DD0208CF
:10DDC80041A2000802000000726561642D74656D4F
:10DDD80070000000726561642D74656D703A0D0AFB
:10DDE800205265616420696E7465726E616C20747E
:10DDF800656D70657261747572650D0A0D0A0000B3
:10DE0800D0DD0208DCDD020875A300080000000070
:10DE1800726561642D7672656600000072656164E2
:10DE28002D767265663A0D0A205265616420696E26
:10DE38007465726E616C207265666572656E636585
:10DE480020566F6C746167650D0A0D0A00000000AA
:10DE580018DE020824DE0208C9A30008000000003A
:10DE6800726561642D6164632D70657263656E749B
:10DE780061676500726561642D6164632D70657208
:10DE880063656E746167653A0D0A20476574207092
:10DE9800657263656E746167652076616C7565206F
:10DEA80066726F6D20706F72742032206F722070EE
:10DEB8006F727420330D0A0D0A00000068DE020834
:10DEC8007CDE02081DA40008010000005461736B89
:10DED800205374617465205072696F726974792077
:10DEE800537461636B20230D0A2A2A2A2A2A2A2AB4
:10DEF8002A2A2A2A2A2A2A2A2A2A2A2A2A2A2A2A7A
:10DF08002A2A2A2A2A2A2A2A2A2A2A2A2A2A2A2A69
:10DF18002A2A2A2A2A2A2A2A2A0D0A005461736BD5
:10DF2800204162732054696D6520252054696D6510
:10DF38000D0A2A2A2A2A2A2A2A2A2A2A2A2A2A2A76
:10DF48002A2A2A2A2A2A2A2A2A2A2A2A2A2A2A2A29
:10DF58002A2A2A2A2A2A2A2A2A2A0D0A00000000FE
:10DF6800766961004D6F64756C6573205B00000015
:10DF78002C2000000A0D4E756D626572206F6620B8
:10DF88006D6F64756C65733A2025640A00000000A3
:10DF98000A0D417272617920746F706F6C6F6779C6
:10DFA8003A0A0000436F756C64206E6F74207265C6
:10DFB800616420706F727473206469726563746938
:10DFC8006F6E20666F7220736F6D65206D6F64755C
:10DFD8006C65732120506C656173652074727920BB
:10DFE800616761696E0A0D0020000000666F727734
:10DFF800617264006261636B7761726400000000A3
:10E008006269646972656374696F6E616C000000AF
:10E018006D6F6D656E746172792D6E6F0000000012
:10E028006D6F6D656E746172792D6E63000000000E
:10E038006F6E6F66662D6E6F000000006F6E6F6604
:10E04800662D6E6300000000626F732E00000000F2
:10E05800726573706F6E736500000000616C6C0010
:10E068006D65737361676500636C69006E6F6E65DB
:10E07800000000007472616365000000636C6962EF
:10E0880061756472617465006465626F756E63655D
:10E098000000000073696E676C65636C69636B747C
:10E0A800696D65006D696E696E746572636C69632C
:10E0B8006B74696D650000006D6178696E746572D6
:10E0C800636C69636B74696D65000000616D0000C5
:10E0D800706D00006D6F6E64617900007475657312
:10E0E800646179007765646E657364617900000026
:10E0F80074687572736461790000000066726964FF
:10E1080061790000736174757264617900000000C0
:10E1180073756E64617900006A616E756172790069
:10E128003120000066656272756172790000000036
:10E13800322000006D617263680000003320000027
:10E14800617072696C000000342000006D61790014
:10E15800352000006A756E6500000000362000005A
:10E168006A756C79000000003720000061756775DA
:10E17800737400003820000073657074656D626503
:10E1880072000000392000006F63746F62657200CE
:10E19800313000006E6F76656D62657200000000B8
:10E1A80031310000646563656D62657200000000CE
:10E1B800313200006D73670025640A0D000000000D
:10E1C80025732325640A0D00706172616D73000068
:10E1D8006172726179000000414D0000504D0000ED
:10E1E800257300000D0A000053544D333246303376
:10E1F8007800000053544D33324630347800000024
:10E2080053544D33324630357800000053544D3363
:10E21800324630377800000053544D333246303997
:10E2280078000000554E4B4E4F574E00729500082F
:10E23800A295000892950008A2950008529500083A
:10E2480062950008A2950008A2950008829500082A
:10E2580050617573656400416374697665000000F8
:10E2680048000000746F7000626F74746F6D000076
:10E278004144435F56616C75653D2575200D0A0064
:10E28800696E7465726E616C2074656D706572611B
:10E298007475726520697320252E326643200D0A35
:10E2A80000000000696E7465726E616C20726566AC
:10E2B8006572656E636520766F6C74616765206949
:10E2C800733D252E326656200D0A00004144432036
:10E2D80076616C75652070657263656E74616765DB
:10E2E8002069733D252E3266252520250D0A00005C
:10E2F80048692066726F6D206D6F64756C652025A6
:10E30800640D0A0048692066726F6D206D6F647530
:10E318006C6520256420282573290D0A000000005B
:10E32800557064617465206669726D7761726520E5
:10E33800666F72206D6F64756C652025640A0D0028
:10E3480057726F6E672076616C7565210A0D000043
:10E358004D6F64756C65202564206973206E616D4E
:10E3680065642025730A0D002573206973206120D8
:10E37800726573657276656420424F53206B6579C8
:10E38800776F72642120506C6561736520757365C1
:10E39800206120646966666572656E7420616C69C7
:10E3A80061730A0D00000000257320697320616CF9
:10E3B800726561647920757365642120506C6561AC
:10E3C800736520757365206120646966666572658A
:10E3D8006E7420616C6961730A0D000025732069F1
:10E3E8007320616E206578697374696E6720434C89
:10E3F8004920636F6D6D616E642120506C65617397
:10E408006520757365206120646966666572656E4E
:10E418007420616C6961730A0D000000257320691E
:10E428007320612077726F6E67206D6F64756C65FD
:10E43800204944206F7220616C6961730A0D0000E5
:10E44800506C6561736520656E74657220736F6DBD
:10E4580065206D6F64756C652049447320746F2066
:10E4680061646420746F2025730A0D005D20616467
:10E4780064656420746F206E65772067726F7570AD
:10E488002025730A0D0000005D2061646465642026
:10E49800746F206578697374696E672067726F7529
:10E4A800702025730A0D00004163746976617469F0
:10E4B8006E6720612025732073696E676C652D6314
:10E4C80061737420444D412073747265616D2066D8
:10E4D800726F6D2050256420696E206D6F64756CB5
:10E4E8006520257320746F2050256420696E206D87
:10E4F8006F64756C652025732E20546865207374CD
:10E508007265616D2077696C6C20646561637469FC
:10E51800766174652061667465722025642062796D
:10E52800746573206F72202564206D730A0D0000D6
:10E5380041206E657720257320627574746F6E2094
:10E548006E616D656420422564207761732064657F
:10E5580066696E656420617420706F72742050253E
:10E56800640A0D00427574746F6E2042256420772A
:10E5780061732072656D6F7665642066726F6D20B9
:10E58800706F7274205025640A0D0000257320777F
:10E5980061732073657420746F2025730A0D000061
:10E5A8000A596F75206D7573742072657374617282
:10E5B8007420746F20656E61626C652074686520D4
:10E5C8006E65772062617564726174652E0A0D004C
:10E5D80054686973206166666563747320616C6C46
:10E5E80020706F7274732E20496620796F752063CE
:10E5F80068616E676520746869732076616C7565FB
:10E608002066726F6D2064656661756C742C2009D4
:10E618000909090909090909090909202020796F47
:10E6280075206D75737420636F6E6E6563742074E6
:10E638006F206120434C4920706F7274206F6E20E8
:10E6480065616368207374617274757020746F20DB
:10E65800726573746F7265206F7468657220617279
:10E6680072617920706F72747320696E746F2064A0
:10E67800656661756C742062617564726174650A9F
:10E688000D00000057726F6E6720706172616D65D2
:10E69800746572210A0D000025730A0D0000000040
:10E6A80025732067726F757020646F6573206E6FB5
:10E6B80074206578697374210A0D000047726F75BC
:10E6C80070202573206D656D626572733A0A0D00BE
:10E6D80025732069732073657420746F2061207717
:10E6E800726F6E672076616C7565210A0D000000F7
:10E6F800416C6C20706172616D6574657273207312
:10E70800657420746F2064656661756C7420766129
:10E718006C7565730A0D000043757272656E74201E
:10E72800617272617920746F706F6C6F677920778E
:10E7380061732072656D6F7665642E20506C65611B
:10E748007365207265626F6F7420616C6C206D6FE9
:10E7580064756C65730A0D0043757272656E74207A
:10E7680074696D6520697320253032643A2530322A
:10E77800643A253032642D253033640A0D000000D8
:10E7880043757272656E742074696D6520697320B3
:10E79800253032643A253032643A253032642D25EA
:10E7A8003033642025730A0D00000000437572722F
:10E7B800656E7420646174652069732025730A0D81
:10E7C8000000000057726F6E6720706172616D659E
:10E7D800746572210D0A0000426175647261746586
:10E7E80020666F7220706F727420502564207761E4
:10E7F800732073657420746F2025640D0A0000006F
:10E808004D435520555549442069730A0D000000B1
:10E818004D4355204445565F49442069732025736C
:10E828000A0D000025734D4355205245565F494453
:10E838002069732025642E300A0D00004D435520B1
:10E84800466C6173682073697A6520697320256452
:10E85800204B62797465730A0D00000054686520C6
:10E86800666F6C6C6F77696E6720436F6D6D616E54
:10E878006420536E697070657473206172652073CB
:10E88800746F72656420696E206D656D6F72793A78
:10E898000A0A0D005B253032645D2025730A0D00DD
:10E8A80025736966206225642E636C69636B6564F1
:10E8B8000000000025736966206225642E646F7568
:10E8C800626C6520636C69636B65640025736966B7
:10E8D800206225642E7072657373656420666F729A
:10E8E8002025640025736966206225642E72656C94
:10E8F800656173656420666F7220256400000000FE
:10E908002573696620257320257320252E3166001E
:10E9180025730A0D092573000A0D656E6420696662
:10E928000A0A0D00546F2064656C657465206120C7
:10E93800536E69707065742C20747970653A206420
:10E94800656C2D736E697020780A0D546F206163B1
:10E95800746976617465206120536E69707065749E
:10E968002C20747970653A200909090909090909EF
:10E978000909090909096163742D736E69702078A2
:10E988000A0D546F207061757365206120536E699C
:10E99800707065742C20747970653A207061757395
:10E9A800652D736E697020780A0A0D77686572653F
:10E9B80020782069732074686520536E69707065CB
:10E9C80074206E756D6265722066726F6D20746852
:10E9D80065206C6973740A0D00000000536E69703D
:10E9E80070657420776173206163746976617465FA
:10E9F800642E205479706520736E697020746F20BE
:10EA0800766965772075706461746564206C6973D4
:10EA1800740A0D0054686520536E6970706574201F
:10EA28006E756D62657220776173206E6F742066F3
:10EA38006F756E640A0D0000536E697070657420FE
:10EA4800776173207061757365642E2054797065E1
:10EA580020736E697020746F2076696577207570F1
:10EA68006461746564206C6973740A0D00000000A9
:10EA7800536E6970706574207761732064656C6586
:10EA88007465642E205479706520736E69702074E3
:10EA98006F20766965772075706461746564206C91
:10EAA8006973740A0D00000050256420616E6420AB
:10EAB800502564206172652062726964676564200C
:10EAC800746F6765746865720A0D000057726F6E1F
:10EAD800672073796E7461780A0D0000506F727444
:10EAE800206272696467696E67206661696C656433
:10EAF8000A0D000050256420616E642050256420B2
:10EB080061726520756E2D627269646765640A0DAD
:10EB180000000000506F727420756E62726964673D
:10EB2800696E67206661696C65640A0D0000000003
:10EB380050256420697320776F726B696E67206354
:10EB48006F72726563746C790A0D00005025642039
:10EB580074657374206661696C65640A0D00000051
:10EB6800506C656173652073686F7274656E20748C
:10EB78006865206E65787420706F727420616E64A9
:10EB880020707265737320616E79206B65792074CB
:10EB98006F20636F6E74696E756520746573746930
:10EBA8006E6720746865206E657874206F6E650ADC
:10EBB8000D0A0D0074686520706F7274206E756D93
:10EBC8006265722069732077726F6E670A0D0000A4
:10EBD80057726F6E6720506172616D657465720A55
:10EBE8000D00000057726F6E6720506F7274206EB0
:10EBF800756D626572200A0D00000000081C304423
:10EC0800586C800044656661756C745461736B0060
:10EC18004261636B456E645461736B005573657232
:10EC28005461736B00000000436C695461736B009E
:10EC380050314D73675461736B00000050324D734F
:10EC4800675461736B00000050334D7367546173F0
:10EC58006B00000050344D73675461736B00000003
:10EC680050354D73675461736B00000050364D7317
:10EC7800675461736B000000081C3044586C8000B6
:10EC880053747265616D54696D657200AEB20008A7
:10EC98004EB200085EB200086EB200087EB20008EC
:10ECA8008EB200089EB20008081C3044586C8000E0
:10ECB80048692066726F6D206D6F64756C652025DC
:10ECC800640D0A0048692066726F6D206D6F647567
:10ECD8006C6520256420282573290D0A0000000092
:10ECE800746F7000626F74746F6D0000281A0108E9
:10ECF8000ECD000846CD0008C4CD000814CE00088B
:10ED080024CE00088419010884190108841901080F
:10ED18008419010832CE000818CF000884190108A8
:10ED2800841901081CD4000860D70008DED4000844
:10ED3800ACD500088419010884D6000898D60008C4
:10ED48000CD900081ED9000832D900089EDA00083C
:10ED58009CDB0008B2DB000848DC000850E400082F
:10ED6800841901085CE600081AEE000850F500084E
:10ED78007406010850F500089E060108FC06010803
:10ED8800841901088419010884190108720B010803
:10ED9800100C0108100C01081C0C0108880D010852
:10EDA800920D01089C0D0108EE1801083A19010896
:10EDB80008EE000844E7000868E700088EE7000846
:10EDC800C6E7000810E800085EE80008ACE800089C
:10EDD80044E700080EEE0008E4E9000808EA000825
:10EDE8002EEA000866EA00089EEA0008ECEA000835
:10EDF8003AEB0008E4E9000814EE000864EC0008A7
:10EE080088EC0008AEEC0008E6EC00081EED0008EF
:10EE18006CED0008BAED000864EC00088CEE000800
:10EE280094EE0008D4EE000838EF00089EEF0008C2
:10EE380004F00008A8F000084CF1000894EE00085F
:10EE480038F5000826F200085AF2000890F2000887
:10EE5800F8F2000852F30008F4F3000896F40008EA
:10EE680026F200082EFE000806F6000802F7000841
:10EE7800E8F70008F8F8000818FA00086AFB000824
:10EE8800BCFC000806F6000834030108100001085D
:10EE98003E0001086E000108C80001084001010891
:10EEA800E001010880020108100001081E0601089F
:10EEB800AE030108AE030108FC030108FC030108C6
:10EEC800700401087004010844050108AE03010834
:10EED800D60D0108F40E0108C80F010854100108E6
:10EEE80098110108581201084C130108201601084E
:10EEF800220E0108081C3044586C80005400004061
:10EF08009FD800C09FE401409FF800409FFC040484
:10EF1800A0FC0100A10C0100A11C00C0A12809024D
:10EF2800A2480040A24C0081A2540081A25C00814A
:10EF3800A2640081A26C0084A28C00820000000FF1
:10EF4800070200445450008000040808000004042C
:10EF5800AD3000800301060300000100AD38010058
:10EF680001E0014000100010010001000000000154
:10EF780054580040041A0200545C0140000100513A
:10EF880000000FA00FA003E802801F40000005004A
:10EF9800547000800320032000000008547801000A
:10EFA800011B0021003300000200000104010802D7
:10EFB800548801400000000000000000000000002C
:10EFC8000000000000000800AD48010001F4000046
:10EFD800030600100808080800000008AD600100DA
:10EFE8000000008000000000201F01F400001D0A3E
:10EFF800AD70008008001F4000000001AD7800805F
:10F0080000A0032000010190AD800040000028000E
:10F01800AD8400800000320003200000AD8C008029
:10F028000258FF380000000CAD9401000001900068
:10F03800FFFFFC000000040000000100ADA400C0B8
:10F048000480061A0080058000000106ADB000C0EB
:10F058000480061A1900058000000190ADBC044028
:10F06800000000000000000000120025000000065B
:10F078000000000500000005000000060000000474
:10F088000000000F0000005A000000000000000906
:10F098000B0C0B0B0303110501010101000000001B
:10F0A800000D0000AE00010400000004000000088C
:10F0B8000000000A0000000C0000000D0000000E17
:10F0C8000000000800000008000000100000001008
:10F0D8000000002000000020000000060000050AD3
:10F0E80002000C0800000000AE400040000000FFD5
:10F0F800AE44004000100401AE480040000010007B
:10F10800AE4C004000000001AE5001400000001469
:10F118000400280003206C0000000000000000002C
:10F12800AE64004000000001AED8010000C805DC54
:10F1380000000CCD0104000000012601B550028238
:10F14800A3E8A3B8A438A428A648A448A788A74831
:10F15800AC10A79099BC99B49AFC9ABC0000000026
:10F168000000000000000000000000000000000097
:10F178000000000000000000000000000000000087
:10F188000000000000000000000000000000000077
:10F19800B5A00282008803000082008204040408EB
:10F1A8000080040109020908040400800401040124
:10F1B8000000000000000000000000000000000047
:10F1C8000000000000000000000000000000000037
:10F1D8000000000000000000000000000000000027
:10F1E80000000000B5F0004000040000B39C0100DE
:10F1F8004000051E021B087C800012010001080067
:10F20800B6C000C000006000000020000000000040
:10F21800AEA8004000000405AEAC0080010001006B
:10F2280000020000AEB4004000000000AEB800814B
:10F238000000000000000000AEC0008100000000D7
:10F2480000000000AEC800810801010800000008A5
:10F25800AED000810108080800000001B5F4008064
:10F268000000000000000000B5FC00800000000065
:10F2780000000000B604004000000000B60800448A
:10F288000000000000000000000000000000000076
:10F29800B618004400000000000000000000000054
:10F2A80000000000B6280044000000000000000034
:10F2B8000000000000000000B63800440000000014
:10F2C800000000000000000000000000B648010037
:10F2D8000000000000000000000000000000000026
:10F2E800B658010000000000000000000000000007
:10F2F80000000000B66801000000000000000000E7
:10F3080000000000000000005470008000000000B1
:10F31800000000020000000F000103D4617665724E
:10F328006167650073616D706C65000073616D7075
:10F338006C653A0D0A2053796E7461783A207361CE
:10F348006D706C65205B417665726167655D2E0D39
:10F358000A0D0A002CF3020834F3020835280108C4
:10F36800010000000D0A000044697374616E636552
:10F3780020286D6D29207C2025640D0A00000000DE
:10F3880061767200496E76616C69642041726775B6
:10F398006D656E74730D0A0053746F702073747208
:10F3A80065616D20210A0D00081C3044586C8000EE
:10F3B8006A480108AA4801082E4801084C48010873
:10F3C800EA4801082C4901086E490108B0490108BA
:10F3D800144A0108524A0108626F74746F6D000084
:10F3E800746F7000081C3044586C80005265737448
:10F3F800617274696E672E2E2E0D0A004861726460
:10F408004661756C74204572726F720D0A000000B7
:10F41800537461636B204F766572666C6F770D0A63
:10F4280000000000486561702073697A652065787E
:10F438006365656465640D0A00000000081C3044BB
:10F44800586C80004F6374202038203230323400EA
:10F4580031323A33343A303900000000081C304465
:10F46800586C80006E760108567601085A760108B5
:10F478005E76010862760108667601086A760108F8
:10F48800081C3044586C8000000000000000000098
:10F498000000000000000000000000000000000064
:10F4A8000000000000000000010000000200000051
:10F4B8000300000004000000060000000700000030
:10F4C8000800000009000000000000000000000023
:10F4D8000000000000000000010000000200000021
:10F4E8000300000004000000081C3044586C800031
:10F4F80068656C70000000000D0A68656C703A0D54
:10F508000A204C6973747320616C6C2074686520E0
:10F518007265676973746572656420636F6D6D6188
:10F528006E64732E2054797065202768656C70208E
:10F53800706172616D732720746F206C6973742019
:10F54800617661696C61626C6520706172616D657C
:10F558007465727320616E642074686569722070C6
:10F568006F737369626C652076616C7565730D0ADB
:10F578000D0A0000F8F4020800F50208117D0108E0
:10F58800FF000000496E636F727265637420636FD9
:10F598006D6D616E6420706172616D65746572284D
:10F5A80073292E2020456E746572202268656C7060
:10F5B8002220746F20766965772061206C697374E6
:10F5C800206F6620617661696C61626C6520636F8B
:10F5D8006D6D616E64732E0D0A0D0A00436F6D6DBB
:10F5E800616E64206E6F74207265636F676E6973F5
:10F5F80065642E2020456E746572202268656C70E3
:10F608002220746F20766965772061206C69737495
:10F61800206F6620617661696C61626C6520636F3A
:10F628006D6D616E64732E0D0A0D0A007061726152
:10F638006D73000049444C4500000000092563092A
:10F6480025750925750925750D0A000018A20108F8
:10F6580022A201082CA2010836A2010840A2010832
:10F668000925750909257525250D0A000925750936
:10F67800093C3125250D0A004AA501080CA50108F9
:10F688001AA5010826A501082EA5010852A60108F9
:10F6980014A6010822A601082EA6010836A601080C
:10F6A800546D722053766300CCAB0108CCAB0108D3
:10F6B800CCAB010830AC010844AC010874AC0108BB
:10F6C800CCAB0108CCAB010830AC010844AC010854
:10F6D800546D725100000000081C3044586C8000C2
:10F6E800010002000400060008000A000C001000D7
:10F6F8002000400080000001081C3044586C800045
:10F7080001010103070100000804020408010101C6
:10F71800081C3044586C8000E0000308E0000AC868
:10F72800E0000508E0640848E0000A88E0000A886C
:10F73800E0000A88E0000A88E0642E28E06431E8E6
:10F74800E0643548E0643B88E0680468E06817686E
:10F75800E0681B48E0681EC8E0682528E06828487B
:10F76800E00009E8E00009C8E00009A8E00009880D
:10F77800E0000968E0000948F8020006C1C38101F9
:10F788001E06A10B1A0681009923E10097B397E39F
:10F79800062C97730634E2C0062CFC80C183E34034
:10F7A800E2C0061CFC980634FC9C0634E340061CA8
:10F7B8006938C183C143E800C1C38105E100000C79
:10F7C800FA045E65EC100CF0F41C5E60BC6E886197
:10F7D800FF8407FC9A14D804E4300460FC124C0639
:10F7E800E0D04C4AC1C38215C1C3C1C3F804170C89
:10F7F80081938183E2C00C2C1C8CD167E36BE404F9
:10F80800E56B8E058064038804D8E76BE96B806438
:10F81800EB6B8AC5806406080A58ED6BF16B80644F
:10F82800806407280878F36BF56B8064F76B8AC5EA
:10F83800F96B8C05FB6B8C450C0A8A458A65E4B428
:10F84800E4B80C0A0A7884454006E064404AFC1291
:10F8580080D5E0D0C1C3C1C31F0CC1C30FFCF004E5
:10F86800BCF4F784C153FD64E080000CE080000C18
:10F87800E080000CE080000CE080000CE080000CD0
:10F88800E080000CE080000CE080000CE080000CC0
:10F89800E080000CE080000CC1C3C143C1C3C15368
:10F8A800FAFC040C600006DA0A20A10B1830640088
:10F8B8000E24E400020A37800C0680000834200079
:10F8C8000A70B7805842A40481613298212BAA4556
:10F8D800060A8CBB0C1000000400E400181A64002F
:10F8E800A825E0000804A11D0E1457801006D78033
:10F8F800044040000854C4044C72768010C4D2A05E
:10F90800144076800E64A4801224F680A16B768061
:10F918003C0154808C8B400004800890DC004870C7
:10F92800849B28A3EC040EA09EE5A07D964B217B2A
:10F938000E8A86450E9AE5000006448016A08000CF
:10F9480008542C84C000289C20010E4A0054400012
:10F9580000C4A8ACC000289D0F9C14544002885BCA
:10F9680080CB99A861840084E1840894128401CB37
:10F97800324FE0FCE4041C704B0A01A158DA8410F1
:10F9880094BB64006D84401A1C70C61F00C4240810
:10F998000E54A084085421FC4002A084A1EB399C99
:10F9A8003C005800BC004A401D5A08C50EE0E0045F
:10F9B8000DCBEC04E1FC00A44B0A42B758FA8408CA
:10F9C80008C4641810A4E0FC400A608420BFED8CD1
:10F9D800005490AB14846184280F9C809194482231
:10F9E80013B04A624C50C3C7805B1C0027F04ED846
:10F9F8009C004440960B211D578004A4D78002B474
:10FA080040000606C4040420528C42124010946B35
:10FA18004C205C00801BDC000C0C8C0BDD93F2FC92
:10FA28008C1B7FC5806B7FA5967B73E5FA3C040C25
:10FA380081C1210B0000020AA085986B76800A1408
:10FA48000824A12B060A76800C048000988B768007
:10FA5800061A1EC51834E000A11B7680A4800E404B
:10FA68003C014EC00860C00048500480A873DC0008
:10FA7800EC040A709AC5A05D90CB215B0A8A864582
:10FA88000A9AE50008064480107080000A4A2C840F
:10FA9800C0002000289508340C24400008248F94C6
:10FAA800182428A0C000289419984842883B982B0D
:10FAB80061840814E0FC0C14618418042CCF893B81
:10FAC800E41046DA0430450AE40412506D84401A02
:10FAD800125081C10C2424080834A1FC0A24208473
:10FAE8004842A084A19B39983C004640BC00445041
:10FAF800135A186B88C5E004EC040E9046FA033BD1
:10FB0800450AE4040A2404001034E184C26760FC56
:10FB180060841CC4ED8C400A6184083410C4B05F52
:10FB28009CCB61FC5002306F44129188883B138C47
:10FB38001C00422040808A2B18E41C004FD89C806F
:10FB4800180BA7EC0C0C8C1BDD93F23C826B00CBE2
:10FB580075F5FF95C1C3905BFAFC040C808B210BF3
:10FB68000000020A046B829B80E5867B060AA12BB3
:10FB7800400A800080E5E59C841B81210C0C840BE5
:10FB8800DD93F2FC6800418800BB841B02AB900B3C
:10FB980041188E1B007BE80040D8920B8C1B680034
:10FBA80044B2813142A2F08C8623F29C42127D85B8
:10FBB800C1C3F280E6864A0EE706580E6606460E70
:10FBC800E1C008546786440EE0C000C402C4605710
:10FBD8008A03E1C0F29042125D938603F2884212D2
:10FBE800E50004CAC17C0214DC004010848004CA09
:10FBF800CC800420C9080014C17C02148000045A77
:10FC0800AD880614200106060004C0000214898885
:10FC180040028908DD93998CE50004CAC0000206F9
:10FC2800C0000006848004CACC800420C98800145F
:10FC3800C00002068000045AAD880614200106069A
:10FC48000004C0000214898840028988DD93998CD9
:10FC58008141610B06148A25E11B768076800404B5
:10FC6800088581410630A43304046C04A03DE18476
:10FC7800A13B86E5C88C021464041830E408431AD2
:10FC880024081830A08402140AC021CB195AEC04A5
:10FC98008245E004C247401D1C800844918440020C
:10FCA80027FC4A985D93C3177FE5880B7D55804BE9
:10FCB800C1C3883BFA00040C8111006BE80450486A
:10FCC800E1A0408600158004A11BE03CDC38420816
:10FCD800680457C8C1C38C0BFA04047C74A9464E47
:10FCE800490EC010C01074A98825893DCD14CD04D3
:10FCF800050ACD244A00E0808425F00CE4000A3A85
:10FD08006001009804208000C116EC04F80C004A39
:10FD18000420FE65E92DEC10FE85C11EE00404CA2E
:10FD28008000454845C8C116FBF587FCE198414667
:10FD380061914306801EC00081119B0181318121A0
:10FD4800E8044A888C45A10B74A906CE484EC01019
:10FD5800C01074A98A45893DCD14CD04050ACD2467
:10FD68004A00E0808625F00CF00C4C10E4184A5A42
:10FD7800E4000A3AA0000128600100A8C5508000EC
:10FD8800EC040420004AC156FE45F80C0420C55472
:10FD9800E92DEC10FE65C15EE00404CA80004588C8
:10FDA800C156C55087FC45884786FB6508F0E19039
:10FDB8008C4EE430E1A40C46E1A40E4682458F6DDA
:10FDC800023AD9140068E40080006001FC38420857
:10FDD8008161FF650046E16B4C08E1A48B04DC38C7
:10FDE800FE248914E86C6568E1A40C46E1A40E467B
:10FDF80082458F6D023AD9140068E40080006001E2
:10FE0800FC3842087578FF650C7CEFFCDD93F20442
:10FE18008055A11B0A0083114006E550404AFC1298
:10FE2800D7F4E0D0C1C382B5C1C3C1C3F4040B3F4A
:10FE3800F4040B2FF4040B1FF4040B0F0A50813544
:10FE4800405AEC404406E0BC446ABC22404AA090B8
:10FE5800C0002089ED88401A200101980AFFC000DF
:10FE6800C1C3F404C1C3C1C3F4040BF5F4040BE526
:10FE7800F4040BD5F4040BC5F4040BB5F4040BA57A
:10FE8800F4040B95F4040B850AFF81550A50F40419
:10FE9800D7E4EC80D7B4D7D4D794D7A4D774D78471
:10FEA800820B9464FA005C08F83C044CE440048A31
:10FEB800212B80A58215803B461281F5064AF980E0
:10FEC80082B5F80C0420803B044AEC04C548E400E1
:10FED8004588CD460C4C87FCDD93F03C6C400A20ED
:10FEE8004927E1C104208ACF06C06C04044AE440D3
:10FEF800481264000033F08C0275806B0285F010A4
:10FF08000295F80C02A5F8084C75F8044C85F01019
:10FF18004C95F80C4CA5F8084408F804445287F8A6
:10FF2800E92DF1B00A208695C5276C1061880E541A
:10FF3800EC040C2064041870E4000C4A047444C7F0
:10FF48004242E088867B70B0DD8ED18487FC4D8884
:10FF580071884452A12B9833F7E5ECF5881B212BC7
:10FF6800F7A5EC75E100000CF804040C780C000A05
:10FF78008225803B94A5A12B04204D16064AEC044B
:10FF8800FE25F80C9095E92D7A800814E440048A3F
:10FF9800E0A00A440854A85F06F5E0C00C24AA4F64
:10FFA8000A20619061C1EC40EC040C600C4A0ACF55
:10FFB8004E32E400862B70B0E4400670F0104445E1
:10FFC800F80C4445F8084445F804444587FC4C08B7
:10FFD800F1B044528695E92DF9C107514A52A4530C
:10FFE8000453FAB0EC1004200E2408514557E18858
:08FFF800E40418706C040C50C5
:020000040803EF
:10000000E0880A7464000C4ADD4E867B87FC4DC88C
:10001000AA2344C7A12B983304208205044AEC0488
:10002000CD16E40087FC45C8F0040C0CC1C3DD9379
:10003000FE7C040C044A007B4072E0101EF07988BC
:10004000000CED20001A6200110EF80C1B0E828BC2
:10005000200100265E05C00040002035233EEF8DC4
:100060005E17A40B9D2EE0FC2388A10E0024C00087
:10007000C41B6188C03B7D417A104212FA1046329F
:100080008413003382113E1E82317C3E0020191EF3
:10009000973EEC040084FE0EAF8B6184540A158EEB
:1000A0002EA5E68A00808EA3108A6C04400AE4A480
:1000B0005672E68A40707080A2B5DC0000840FBEE4
:1000C00023B4E18CE68A4C0A60840064F098507294
:1000D0008E030D0E8E0B0B0E5608901B138EFC38E4
:1000E0000B84809B901B900BFC385608829DFF115F
:1000F000A00D82850E0B84D5A324901BFC384408E8
:100100008E0B210D81C582858275A10D901B0E0B72
:100110004408A324210DFC3880458E0B930E900BD0
:1001200050A22C0B2364F198F09856A2900B0B0E62
:100130004C08941B009BFC3809BE940B4C08961B82
:10014000FF11FC3882A5829D84D5A00D900B096417
:100150008C1BA324FC38440801D5A10D9C005060E1
:100160008255A10D900B09A4941BA324FC384408CC
:100170008055A10D8FB490AB8D148B949693A3648E
:10018000718440B28D0E921BFC384C08920B008B90
:100190004C08961BFF11FC3882C5828DA00D15847A
:1001A0000D648615A324961B44088C0BA10DFC3806
:1001B0004CB001E515849C008275A10D961B0D6461
:1001C0008C0BA324FC3844088095A10D8CBB013511
:1001D000930492BB941B23644C08930E009BFC3841
:1001E000961B940BFC384C08829DFF11A00D828554
:1001F00013A484D5A324961B4408940BA10DFC38AA
:1002000081D582A58275A10D961B13648C0BA32446
:10021000FC3844085660A10D96AB9C00002A9B0454
:100220000118E00080004001E0FC1E07171484352F
:10023000024A8E0B8024E400C13EA8344308E92E14
:10024000830587FCA8149C04A80E9C1E191481B574
:10025000024A8E0B8028E400C136A8384308E926FC
:100260001D1487FCEC040080500A81614072668690
:100270001B0EF0840E8380AB90BB809B8CD5D6ADDB
:100280008E1B140B4408A324A00DFC38A10B8AF587
:100290009D049205A10B8DB5C0401E05012888D58F
:1002A00080004001E0FC1E0717248455961B900B2C
:1002B000E400044A80448434C13EC54E87FC4508AE
:1002C000AC048315AC1EA01481C5A00E960B192496
:1002D000044A901B8038E400C14684484508C5366E
:1002E000210487FC80838361D6AD80B3160B94F51F
:1002F000A3248E1BFC384408F2C5A10D40010398CD
:100300001E0780008E35E0FC960B1724044A941BD0
:100310008434E400C54E80444508C13E878587FC8F
:10032000400101281E0780008455E0FC940B17242F
:10033000044A921B8434E400C54E80444508C13E03
:10034000831587FCA814A404A80EA41E192481C533
:10035000941B920BE400044A84488038C536C14699
:1003600087FC450883611D0471958093A80480A3D0
:10037000A81EAC1481C5AC0E940B1924044A961B1C
:100380008038E400C14684484508C5361D0487FC12
:10039000210483616F3580A31D1480B39504A16B84
:1003A000E686400A00000E88F0805872719C4292E6
:1003B000F1A440A2922B011D44A00E3B46909C004C
:1003C00048229C00A14BF18C1E078A2542A260FCAA
:1003D0008455F190FD3145474422C82B8E3B7A0C61
:1003E00082218823E400044A84548C44C54ECD5EA7
:1003F00087FC450808308335FD516C048221244375
:10040000FA14484226238823044A8E3B8C48E40091
:10041000CD5684584508C5461D2487FCF1A042C22C
:10042000F1AC52824492A413A12BFB841E078C458D
:1004300084B5E0FC61880224423BFD41F18844C25E
:10044000FA10463202308233024AE404A834E4004F
:10045000E94E88444308C93E83B587FC06B07E1444
:100460003033EC04901382214212B813FD317A8CA0
:10047000FA0C4612F1844232E400024A46C228587D
:100480000E48F188EC0404208E56E94687FC4208A9
:10049000986B1D148245C20DEFF87E088E0B001B71
:1004A000A3349D24EFFC5C68C29D9D147D58A80573
:1004B000920B6FF8F1A44E62808B1D24F988407274
:1004C000000A11045E07F80C1B0EE0FCC0000026B9
:1004D00040345E051E08EF8D408A9FFC840DE68A3D
:1004E0000E03A0C5F08850720024190E441BE18849
:1004F000403BFD21FA08421244321D348023FA08A1
:10050000E40416200C108613CE8DE404909B8AC55B
:1005100092AB2194941B2324920B9493FC384408AF
:100520008875A30DA10B9B041E0782E58435E0FCB2
:100530006400164A961B920B8034A824C12EE93E13
:1005400087FC4308A8048305A81EA41481B5A40E43
:1005500064000C4A8C1B920B8038A828C126E9360F
:1005600087FC4308F4B5CE9D19049D04C18D80839A
:1005700087D5F2B5820D1BB48E2599CEFC84BE645E
:10058000828182618AC5CEBD2194969B232492AB41
:100590009493941B4408920BA30DFC3801188875A2
:1005A00080004001E0FC1E07104A8435920B640075
:1005B000A824901BE93E80344308C12E830587FCA4
:1005C000A414A804A40EA81E0C4A81B5920B6400C2
:1005D000A8288C1BE93680384308C126CE9D87FCAD
:1005E0009D04F4B580B31904F2B5C1BDE5201EF039
:1005F000F67C0C0CC1C3DD9304FC805B4006E2C0BA
:10060000D56EFC12D58ED57E405AD59E4206E0BCF2
:10061000D5AEBC22D5DED5BE426AD5EE404AA0900A
:10062000C0002089ED88401A20010178C1C3C000B4
:10063000C1C3C1C3F0044B85F0044B95F0044BA536
:10064000F0044BB5F0044BC5F0044BD5F0044BE57A
:10065000F0044BF5C21F81A5D51ED51ED51ED51E93
:10066000D51ED51ED51ED51EE0D0404A82B5D52E4A
:10067000C1C3C1C34B0FC1C34B1FF0044B2FF004C8
:100680004B3FF0048165F004D51EC21FD51ED51E58
:1006900094FED51EDD938101E0041986A3CDC1C36C
:1006A000184A82A54346E0000215E1984205800001
:1006B00041FE8000BFFF1FFD4346DD938414E19897
:1006C00041FE84CEFFFF7FFDC1C3DD93FE7C040CA1
:1006D0006C401EF07C0E826BE1A040860205801407
:1006E000A10BE14802109AE5C0016521BE14BE1EAF
:1006F000808BFE1EA30DA204401B92551400FD2109
:100700004E1264044407FA0810039473E4000E6A5E
:10071000E6101600A16B140B140000E51615EC048E
:100720008D1BE08022148AF5EC080000F880162565
:10073000500583AB020600045615C000A12B58805B
:10074000101588258331618800342294801FE88049
:100750008265A11BE18C10152C14801F8205A11B42
:100760004408820B8175FC38FC384408FC04814540
:10077000FC384408819BA204FE048835910B800458
:100780004E6886B53FFF47E5EC1016B0A10B81011E
:10079000A2048625A10B2004A10B82B5FE748465FA
:1007A000900B1C0E680140089C84C000E875A18B6A
:1007B0007E8E8195E6D5A10BBE048155A10B8004E8
:1007C000A0F1E4F5F67C0C0CC1C3DD93E100000C54
:1007D000FA00004C8301001BEFFC76088105C14341
:1007E000FA8002140006E11B00069422DD93D46215
:1007F000F800040C6C501EF0E47C034A826B3C5EF3
:10080000FC1EBE5E42668E050C4AF0020634647C15
:100810005E15FA804A0E00045E259FFC061A000849
:100820001E25E400442280045E2598141E258000C5
:100830001E5580004A5080084422907C5E25999481
:100840001E2580044220800418149C0040003CB502
:10085000BC341814024400D5E11BFA80DC3C18C4F7
:10086000E2320066420E28F1C01060010C0C8C2BA5
:100870008775F000017E28F10C0CFFF8DD93F00085
:100880006C401EF0E47C014ABE2EBC2E8685FC2EF8
:10089000E47C000A440684453E2EF002FC1EC12181
:1008A000841FBE14BC14BC1EBE29FC24BE1EA41F83
:1008B0000006BE148155E206F87E4006F0FE0006F2
:1008C0005D9381017FE5A0F1FFF801AEE2C0041C59
:1008D000041FC111F07C4400021CA41FDD93E340FF
:1008E000E47C040A408804240000060E08308010CE
:1008F000481204105802D08802067190FFFC600074
:1009000000C483C7020FF080700142C0610BDFFC9E
:1009100073FD40C04807C00300A5D0175D93A20F28
:10092000FFF8018E60010286A20FF8004006900ECB
:10093000A10DFC12400682C5A10DFC1A40068215CD
:100940000206FC0AC02060018075830DF372004628
:1009500081015D93FA7C040CEC301EF0864B088B11
:1009600081713E2E405A006B7C7EE506425A8131F1
:10097000882B6586EFF84F6867D1000044864001F8
:100980004212E03C8131729CEFF84568000017A4E8
:10099000C0046401729C42121974D707E0D4161483
:1009A000FF0120BF001401BB57FEE1ACA10B1FFCEF
:1009B00060381409DFFC57FE81111B940AF01C24D7
:1009C0001504E420BE44A10B8008001B061480041B
:1009D000901B7B00E80043C8FC04BC0EE0180E49E5
:1009E0006834AA245082A01B8E0B7B9068384A681A
:1009F0003E0E8C4B850581A10E29D90A42BAE01C16
:100A000048BAE502062065828301E41C0203A70FB1
:100A10004242811190217284EFF850487FFD45FEDB
:100A200082A1403F41FEC50D003F1FFD41FEA11BBD
:100A3000C03F1FFD91ADE50EBE04F8151E05A10BCC
:100A400098F10000F27C0C0CC1C3DD935896211B79
:100A50000214E008180640AC442AC000A14B41062D
:100A60000000020680085896FF1182650244023D8C
:100A70006037E10491800214421A86132023E09229
:100A80008223980BDD93942EFA04044C8111026B9F
:100A90006000450666D88C0B81716FF866000060B7
:100AA000E4C00260912101A50420067E4073EC049D
:100AB0004275F820C17CF008FCF5A12B7FF4410EB3
:100AC000E038030660280506FFD4470E486281F52A
:100AD00000007180927EEC204862107E107EF088CB
:100AE000F084486282111076870B882141F6FC352C
:100AF0008111600C6F404C01674400606398C00333
:100B00008F216FF86561006002604008C003676173
:100B100005060195067EE008EC040420F008427505
:100B2000A12BC17C0C4CFE35DD93F2046FD1001972
:100B3000A11BC00500098245C006602DF3F04000EE
:100B4000000CA90BDD93E20081015D93F08044125B
:100B5000EC7004298405A12BE03C0229E682402A9E
:100B600002098013C0056B71EC140000E40800CA90
:100B7000E200000C5D93DD93C1C38101F804040C15
:100B8000603C0239677002100A04C0030420608CC4
:100B90000455E64058227C14463AF09481716682EE
:100BA0000834B264C2376088FC100245486288533A
:100BB0008613729C0804324E305EE0880213844330
:100BC00040016C01083580238233E200E2004835A1
:100BD000EC000409440182010C0CEC00DD93F004EC
:100BE000FE04040C4822086B214BF98C08658A7BB3
:100BF000E008489661840824E0FC0A340A342A4F4D
:100C00008803E1846FF47188F2844252641C434A81
:100C1000421A8141416AE01C420AE418421AE58006
:100C2000420AE1880904ED80DC004C00DC004E1033
:100C3000806E827E0C0C880BDD93F604F800044C69
:100C400067FD00258151400186448434E01802C5C7
:100C50006FC90021843340056050026BF294484212
:100C60006FCD00010255C00584C3601C8261064E31
:100C700042C5843E80536018E01C4255E0504263F8
:100C8000F0000C4CC1C3DD93603C0239C84481C103
:100C9000463ACA54C437E682063582338643E7DCD7
:100CA00072B04652CA3E80130201C84E0435EA7043
:100CB0008033E020E0204435E054043BEB70020137
:100CC000E0240415443382318013E054E0244415B9
:100CD000C1C3DD93E03C0239E058044BE682403A60
:100CE000E01404358013C407E7DC0205E0100415A6
:100CF0008101001372804032440582414415E014A2
:100D00004443E010DD93E058605800290A39845BC1
:100D10000A49EF400239EF44400160514A21C72D92
:100D2000C82D4F406F484A21E4A008004F444A2193
:100D30000035C23786136020603002C367600A50F6
:100D40000213C003980BE0C0E0002468FA3C040CD6
:100D5000846B027B60500E2B0EAB81810E9BE054A6
:100D6000188EE0589A8EA12B4C23D88E4CA3E018F5
:100D70004C93E01C84C5E02006241C049E14E184EE
:100D8000813106036FF46588F2A0421267FD008A84
:100D900041FEC7FF00011FFD41FEA11BC0011FFD59
:100DA000140A980E04A4680084C5FB8006245C0421
:100DB000DE14E184813106036FF463E8F2A042128D
:100DC00067FD008A41FEC7FF00011FFD41FEA11B18
:100DD000C0011FFD120A9A0E049468008605FB806C
:100DE00060100E05E1840624E0140E15813106031F
:100DF0006FF46228F2A0421267FD008A41FEC7FF2D
:100E000000011FFD41FEA11BC0011FFD0C0CD80EEF
:100E1000DD93F23CF804040C843B010146018A0690
:100E20008E06F008020B8C06A10BE05002C5884527
:100E3000060460187F51E184866BA64B4C408ACD36
:100E400018639C00FFF8180EE0824E6AE01C0265F1
:100E50004A720A6D4640FA300A521C000856E9FCF4
:100E6000403A8C334002E0820002FA308A06E9FC04
:100E7000E054020B8845A10B602002C5E184060402
:100E8000A64B7F518ACD866B9C004C40602402C5E6
:100E90004C6A9863020E60828ACDFFF81C004640BF
:100EA000FA044C620A621833403AE9FCC856E08200
:100EB000FA044002E9FC00020C0CCA06DD93F004BF
:100EC000F81C040C8904847A0489861AD658E01028
:100ED000807C8898C8C88A780429CA68021CE014F3
:100EE000E1840284601040510A249813C21761847F
:100EF00002100C534011EC04C257601C6C040250E9
:100F00004011C287C227602060284021664004400B
:100F10000619C00381316038E0144091E018407137
:100F2000E024408149488195EC040A30EC04021029
:100F30004640C95DA11B9C004031FCF58101602C3D
:100F4000F01C0C0CC1C3DD93F0804622EC70063916
:100F500086A5A13BE03C0439E682403AF080462277
:100F60006B7106390630C005E23DEC14C2078415EA
:100F700004038023C00263B986128422411A850DBE
:100F8000400AE004000CE184DD93E20081015D93FE
:100F9000FA7C040CEC701EF081611D04888B7C5E71
:100FA000901B7E1E00063E0E8B6EE004E03804B9F6
:100FB0008145896E0000456EA10BEC047C04FE9512
:100FC0001220874140036571E640143066410E30BF
:100FD000806EC003C26E824E0006406EBE14E008F2
:100FE000864E840EC46EC66E9C2885E586A5A12B10
:100FF0000009FE04C12DE0103E148245E0080046C1
:101000008701040EA408860EC60EC46E06F02A14CC
:101010002804E4407FFD49FE3C3ECFFF5E1881314D
:1010200081516FFC8195890483017C24880E87118E
:10103000A4188A1ECA1EC86E16B0610E0291EC0476
:10104000827190A1F455A1BBB8F17C04A10B80047E
:10105000C0084C960C0C8C0BDD93F27CFA7C040CD3
:10106000EC301EF0886B0A9B80BB067B64D100903D
:10107000848B4001089002AB3C0EE49064910A908E
:101080000E2BC00178588C3BA10BEFFC98F180A58A
:10109000F27C0C0C0490DD93960B64306FFC658839
:1010A0007C8E8C1BE48010908C1B160B6FFC6B48A5
:1010B0003C9E902B7C24960B0E3B941B70188C4B03
:1010C000905B6FFC0C0C98F1DD93F27CFA1C044CE5
:1010D000829B048B867B086B6F48101967600480C5
:1010E0001209C0038C3B6010E8045968E0100E053B
:1010F000E0340E1BEF481029E0101239E08C0E4945
:101100008101180E4C21D81C4C31E0184C41E01CD8
:101110000C4CE020DD93F21CFA7C044C81B113A44A
:101120006E4002221174888B285E866B0FBE8191FF
:101130008155812182214134FA245232FE75C32D1A
:1011400041FEA09D803F1FFD8000540506F09005E4
:10115000920B6470902B0A1BE8345E488E15A10B2D
:10116000901B120B68346148A10B8E2B8F848C3539
:1011700054B5A18B409600008A458008981A9C04BB
:10118000C7079A2A8095C30D8101440D4012882516
:101190000406708842B2FF40813172ACEFF44E28F1
:1011A00060FC0414240FC3070131C3174438902B8B
:1011B0000404EFF4FF3160A0D0177107A20F072BD2
:1011C0001FFC45FE45FEA10BA82EDFFC0C4C810147
:1011D000DD93F27CF81C040C84030413618A400A3A
:1011E000421A82110420618A1804EC040C046088FD
:1011F00008C5E08C4E527C300A65F098850D7C184D
:10120000CAC79E8412C4A6C38CC3617CF2A04C9250
:101210000C041E6E1CCEE0840CCB8A6300066900B1
:1012200000008000830BC4044CC382C1F6D5E900E2
:10123000F01C0C0CC1C3DD93F81C040C61FC1824D9
:1012400004C3A20303C786030BC481814C0AB803FD
:101250000034618E0904E088F0804E420C13948EB5
:10126000421AC4678863618EB08E808EC4170223D1
:10127000618E462AF08444424242C4370670708C24
:10128000827BEC101494D9841093C66DDC004C4022
:10129000DD84949EC67D30944E401093309EDC00D9
:1012A000FC35856BC9C480549853C62D4440005EFC
:1012B000832BDC000C0CFE35DD93F01CFE7C040C53
:1012C000EC401EF04C4208134C6AF080821161928F
:1012D0006192421AE0881844D6077E3EC4671934EA
:1012E0004FFE4417C0017FFD52520AC33E3EF084B8
:1012F000F098545206C00C7E7C5EEC10FCA81604DC
:1013000081C1014181110181E96483F5C6AD7E048B
:101310001EA5CA674E624008217DF1800C068E6BC7
:10132000A02D40009C004C70617C0E64406A8C4390
:101330005872642E4C6AF2B08083E4AE72844262CA
:10134000640016B093ABC00818CAF835181AE0004C
:10135000082AE000420AE000421AE580420AE188D9
:101360000845ED808008409661840044E0FC04C498
:1013700004C4240F1003E1844212983B882B728826
:10138000EFF06948E000034A021A3E14006AE000E8
:10139000420AE000421AE580420AE1880006ED8038
:1013A000040EC000A0F18101F67C0C0CC1C3DD93DA
:1013B000F87C040C4C520D040C23F080F0944E1277
:1013C0006196582AEC041050C487027118338F2498
:1013D000463AC4C7420261964C6AF0B0829B61965D
:1013E00061964E7AC4378151708C5802F0A0460243
:1013F000E5A481659453C69DDC005200FE55999B7F
:10140000A34D4467C477046380000C955292026533
:10141000FF9190946024491A0C958A9B5292A000E7
:10142000189EB1940483847383D5FF91C5B4F1A44D
:101430004AA28AA30CA5F1AC02458000909454A264
:101440006024491A0CA58AAB54A2A00018AEB1942E
:10145000E40C591A3C015800431A40004200E40CC5
:10146000C0003C0164101460551A846B4CA0E42049
:101470004C1ABC003DB8E01CC3FF3FFD0C0C8101C1
:10148000DD93F07CFA7C040CEC301EF0CA37008B44
:10149000E1FC148400A490A38033E10460A2403AEC
:1014A000E17C0654617C180456C2AA034602F38C00
:1014B0001734F9AC41FEA13B00011FFD80084E9698
:1014C0000A449005A443617C617C18244A52FF21A0
:1014D000817173B04472045D3E1EF180124480CB72
:1014E000E05761C01C005820F3AC4272E0477C3EDC
:1014F000608406B4E1FC0C04608404045610B25FFE
:1015000040C21C0042B2F090AC3F7294EFF05CE835
:1015100002A495B4D6B77C00A2833E14A38B7C347E
:1015200004010000D617800402048203961FE17CA8
:10153000401A80130002E1AE0002E000C7FF6BFD1D
:101540008E0B0C0E0C0C98F1DD93F27CFA7C040CE3
:10155000EC501EF0A4131B74A403093E8A9B1F6465
:1015600046721D84563AF088882B619E7C4E99A461
:1015700016138E4B7E1E960321B4A0133C6E931D52
:10158000C404121070A442020210943B905B6C04DD
:10159000EFFC69688615A10B943B7E148E4B3CBE14
:1015A000905B7C24E40400106FFC68A8A10BB203DC
:1015B00018048275400AD677980EE11E400AAC04E2
:1015C0002C0EE11E98248101C22DAC1440004C1554
:1015D000DC004220C0005625C0000C3544300934E0
:1015E000A8F1DC004C35C62D1615C000C71DC00083
:1015F000C0005635F27C0C0C000CDD93C00061017C
:10160000FA7C040CECF01EF0849B111E934E955E48
:10161000973E8F0EB3148C08191EA10B9D1E8111CD
:1016200084459B1EE004000285B381138BF399046B
:10163000E5800000F8604015F83040154015C11EE7
:101640004015E02C9704E05CA10B820831B4A22580
:10165000AF8481711324ADA4E08400747C00044342
:10166000F0804222E09002238245844D06741904E2
:101670008033E0880255861B8404F030190485F518
:10168000E08806744442092E0D7EFA080033822158
:10169000061BA823E6400C30F030025502C5840436
:1016A0000513E060EC0404408B4E8533E800313CC8
:1016B00070884EA282718221E1AA4E7A1045C477C9
:1016C0008803FC1CE444840E8C5E8853FC1C164585
:1016D00098CE88C38B448D7420518924E0880C7483
:1016E00008444B570C5EFB801E55CA0D400240302B
:1016F0000674D19482214088FA8018A4D09446328E
:1017000040604605F190462206340F040009FB00B4
:101710001904E0308063A10BE6400060C0000025A2
:10172000800004060000402580000406A6049144C1
:1017300050588414E4D008F008F07C4EBE4EE4E02B
:101740009544BCCEE80062088271210B80341E15DE
:1017500080C04C1586189714DED5837D020B801B44
:101760000C0CF8F1DD93F27CFA7C040CEDF01EF029
:101770001E05A90E972EE0ACE0B41E251E059D0E99
:10178000195EE0A0E64018209951151E1E05A30E13
:101790001E15E09C1E65E0B0130EE0A81EB5810189
:1017A0001E75E0A4BD0EE098B90EBB0EB50EB70EC7
:1017B000B10EB30E8145AF0E0A50710CA15BEC0463
:1017C0002954FE95E640142012101B7E256EE4C0BD
:1017D000E5800C40650118500A504002C0046601C3
:1017E000101021CE1F5EE640E00844968171273E2E
:1017F0009395ABBE020AA414C7FF63FDA10B8A0533
:1018000025B486D5AD2E963BF8C00C0378300C136A
:10181000A324964B6B58A954A10BE8000C0382B586
:10182000812178C078300C13AB34964B6A98A15460
:10183000A10BE800A7348445AD24ABB4E2A4040AAC
:101840000FFC43F68008449680005413889102717F
:10185000846104A184810D8581212BB4F8C00C031F
:10186000F8300C13963B1D4468B89F542734E800A9
:10187000AD24A10B2002F895E5A004F006F01812A3
:101880003E2EE5D0E5B00AF09603113EE1AE400AE7
:10189000BC3E9BB42B34AD0EA144962BEFFC4CE820
:1018A00000F018123E0EE5C0E5E00AF0962B110498
:1018B000A944AB342D04BC0E4BF886BB9704EFFC57
:1018C000E03000098405A10B657000F0E58004F0AC
:1018D0000AF018123E0EE590BC2E963B9B24AD04F8
:1018E0004AB89F44BD04EFFC99249514BB04AD0E87
:1018F000B534B3B4841A910E8B2E8DAEAF049324FD
:10190000892EB1C4FCBEFE0EBECEABB4B944BC3E03
:101910009B04B7549134AD24E81875688101002BFD
:10192000F1D5A734837D8E181EF0D8D50C0CE5F0C8
:10193000DD93F27CFA7C040CEC501EF0828B3E2E80
:101940000050009B1911E760818581217860402358
:10195000EC040210F8304023A11BC12C0C50FE15E2
:101960000E4067607C3EE4C0BEB481A19C0485D576
:1019700063FD000A88A5C7FF78300E15A024960BDA
:10198000E042A43A4298E458090EE8009C14960BF1
:10199000A43AA024E458E042E8004208960B7E0EE8
:1019A000E0300E15A43AA024E458E042E800416873
:1019B000FC34FE14F8604C13980C8914F8304C1366
:1019C000846102A18E088871F45581ADA8F10101EE
:1019D000F27C0C0CC1C3DD93180E2413441AF000E2
:1019E000401AE4820224E40282CFE17C810100C338
:1019F000F2844222640104C04212C0801814F280B2
:101A0000E1C7E17C42129823E1277280A22FE01700
:101A1000080E0823422AFF00442AE48E0614E40E2E
:101A2000864FE17C421288230420F28CC0086401B6
:101A3000F2804212E17C06148623E937728042125A
:101A4000E817D927020E222F4222F8000212FA04C8
:101A5000C07F6BFD4010A11DA05D1C0040105D9378
:101A6000C1C39C00FA3C04CC886B008B602C10092D
:101A700001A183412034C827214F867B0FAE820B02
:101A80000DAE841B5298882B58AEE8301AAE809B5E
:101A9000E47004F0921B0E0BE83057A88435A10BBC
:101AA00006F00F042214E460580E922B53988E0B0C
:101AB000A10BE83080181E0500044C0580000006CC
:101AC000F23C0CCCC1C3DD93FA7C040CEC301EF06C
:101AD000889B007B602C0E090E29846B835160303B
:101AE00060100E4B215F81B11C3486AB7CBE820B33
:101AF000E8880454881B3EBEE8304F080090008BF5
:101B00000195E4C041BE9911EC040210F83440B5CF
:101B1000E02C40B5FE15A11B658014A005C5E09121
:101B2000A10B8101280488D5E42004F06830530813
:101B3000A10B901B7C0486D5E41006F0A40E902B1C
:101B40009E14A804E8304EE88475A10B06F03E040C
:101B5000902BE410F8305205E06014054E189E14E6
:101B6000A10BE83080041E050030520580000006FD
:101B700088A102B19A188891F49583BD0C0C98F154
:101B8000DD93F27CFA7C044C847B1124889B15A4A1
:101B9000FF8113B441F6A12B4C960FFC8A058008F7
:101BA000442A2B3F463AE68A8161668E423A8F1E6E
:101BB000463AE502002465828203E184729842324B
:101BC000739881310F24EFEC41FE910BA11B1FFC98
:101BD0005FFC41FE0294A19B81814184509C421292
:101BE000501A847380734026408A8E83AC8EF00A2C
:101BF0008C0B280EF27C0C4CC1C3DD93E682401A9C
:101C000064010000DF07C0406FFD00025D93C03F2C
:101C1000FB800004FE7C040CEC601EF0827B049BC5
:101C20008161005B8111120B81B101A1030A81C5A1
:101C30008275E23CF0080025F8040045564284A372
:101C4000821172ACFC958F1D6000174AE18400A4DC
:101C50006000161AE0FC02B46000146A7E0EA20F47
:101C6000E580420A6188421AE18400B4422A7C0E6F
:101C70003E3EED80E43010305E27895E89A5E05C51
:101C8000601C4CCA440A8101400AE1808EE5E99C4F
:101C90008101262404CAA414041AE000022AE000E8
:101CA000420AE000421AE5801E27E188420AE05C11
:101CB0008AA5ED80647C0B0A0050823B46206C8034
:101CC00044529C0002067B800022C0002023EC7C52
:101CD000EF8008146C000A047E04A13F4852A11F43
:101CE00004227890A83FEC0482037C14942B253FB7
:101CF0007284423269F8963B0954EFEC67FD008A22
:101D000041F6C0FFA11B0FFCCFFC41F68261610CC4
:101D10000C0A9091ECB5E240B0F13E04E01840713D
:101D2000E01C4051F67C0C0CC1C3DD93F800044C60
:101D300002100A280814EC04E03161FC8341081306
:101D4000831703A57830065BEC040420826080C012
:101D500046C38AC3CD5AF8600AC40A631864FB00FC
:101D60004A427B004663F1949853602CFB144A125C
:101D7000E05C4653F8F5A12B0C4C8101DD93F0009B
:101D8000F804040C60880C3401458A7BF0985852A2
:101D9000D97DDD2E0613FED5440A86038211618E9D
:101DA000618E461AF09840420C34C4274242608843
:101DB0004652F088444270888195F098C11DC564F0
:101DC0004240CD6ED93D1C009C004650FCF5851B61
:101DD0000C0C8101DD93F004FA7C040CEC701EF015
:101DE0000034008B0603E1FC1F1482BB0D3E830709
:101DF0001D348A6B2374845B21A4A02B3E1E829B1E
:101E00000B4E900B7E2E8141093EAA233C3E961B31
:101E10007C5E8A3B6CD88C5BA10BEFF8090486755D
:101E20003EAE81417E24961B3C0E8C5B8D34900B24
:101E3000EFF86C0882D5A10B81410D24961B7E041E
:101E40008C5B3E7E0904FC343C0E80236B18900BA7
:101E5000161BEFF80B64968D090E8CBB0A55944B3C
:101E60002594920BFA204212B0138211A714831307
:101E700083B38D1EE80031EC70A046B2463A801B59
:101E8000828161AE00A5C437880B7C0C7C0C0855A0
:101E9000F08C4492FC0C0EC5719848A20A438CA3A6
:101EA0003843B453084E98530D14804B8233820B41
:101EB00009048C5E0C0CB8F1DD93F27CFA7C040C06
:101EC000ECD01EF080BB2904828B2F7443FE134E8E
:101ED000C0017FFD8A6B0F2EB144B32481017E0EB9
:101EE0009C0E913E970E990E41F6150E8B4EE00C0E
:101EF0008D2E900CAD94881E91A4AB544062897EC7
:101F0000420AF0ACC417E19AFC040A2584A5A12B6F
:101F100084E5A12DFC0412158E95A11D400A8201B5
:101F2000C407E19AFC000A158C95A11D7C001205DE
:101F3000820DFF1181A58AF5FC0412058A45A10BCB
:101F40007C041205820DFF11030188A5E4B002F0A4
:101F50008A7B1C0E0AF00B04142BE4C000BC8C3BE3
:101F6000E4A000F0960B3E0E8F14BC1E5658FE44A3
:101F70000D04EFF89924961B3E0E97349544940B6C
:101F80009354BC6EEFF868088E5B0974E2A4000AF3
:101F90008101807582B19C0E808591BDA10B9C044E
:101FA0000101EAE50C0CE8F1DD93F27CFA7C044CCB
:101FB000827B006B60140C19E00040C69475F41D20
:101FC000E0180C2992F5F02DE686502AE500110A5A
:101FD0001921925576D88E0B8C1B6FEC64300070F3
:101FE000E0040206819101550210419CA11BEC0402
:101FF0000060FE9581B1649081110195E500028A2F
:10200000412480E556228211D11DFAAC00B4FE15A0
:10201000D8B761D098710F0E81A14861810103D5B5
:1020200040961824A12BE0080F148485E184002435
:10203000813116036FEC5008F2A4421267FD008A4A
:1020400041F6C0FFA11B0FFCCFFC41F681011C0C27
:10205000847102A1D1AD8861150A80C58075E4FC48
:10206000F6E5A10BF27C0C4CC1C3DD93FA7C040CA9
:10207000ECF01EF0866B04886010021900A98191B3
:10208000060E6010C00072C088BB1D9E42967E1E68
:10209000C00167B98B1E8004110E8D1E632141564D
:1020A000150EC0016EA100061B0EC0018F1E840B11
:1020B000191E931E973E8C1BE80048C86C0400A0B4
:1020C000E00842C6741C010A090E8101808800A440
:1020D000045002F0E010101A1C00020580000206F5
:1020E00000105E050904B18BED80420AC00842C6AB
:1020F00042C6A10BE5AD00088A95FC1EA10BFC04AD
:102100007E148A350E0B907B4998962B18B1E80007
:1021100004068111960B6008EFEC72C8E69E4E7AB9
:1021200000068375E7AD610084159D0E00F018343C
:102130001A44E4E0E1EC0B76901B3E0EFE24890489
:10214000920B3C0EE80040C86D0C9D04937B82917D
:102150007C04FA350C0CF8F1DD93F27CF87C040C6D
:1021600061064E0AE08812246006500A0F4488CBAC
:102170004E9A866B8111669EE6A2509A8E630D344C
:10218000402A10C3101EE68AF0A44E62650E443A3F
:10219000F0A450C2E58E463A8FAD81C546AA56AA34
:1021A000C41014A0D0A456B242127E3588C1D0AC5F
:1021B00052CA91CD546046B2FC15DC00E18418048B
:1021C000425A02C340CAE6960C0CE0028135F07C0C
:1021D000C1C38B45FA00040C480A086B400AE506A7
:1021E0000A2465860244E184E84761B01834680730
:1021F000201FE184E0FC00344042A05F41B8F0942D
:1022000042126FEC0406F2B0404060018403FF31DB
:102210008131070B728C42129FFC41FE41FEA11BD3
:10222000400ADFFC0204F00A8413E184E002401A51
:102230008101180EF2000C0CC1C3DD93601444013F
:10224000083C81310A3CAF41FC000614601844018F
:10225000E41C0030601C4401EC04003060204401A8
:102260004441C21783016010E0244411E028441166
:10227000E02C4401C1C3DD93042E0038A13BFFFCD8
:102280008208844582E5A10B7180482226239001B3
:1022900040009031400173C173C146300623C00134
:1022A00081358803FFFC002E860E842EC1C3DD938A
:1022B000FA7C040CEC501EF0867B090E618400143D
:1022C000E0AC0674886B202384138623E10E401A49
:1022D000E10E422AE1AC0404611E562AE1AC04146A
:1022E000E11E502AE40404B0611E542AE080040672
:1022F000068422230623E0ACF184420204B47C2E3F
:102300007E1EE0AC3E0EA40385B5909B8235919B6A
:10231000E02C521AA0101E05A00C1E15A00001688A
:10232000E020521AA0000088521A090400F8E02C9C
:10233000C000200180101E0580081E15179B80C557
:1023400080B58101BE148904E8004B0860880294BE
:102350000C2582918C137C04E11E529A842E8023DA
:10236000F4B5959BA8F10101F27C0C0CC1C3DD937F
:10237000FA1C044C847B028B866B009B00061C14A9
:10238000E024E0804338A434A044E8009E14980E72
:10239000880B602442B8A4349A0EE800F21C0C4C5E
:1023A000C1C3DD93FA3C040C828B047B60240E19BC
:1023B00010498321866B602460280E591C04809B81
:1023C0002234A32FE0900244682C4888E894142417
:1023D0009C24A4142234980E040BCF1747D8942BB6
:1023E0001A0EE82C0C0C8101DD93F23CFA0C040C63
:1023F000403A006B027BE50AE58A423A000001811F
:10240000C00167D172A04212E03C44866FE8714877
:102410007F218131850B81311FFC41FE41FEA11BD3
:10242000427ADFFC447AE502006465828203E09C24
:1024300072A04222E0A00464EFE86FE87FFD45FE51
:10244000C50DC03F1FFD41FEA11B003F1FFD41FE0A
:102450000C0CC03FDD93F20CA11B005B60084096A2
:10246000640018500006C080070A400040C6E640DD
:10247000190A4000C0FF67FCC00040C65C08A10B01
:102480001814DA00A15D61FCE05702C3D63703C718
:10249000D18018C442CA8AC38413E086E0000212C5
:1024A000E10E421ADD93901E6506440A420A81310C
:1024B0000020E586C0046401F28C42125C08EE1D27
:1024C00041FE5A00C03F1FFCD7076A17A20F5D9359
:1024D000FA7C040CEC701EF081617E3E88BB092EF4
:1024E000E03404098D6EFC1EE80D3E0E602402A946
:1024F000E00040C6150A981596B5E6408904FC141C
:102500007518FE3404106FFCA10BE4307C04949524
:102510008914963B72D8FE2400B0EFFC8111642030
:10252000551D81751625812182114004020AC12E94
:10253000FE15E24089117E04B001017578104065F6
:10254000EC040210A11BC16E0974FE557E8490B18B
:10255000BCBE8101C0717C94B08105B58A75A10BA8
:10256000906B0B6E8984FE14F8100E25A00486145F
:1025700073D8A4342224EFFC1C0480BBE46008F070
:10258000601012157698943B8C8B6FFC8295A10B92
:10259000781050B58D24943B8904A02E0014BC44BF
:1025A0006878960B0B64EFFC88818871BE14826199
:1025B000F4B5C36D0C0CB8F1DD93F27CFA7C040C1D
:1025C000EC301EF0806B064A04C9840A4C45E0C01A
:1025D0000249EDAC4C05E020C40AEDA8EE244C45C0
:1025E000E0CC0449EDB04C05E0C80409E0C404792E
:1025F000EDC04C45E0D00441EDBC4C05E02C040599
:10260000EDB44CC5EDB84C75E0D404C1E0D804710C
:10261000EDC44C45E0E00449EE284C05E0DC040143
:10262000EDC84CC5EDCC4C75EDD44C45E0F00449FB
:10263000E0E404C9E0EC0479EDD04C05E0E80409DD
:10264000EDE44C45EDD84CC5EDE04C758AC48844AA
:10265000CA84C874E0F80491E0FC04A16DDC4C0568
:102660004CC581014C75EDF04C85EDF44C95EDF8C1
:102670004CA5EE484C05EE4C4C45EDE80645EDEC1E
:1026800004C5E0340475E0104C45E0140645EE50F6
:102690000485E0380495E01804A5E01C4CC5E02052
:1026A0004C75EE704C95EE744CA5EE7C83A16E805B
:1026B000EE544C45EE784C8504C58C44A194E0243E
:1026C000EE844C45A4888E444C459B74CC44EE88E3
:1026D0004C45A7B4CE44EE8CEE904C45E010064538
:1026E000EE944C45E0140645EE984C45E01806453E
:1026F000EE9C4C45E01C0645EEA04C45E02006450E
:10270000EEA44C45E0240645EEA84C45E0280645DD
:10271000EEAC4C45E02C0645EEB04C45E0300635BD
:10272000EEB84CC54C3599C49734EEB46D884CC5A1
:102730007FFC59E69F44C020ED844C354C85C8345D
:102740009D84ED806D8C4C4567FC0430582DC0FF96
:10275000E0081806017C18342344FF2181C018C406
:102760006D944C7590B04632183425344C858140B8
:102770000E606D90C00D6600EE344C55EE044C2595
:102780009534FC3E6DA44CC5FFF459CE6D9C4C4570
:10279000FFF8088E0C85994B5082CD9C08405190D3
:1027A00050A1CC04FCF5C0006E3C4C0567000060F5
:1027B0004C05C00600606D98C00265006E204C3567
:1027C000E080068A6601066050C640044C65E00061
:1027D0004C05EDA04C35EE2C4C25EE308875EE14F2
:1027E000EDF80C35EE280C4586B5874DEDB40C257B
:1027F000E4080020E17C18049803FDC76108180470
:102800005802A101A9CDF1B0BEBE82D5EDC40CC560
:10281000EDC80CB580F596CDEE7C0CC5EE800CB500
:1028200080C596CD98F1100BF27C0C0C0CC5DD9395
:10283000AACDEDCC2041FE15A6439833FC75A94DD9
:10284000EDD00C35FAF5AC3DE4040620E1FC08348B
:10285000460206438347F1B0F8B5893DEDB80C4513
:10286000EE240CC598438643F6B5854D6DD80C45CE
:1028700051F69131A24DE00C3EB482F50906A14B10
:10288000188600008605800049F6234B11C1E00C34
:10289000846589213EB4838549F6A54B59F6000C21
:1028A0008245800C82F5A74B600C49F6E00C59F686
:1028B00045F601458921E00CEE584C45EE5C4CC5CF
:1028C000EE604C25EDE00C458235A24D84C5A14B50
:1028D00041F6234B0465E00C8375892141F6A54B35
:1028E00047F6000C8245800C82F5A74B600C41F640
:1028F000E00C47F645F601458921E00CEE644C05F5
:10290000EE684C35EE6C4C254C55C60A4002EE3450
:102910004C05FA148E0B6E34E80C5448680C46E8EB
:1029200053B88E0B8E0B6804680872280C058E0B4A
:102930000C15EE384CA5EE204C05EE18BE0D6E3C85
:102940006E1C4CA5908440020E3C4C050000820396
:1029500081116C04EE404C056E444C05BE1E810195
:10296000BE048F55E31C010AA1ABD6D50C0584D556
:10297000A70BEE1CA50B8225A30B82654AF8829556
:102980008E0B68006C1881858E0B68005518814588
:102990008E0B6800EE180CA580F5A3AB8E0B7C1493
:1029A000FC384208EE180CA58A35A5AB6E080C154C
:1029B0000C0587218411EE404C15830D40104E40CC
:1029C0000C15DC00010A6E280116E0404C05800061
:1029D0000C058E40820D6E20840402108E404C1532
:1029E000E68A400AEE3C0C15EC3800004C05801DD0
:1029F0008E0B4E3CFC385608EE180CA58815A7AB7C
:102A00006E400C050C158721010AEE080116E04006
:102A1000841100000E404C050C05830D4C15EE2072
:102A20000C15CE40400AEE3C0000E68A801DEC18F2
:102A30004E3C4C0550388E0B0CA5E8083E04EE18B1
:102A40008201AFAB000CBE0EA10BE2000C05E265EB
:102A500081116E0426068201FA8000040C258395FC
:102A600000006D9C0C45EC040223EE20043384111D
:102A70000453E030583AE060465AE19244C3E19290
:102A8000468AE0304632E8304433D090A10BE06013
:102A90005995F8F5C1C38181FA3C040CECA01EF0F5
:102AA000548E2D84C010641113AEAF9463D1144EB4
:102AB00091AEC0108D8E8F9EA1C4ABA4A974A564E5
:102AC000A384A794897E8BAEFC6EFE9EBCCEBE8E88
:102AD000EFFC57680C0CD0F1DD93F23CFA1C044C6F
:102AE0000C05806BA10DE0880C1580B5830DE0BC52
:102AF0008F0180A5E0984C050C158BC50C25E14095
:102B00000C75E0A84622E018870BF0840C3582553E
:102B1000A13BE07C0C3580D5460AE0749295E080BC
:102B2000E1D00C19E088420A0321822563388C1B0E
:102B30000C25E8084C05E0A80C15E088875160C416
:102B4000E0340C35E0A00C45E0BC4C15484A82331B
:102B50004A326696095DF1884C5585514842609825
:102B60004C5590880640609C48328C04C42B718878
:102B7000182444470E55E08898737C10E0AC0C454F
:102B80000825C4570A34FC148E53E0880000823DA7
:102B90004C05840882A580C0063057C4C4C7EC0425
:102BA000FC3008C5FC7584CD60BC4C35FDC5982B48
:102BB000F21C0C4C0C25DD93061460840C45E08857
:102BC00086736078823B01514C2582218243608468
:102BD0000EC58345DD84F810E0200C95C487C4C77A
:102BE000FC3012C5FC201285F1B058824AC20ACDD1
:102BF0004610FA1482115C00FA85881D0C55981451
:102C00000C45E03C0210E01C032DEC040443C227F9
:102C1000483386534853E030DA85E060820103117F
:102C2000E0984C15E09C4C15E0BC4C05C1C3F9255F
:102C3000FAFC040C0C15806BA11DE08C0C05823590
:102C4000801DE0880C0580A5830DE0BC8F0180E528
:102C5000E0984C05F2FC0C0C0C55DD930C25E1447E
:102C60000CC5E0A80C35E0180C4BE0B444526048A9
:102C70000C2BF188851B6050E0C80C85E0CC0C75EE
:102C80000C958275A19BE0800C9580F5520AE0744A
:102C90000FB8E0800C55C000548660705202E03CD2
:102CA000AAA3F1849645949D60940C55955BFDA173
:102CB0000C5594A51450E03416A4E40496A3E1FC4A
:102CC0008AA383A79245959D708452020291C637CC
:102CD0001494A031CB3761FCF9A114930CA5C297D1
:102CE000949F6010189592C3B2C4F80C14A5C497B1
:102CF000C4C77C24641016A0C7B786A3669248BADE
:102D00007FFC578E0840C3FFC947E50060200CB523
:102D100088A3964FF00A48AAFC241695FC3016C5E5
:102D2000E68A444A0420A69398936600849DD1279E
:102D30000C2584A59834E084E01C0C454C258221A8
:102D400006306084072DEC040443C227F194460248
:102D5000E0304833E06048030C05DE65FF916134E4
:102D600060944C9573588C2B0C35E8080C25E08C3E
:102D70004832E088861B7180613C4C454240854D5D
:102D8000AB0D1C00E13C4C150C0982D5400AE1D08A
:102D90000026E0904C05C0004C05C0980030409CD7
:102DA0009435CC1060340C05F188483286E5880DE6
:102DB000E40402000614A8130C35E1FC86136084B9
:102DC0000C158317A223601C8403023160844C35E8
:102DD0004C25C23786136088603042234C058F2112
:102DE0004203E08C4C25E060E755E09860380C0524
:102DF000F1884A12E0A40C45895D804330238A455E
:102E0000F09C403260884C254C058C1B68B8E08CE7
:102E10000C15E8080C25E0840C35E01C4C05E08816
:102E20008211608C60844C150223C21744038F11F9
:102E30008C0B6060E0304433E0984C15F2FC0C0CD5
:102E4000E00810A860BC4C054C15FD11E135E0947C
:102E500060A00C050C3587210C45E044400AE04891
:102E60004C25E68A461260980000F18CA8136C1875
:102E700060BC4C354C25803D4C95E09C4C15E09455
:102E80004C05E0C0DD75C0BC60780C054452813152
:102E90000054718000C3E08883558A0B1875F34491
:102EA0000C85F80CC447E0201045C4771075FC1061
:102EB0004872FC1C064DF190FA0C46425C004050F2
:102EC000EC040A50FA65855DE0840C250C459834C5
:102ED0000C55E03C8221601C60844C25EC040630DB
:102EE000C227072D460204534A33F1904A03E030CB
:102EF0002AE8E06085019FFCE0984C05609C4C0549
:102F0000EC040010C1C3F505FAFC040C8781006BCA
:102F1000E0900C05E0180C15E0840C7560984C8569
:102F2000ACD5A10DE08C0C25AC45850D60200C5571
:102F3000E08804047C080225F0884612F810064553
:102F4000F80806C5781806350A25C427C4477C0842
:102F50007C100A450AC5C4C7C4377C30FC0C0A354E
:102F6000A6C3A823906584CDE0340C2506248421D3
:102F7000FD37E17C852786234C05A403040460907B
:102F80000245E08846127C088E34F088C4479A24B3
:102F90000435C4370445FC0C4832FC10893171906B
:102FA0000A00854518046C0402C5E08812547C3080
:102FB0000295E088C4C7FC247C3004C50495C497FE
:102FC000B2C3FC2482F5A3CDE4081240E17C149442
:102FD0009493FDA793CD859700904C559C0040504D
:102FE0009C0048C0EC040630F695A13B8C1B0321E5
:102FF000E8047D28613C0C450C35FFC1126060344B
:103000000C15E6200C25E0944A42E0884052F18CF1
:10301000991B7B00FA004422E0904C250C15B0452A
:10302000981DE0840C05AE051414601C0CC5E084EA
:1030300080A3E0A4E0301453F1B056520F38972D1E
:10304000021180004C158433081460840803E08466
:103050000CA591114C15E0508C1B6050E0304023C2
:1030600060604033FB000034E80855E80C159824F4
:103070000C35E0844CA5E01C04206050051DEC04D8
:10308000E084041446038433A0A5E0600C25A53534
:10309000FF11609486B5832B613C0C250C05827171
:1030A0000A7460349844E084E01C0C35608C0C0594
:1030B0004C25A023084060900A33EC044C25897D00
:1030C0004C75E0944623E0844603E0309865E06068
:1030D000E0880C05E0A40C35E0904C25F1804822F6
:1030E0008E25864D60340C35EC04042060BC4C25E4
:1030F0004C4585414C45E0988033609C60944C156C
:10310000EC0C063060C04C359215862D603C0C15D9
:103110000C2582710674601C4C75E0848013E08479
:10312000608C4C15440386234413E0300C09E060A6
:10313000400AE1D08AE5E0847B0000144F388C1B04
:103140000C15E8080C25E084C217E01C4403822318
:103150008515E06086F5A17D601C0C15E084047483
:10316000E0400C3504238223463AE030A023E0A25D
:1031700082A5862D02098E138201E1E0E1E0420181
:10318000E0880C05E01C0C15E0840C758E13C277EA
:10319000E03042034C058F010C0CE098DD93F2FC0B
:1031A000E0A40C05E0840C15F1804052812D021141
:1031B000E0844C1598449425E01C0C35E08C0C05FB
:1031C000EC0418401814191D86C3E084E0305853ED
:1031D000E06058030C09F8050C55E1D0400AE03CCA
:1031E00002A5E084F0884052680849E80C158C1B61
:1031F0000C25E0840C35E0909844E01C0840021156
:103200000A14EC04891D608460844C1546038A33DB
:10321000870160606030462380000076E0984C05AE
:103220008BA5EEA5606014A348A286C3A443FB103F
:103230008E05984D8211184460844C1508408433E3
:10324000091DEC04E0840814402388034033E03077
:10325000E825E0600C3587F50814601C0C05E08457
:103260008833E08CE0304623E0604603E1D00C294F
:10327000E084440A000482E58C1B7B00E808454892
:10328000E0840C15E01C0C25E0840614440386231E
:103290009804E060E0984C85EC040000DE65811D38
:1032A0000C3583B5A4536040E0A2463A82A5865D02
:1032B000001982038211E1E0E1E04011E0900C2569
:1032C000E01C0C05E0840C15E08406144023860302
:1032D0004C85E030A404E098E0A40C35E0900C2587
:1032E000862D80330C3586C58033E03490A5872D3C
:1032F000601C0C25E4040810603C0C35E08402449A
:10330000E0844C4544038223423260304413F08011
:103310000C09E060400AE1D030F8E084E7B5DFFC5A
:1033200086F5A11D601C0C25E0840614E0400C45C8
:1033300006338433484AE030A033E0A28285883DDA
:10334000040982238201E1E0E1E044010C25A404A8
:103350000C15E01C0614E0848623E084E03044036E
:103360008F01027160984C0531888F1B8C0BDFFC3C
:10337000F2FC0C0CE0042708E0FC0C05E1000C1545
:10338000E0944C2560984C85F180402260BC4C054F
:103390004C25A223E125E0C0F81C040C8161022425
:1033A00060200015004581718834E0A0C8C48A54AB
:1033B0000035CA248653601858529853825B70882F
:1033C000044055CE81D5EC10827102847C181085A2
:1033D000F098528260101295B0C38861D5CE92C326
:1033E000FC75857D60881844EC04084070B04A1272
:1033F0000A50983318C06C3081F5EC4082214D742E
:1034000002858264C477FC307C300C950C6588C1E1
:10341000B283FC1CD58E8C83FC35892DF01C0C0CE2
:10342000C1C3DD93F87C040CED801EF060BC007518
:103430000035FF61811160C0601800254015818151
:103440004065E07C0015E08800C5E0B44065E0A878
:10345000253EE140E088067460D8003500458623AB
:103460001620606C4ACAEC40812166864686213E61
:103470002833E03C1B3EA051E440061008100B37F7
:103480007C3EE410E4080610CB570211853707474D
:103490008317195E81513E4E8141093E0015951EEC
:1034A000931EE0DCE0E000150015FE1E8D1EE028F6
:1034B000E02C00150015911E8FCEE0241D1EA37E6A
:1034C000E08402C481110B1E8EC32B1E81113CCEE1
:1034D0001A38971E0AA0E0000B0AE4041A48E720F5
:1034E0001615C000A24D60105E45AD6E5E25C05C35
:1034F00098F5C04CC41727BE60AC003519748CBB5E
:1035000006C58E6BAB34FC0404CDAEC32B3E8833B2
:103510009C0058204E600E05298E9C00AF4E988B63
:10352000E0B000358BC48F44FC040615608406149B
:1035300088338E13E032463A463A9DC490CB66B249
:10354000E5000630463ACF370D34E692421A86132C
:10355000421AF00A0210E68ED117E6001E4582CD0F
:103560005820005C1E859C001E758050826580443A
:10357000966B2F44E0884095A14BA984811180C5AA
:1035800081E5AB1E966B01E583413C14E14040951B
:103590009413A5247B084412A52E8111A374AB1E9D
:1035A000AB249B14822DA7B4C00013F81278A34D4E
:1035B0004C80400027CEDC0016158321AF2EE01092
:1035C00060201625E0880814E0200035E010001582
:1035D000C42721C4FC100665FC0806257C100245A2
:1035E000100599AD93C48C239E6599AD83ADFE14EF
:1035F000EE34AA85FCC482140215C43742C2FC0C06
:103600001814FA044C22E08CC267F1B01E95906D3C
:103610004C8000580FB89C00298E8000E4100E40AA
:10362000C77740C4B3111F1EE686442A18259D148F
:1036300010207C0C1F34E4084E7AC58782CB668646
:10364000AD110883483A10714977E686E098022464
:1036500006060E830283E0041043831113E58F8175
:103660001F5E83711615805B1665F8301675F8209D
:10367000298EF8102C84C41706C5C467C4777C044F
:10368000FC1806657C1C06750635C4872904FC20D9
:103690008E639863866315347A184632E0840C246E
:1036A000806DA6631D849245E4100E40C7770A0B17
:1036B000844342C466A24E7A9F54C4477C041815C2
:1036C00045778471087390CB027391814872901191
:1036D0000414708C0606E1908911600887710BF55F
:1036E000F8101675C477ACC47C1C06650635C4C7D3
:1036F00089C4FC3046C28C334C22FA0CC267F18C70
:103700009EE5906D1840298E0215E410C7C77C1CF9
:1037100084431D740243918144CA88118643669E86
:103720008ECB4447060604214527E00804438571F3
:10373000E18C0414851107358A0B006BA374AD94DA
:10374000A7C4AF448D559F54C477AC74FC1C0615B8
:103750004232BE340614FA044C22E084C267F18C73
:1037600092E5906D1840298E0035E410C7C76014AB
:1037700084431D847C1C063558CA877110C1E6A29B
:1037800049C786131843843110CBC41704348243CD
:103790008F81618860040606442A89118223E6B27B
:1037A0001124EF2F424A8443421AF00A8613E68A14
:1037B000826DF11F80501E6580581E9580441E75D5
:1037C000AF4488C5E088409523749714A7C4A34BE1
:1037D000971E8211001584958EA360F060A00025CD
:1037E00085418731442A94130610668E853DE41086
:1037F00040485E154015831181B5E07C8195AD94FC
:10380000906B2D94A7C4AF448135A374A7C4AF4473
:1038100088B10C8B926B182B8AAB2514F0A85272CE
:1038200025A8829DA16D9FFC97248215E0F00015CC
:10383000832D8221C08840651EF001114015E5806E
:103840000C0CE098DD93F07CF87C040CED801EF00D
:10385000FF31012160804025E03C4A86606C0025F4
:10386000001581B1816160B4608C40354035819133
:10387000A453614460C00035E440041060A800C552
:1038800000458B27A93EE0BCE01800A50410092ED6
:103890000727E410E68646CA44427E2E4427F1B04C
:1038A00050A2A031041070880211E4080527CB371C
:1038B0001F3E8317E088064486A3215E81310F2EC8
:1038C00000159B1EA51EE0E4E0E800150015991EFA
:1038D0008D1EE0ECE02800150015931E971EE02CCD
:1038E000E0240015231E95CEE08402C4B81B111EEF
:1038F000FF117C1E81110B1E81C11D1E0D0AB1A579
:1039000018B8E31CA2CDC0005C004E30DC0046C0FD
:103910002DAE965520248CAB0015886B98B360AC07
:10392000C4279F44FC080215F1904E120C05867DB9
:103930009C004E308E9B2F9EE0B0005591749514E4
:10394000FC080A2560840A2482538823E01E4A5A10
:103950004A5AA374927B669EE5000A504A5ACF5792
:103960009314E686442A8A23442AF00A0420E68631
:10397000D127E6001E95847D4E30005C82059C00B8
:10398000A1CB0C4BE08C404501E580A501D581B170
:103990007C248C4B404581B183C161448823A914A8
:1039A000FA044222AF94A91E946B211482BDADA4E7
:1039B000C0001348833123CD5C0046C0DC004A9030
:1039C000C00011B8ADBEAB7EF8101425E020005544
:1039D000F82014C5C4272514FC080AB5601000257A
:1039E0000A75C4C7836D7C30FC3004C58EB30E6588
:1039F000836D99148D149C25836DA8740214A6857B
:103A00008924C477FC1C0215FA044422E08C0224A9
:103A1000F1844AB2925DC25780000FA812C02F9E57
:103A2000278EE410C014C797B3113E1EE68650BA25
:103A30003EB4A314C58784816686529A16B59883CE
:103A4000ADC17C1C582A10914997E6B2E0040E06DD
:103A500004B412830483E09810C3839113458F81CB
:103A6000A78E83211475A8241485E0102F9EE020D2
:103A70001495C427C47760307C080A150A75C4877A
:103A80000A85FC1CC4977C20FC240A5582731B14F5
:103A900090732F940AB40A734E12E084AE53FA1C4A
:103AA00090E5925D10C023944214E41096C3C7873A
:103AB00066A6508A0215C4C78481FC089883C5870E
:103AC00090110283709C5882E19016149181121B10
:103AD0000E060B95A78EE0081415A884C487E01085
:103AE0007C200A750A15C4178F54FC044E528E139D
:103AF0004AB2FA04C257F19C8665925D85912F9E69
:103B00007C200415E41004C0C727238402C396C395
:103B1000442A88118EC366A2161444C70421E18C7E
:103B20004527901B04C39181E0080E06852105D529
:103B3000925B0D05C4777E24FC1C0A15FA0444220E
:103B4000E0840224F1844AB2925DC257AF9E980588
:103B500010C0278E0015E410C787601496C3239405
:103B60007C1C0215E0040E06E6A6508A8223108112
:103B700084114987C42710C361881614121B84C39B
:103B800007218F8142BA89919213E686E51F172497
:103B900042CA82C3421AF00A8E13E68A825DF11F7E
:103BA000805C1E55404588C5A33B608C882B1D1446
:103BB00048202784ADB4DC0082112B7486959D1EAD
:103BC00060F40015984B84CB718446220230FF21AB
:103BD0002924EC409514841D5C0044301E25833D4F
:103BE00083114050608040158B4E85318145A92E50
:103BF000ADB4A78406CBAB740840826110806C041E
:103C000014A0EC108A9B6C108E3B0145925B7F35B3
:103C1000834DA9149FFC2758A13D8B349D24821508
:103C2000E0F40015832D8221C08C40351EF0011177
:103C30004015E5800C0CE098DD93F07CF87C040CDA
:103C4000ECA01EF060BC00854015FF110015E0904F
:103C5000911EE0C0E0300015E01800B500158D1E83
:103C60008B1EE024E064001589BEFE8E81110F1EBC
:103C70008111131E81113E1EADB5FC1EE31C050A09
:103C8000C00016E860200075E08806A47C0C16854C
:103C90008F1482210E95C487A11B7C2096C5932E7C
:103CA000B413FE149645B01D60B400150655963346
:103CB0000625FA10C457E0207C140E450EC5C42713
:103CC00004107C088727E410FA1044226010009545
:103CD000082492C34CC2E0841285F190A36D7C202D
:103CE000A4B5BC8E601400458B94C2677C14084553
:103CF000E4100A8098834757E6A64A5A640816409B
:103D000045B7882356BA9051C95766A6C4270A8377
:103D1000848308B1C7B70D44448A9683442AF00AC5
:103D20000420E692CF27E5001EB5846D9AE5801049
:103D3000846DFC24C09040A589B4BE24C0085E6593
:103D400098B5A12BE0F8002544A291444822F188BF
:103D500083217A10BE2E914E00658BA542B260B4CD
:103D60000245F08C00B5FA100660E0144447E410F8
:103D70000E25873716C5FC104A32FC2004947A08B9
:103D80000654E0844622E084A33DF18CC0101EB5A9
:103D90001645A25550C27C103CCEF0A4E40816C0D3
:103DA000C5B70BC4844108838A83454766B256BAB7
:103DB000484AC487C23766B288B10D54C7B70841B4
:103DC0009643C747484A9043484AF00A0840E69657
:103DD000CF47E5001EB5883D1EC580109865800060
:103DE00089B4FC4440A5883D5E35C090BE34C0080F
:103DF000A13BBCC4003596159144E0F8F18C46A275
:103E00007A104832914E833189D5BE3E10A00C34D1
:103E10000484EC04A01160887C08166502248B17CA
:103E20000E45C437C467FC0CFC180425FA0846127A
:103E3000E0880234A2A5891DE08C0234F18442C2DC
:103E4000A0F5A31DB3414024669248CA8BC4C21793
:103E50007C1804253C6484410A60C5478C43641087
:103E6000AD614757E6B24A5A66B2582A1051CC277C
:103E7000E69A463A82C14957C3C70A4386430D347E
:103E800098438443F00A444AE68E442AE50004201D
:103E9000841DCF27FC2496C540A5841D5E15C090C7
:103EA00089B5C00810A002440454EC04E0880684DC
:103EB0007C0C16358B67A0610234C4570835E08846
:103EC0000E45FC044C62FC140664FA0C893DE08843
:103ED000066490054622E08CA33DF18C40248E556B
:103EE000E40808C0C5470B74C4C739517C040415E5
:103EF000484A9B21C237669EE68A449A4A6A08412C
:103F000004C3E696E69E441ACC174747822108C3AD
:103F1000C3270AC30D2482C342CA84C3421AF00ACB
:103F20000210E68ACF17E5008465823D823DFC14CD
:103F3000C09040A5C0085E35A11BBE140015825577
:103F40001114E0F842A2A2A3111EFA04BE1E8311AE
:103F500090AB111483AD93249FFC2928D0F101115B
:103F6000E0984015F07C0C0CC1C3DD9360AC0015EB
:103F700000258141815160A08185843406CDC5C46E
:103F8000FB3046321C004850855D82514045FE158D
:103F9000DD93E0B8F87C040C601802658E35A32B25
:103FA000E04C02559465815D080406C40C25E08848
:103FB00088637C106C040E00804B8381E0880624AB
:103FC000FC0C183586AB03F5F8040C951895C497CE
:103FD000959DFC24879D82A502A5826516A4E0B468
:103FE000F7B7E17C8EBB16A3949D8BA7A38B80951E
:103FF00088BB82750C6002810E70EC1092AB6C0471
:104000008A8D964B9854F8451855C45781C5FC14B1
:10401000040406340C25E0880824FC080655E088D2
:10402000804B7C1002C58A3BC4276020E340021904
:10403000FC081825E686463AE686425A865304214D
:10404000822385274800855D880BDC00F07C0C0C02
:10405000C1C3DD93F87C040CEC801EF0E0840015F5
:10406000B0F5A11D601C0025E08412141273849326
:10407000A17DE0300045AED5875160A0E0601233ED
:10408000E696504AACA5913DAC75A13DAC25917D1D
:104090000C70092E0045E40C00A5E0B4A041E0D46A
:1040A000617C0A44FA8004A4F7570F2E04A40A4343
:1040B0000B47E1A00D4EE1A7E088086460180055A9
:1040C000FA801624FE2EFCAE54520B5E0151F09085
:1040D00081C5814182616924E02000C51825C4277B
:1040E0008421FC0848228527866DFA100FC4FC85C0
:1040F0001223A01D8EC3C02CF0AC4EC25B1C4E22FE
:104100009CF5A3CD892D8D2404B09C85FA2DEC045B
:10411000917D9C150D249AC5E18406B40CC00BA4B6
:104120003E1EE404E0880264A8230F1E82A34427F5
:104130008191262360AE462AE08804448C8B01B12D
:104140000315A6CB6924A4C3821482810215C42757
:10415000C417FC08A6C3181360000412E80002127A
:10416000A29304B3FC058E8D18900B840F14E40801
:10417000E40806B00325899461148283C024826117
:104180000415C4170025FC04442AE0248A1366861B
:10419000E50004204A12CF278E6DF088FE14FAE560
:1041A000F420028A0C3488D585C76108F1B04662D4
:1041B00086E5A03D60D000057C248CC342CA8AC33A
:1041C000D107F00AFA800004E692400AE68A421A11
:1041D00005078401E600021091170603820D3E04D4
:1041E000D0A44002C1E00019C4040210C1E0401193
:1041F0000C0CC0F1DD93F07CF87C040CEC401EF05C
:1042000060A80015007581410025E0AC00A5E0B074
:10421000A31D60A0884E9C4E831384358DF3833399
:104220009CC48254FC100A559C5E985388C4C054A8
:104230007C100A55985388410254885EF18448A244
:104240001870234D4C70E4100855DC00DC00505011
:10425000608806447C3E8E6BE0881614FE0C0C953C
:1042600082A17EAEA2A309138AAB3EAE89738333CB
:104270007C2C14A5CD84943B1493B093F19E86AB13
:10428000BEC4FC840254FEA4C4C78A830EA08EC39D
:10429000489AEC0400D8E01C0E10A0008F13EC0428
:1042A00087738333E174D934AE33D594F13E9233BE
:1042B000182040548875E41060880E440C85846B87
:1042C00006A07E1C0913E404F18448320614073367
:1042D00030ACE0888A9B68007C0C1295E9B492AB04
:1042E0001283B683F18E949B46524054C447F09C8F
:1042F000200100A8582240008305F0908A3B046BFF
:10430000A00000D8EC04001083338113D904877314
:10431000D524CD148403A203A0F1F10EF07C0C0C83
:10432000C1C3DD93F81C040C60A00235022587414F
:10433000463AE0504822E6920630F080874DEC0481
:1043400002358AA50804601883C1E088FC10065570
:10435000C4578644FC1408550C0083F50E0464040D
:104360000675E08810647C1C0685E088C477FC2014
:104370007C1C08950875C487937DFC208B7D820585
:10438000028580C5CA7760B48095907D806B23CB11
:1043900002C180B584CD8C0B0C0CF825DD93F01C8C
:1043A00060A00055004581310254E0180454608833
:1043B00081C5E08C4A4208CB713EF084943E844330
:1043C0008231103E60A000558B3D984BDD93FC95EB
:1043D000F87C040CECA01EF081312D0D0455AC3599
:1043E0000445E10404A5E108135EE10CF1945612C2
:1043F0004A12114E0495F190401261100485F1A803
:10440000585261140445F9AC4CC261180F1EF98072
:10441000F1A44E1258120D7E2C7FF1A0F19048129B
:10442000B87F0BCEA17DA87F7C4EA275E08802B438
:10443000C45709AEFE8EBE9EE0180495E11C0485AB
:10444000E0B404A5FC141275FC041215E020045518
:10445000C417C477FC040A45FC1C0A15E120047546
:10446000E6A2504AF1904812669E4E4A907DB4836F
:10447000044598E50C0461241235E0889304FC1887
:104480000A35C4374232FC0C421AF184924B6692D0
:104490008C258E1DC4B78DB4FC2C08050A65C40795
:1044A0000405FC004662E128463AF18C9104E6825C
:1044B0008825823DC4A78BA4FC2808050A95C4075B
:1044C0000405FC004292E12C421AF1988904E6822C
:1044D0008425861D0435FC04C407E130FC00080572
:1044E0000A05C407B203FC00E68E400A820D7E0472
:1044F00080041E058875A90DE0740415E094420A35
:104500008FC486C5AFCDA0C3C4C78655181588C350
:104510001825F818F034F8080A15C417C4277C04C5
:104520007C080A250A35C437A413FC0C841DA62375
:104530008C1000000C0CD0F1DD93F07C060B803B5E
:104540000C0CD0F1DD93F07CFA7C040CEC901EF0A6
:10455000827B0B2E0240090E0008E4C0E7000440F5
:1045600066400A4001F599C14265816118C0783002
:10457000C56EEC044265D56C4A63E02CC966E02C3C
:10458000E02C4461FC55A1CB608802047C0EC2077C
:10459000E700004000403E0E7E1EE640E4C01230C0
:1045A00064C01440E6400C308181110E12058D4527
:1045B0009921783043389C1A1C1AE81C7FFD57FE5D
:1045C0004002CFFF99217BACF83054054278E504D6
:1045D000690EE81C8F9E9921E02C120541F89C1A67
:1045E000593AE81CFBAC400299211E1A54058DAEC5
:1045F000860B602CE81C4148992111B40C03ED0C8A
:104600009E1AE05CE81C42A8602C0C031E1A80ABCA
:10461000423899210C03E81C809B608C99211E1A5A
:10462000E81C41C88934FC244222FE44B42371A40E
:1046300092230013402A8E38441AE0921144E092EB
:104640000202A13B920B600060000622EBFC041208
:1046500002323E340006EBFCA19D40009C004090DD
:10466000603048030C269033461182818F94E030ED
:1046700091BE8DA482088B04E655818DC8F101019D
:10468000F27C0C0CC1C3DD93E08400447C000A037F
:10469000F0805852E09018C3FD0120C380CD3C0447
:1046A000978018C4440418C08615A31DE68A44CA1E
:1046B000E50E582A658E442A18C08131C100640174
:1046C000728C4422DE27E3C702CDA4CF80F593117C
:1046D0000A298853E22DE1E08B11805540118803AF
:1046E000DD93E3901824425A9833E088E030063591
:1046F000C35DC65780000A06D1944A128215CB3D8D
:10470000E010000B8203C6075C08C03D04439A001A
:1047100048018501DD93E390FA7C040CED301EF036
:104720001E259B2EB7C4E08899411D4E1E25952E4F
:104730000CC06084B5B4E7901E25972E992EE080BA
:10474000A32EBF24912EBD24932EBB240F2EB9245B
:104750008145812108405926A14BEC041F1EFE957E
:10476000E5800A5060004F06E00811068191213E65
:10477000161587D5020AFC1CC7FF63FD48C28C656D
:104780008D1170A4E3904811A11B801A942480E538
:104790000286C32D4811C000821AC3908265A11BF6
:1047A000709C44C20425CE17C22DE030C0000236F2
:1047B000C3904811C01AA55E8205A11BFC20182BCE
:1047C0000236C22D4811C0002314C390163B922B11
:1047D000006B984B787898AB2134EFFC255494CB40
:1047E00002918C0B087188518E188481F055839D3D
:1047F00002299F14040AE0348485E3FC985B1524A5
:104800000D2E9D448B2E8921892E9724FE2E8F24D8
:10481000FC2E9924BE2E9124BC2E932440989B24D8
:104820000101E800E5301EF0F27C0C0CC1C3DD9301
:10483000FE7C040CED001EF0848B7C0E955EBB04A8
:10484000110EFE4EB704A30BB304BE0EB1048B0EC3
:104850008E28890E8675972E817103658E039504C7
:10486000E390000982D5AD0B8E4B7C048B348924F8
:10487000E0200013FE549504BE04BC0EEFFC7068EB
:1048800082719724FA758F2BE0003998E030020985
:10489000B5B49514A10B1F0E021015011D0EE79063
:1048A000C0000046C0385E059B0EBD0481A5B9045A
:1048B00004200438AD3BEC0480381E350000423142
:1048C000A12B82110994FCD5E200002A81A10B746E
:1048D00060080D06400A8131962B66A640090C0639
:1048E000420AC000400AE51E0210E59EC0086401AD
:1048F00072A84002E807D9178111220FEFD8532878
:1049000066A6446A640000004212C100E30772A870
:10491000651E462A442ADE174C02659E0630F9843D
:104920004008640140228111D93772A8962B68078C
:104930008131260FEFD8516800001734C10064019F
:1049400042121B445E17F2A80434E307A20F6088EA
:10495000A61B08236401064004204009C009640125
:104960006008488611B48151852581C1A9BB15A471
:10497000FC10147314958C7E4695FC1452A260C0F2
:1049800012A9F1B046A5E3908295E180887E8C73F0
:104990000E7595744475FC141279E0C04475E3906B
:1049A00018C0E18084416C0488310821991B88512A
:1049B0001F24F6D51B44815191B481C1608806241F
:1049C000193EA41B0F3E8833E5E004806581063064
:1049D00008404009C00A678108628515F094524278
:1049E0005265A9BB1075F9805275FC144E8278C0CF
:1049F0000EA9F1B0A4AEE240006382B5F094523249
:104A00001065A46E5265FC140E69E0C05265E24068
:104A100018C0E18084216C04991B88511104F6F5BB
:104A20001754FF819F148141004A1B34000CE00C95
:104A30000454E20000146880420AE8808135E68A66
:104A400082414D8EFEB5834D0E041B148141E088DA
:104A500065810610933EC0091BC48595E0880A4411
:104A6000829B13648AC39FA466010AC018C0400ACF
:104A7000C009640194B4836582E5A1BBE1800CB5F3
:104A80008265A1BB9834B0B416B4A6B3170AF080FF
:104A9000C0036081800052B56C0414A088618891C5
:104AA000FA55A1AB824117548B4B8E139114F4F538
:104AB0000A48A91B0368C000C00040016696420A6C
:104AC0009B34814105B5C4171B548613F0944642AC
:104AD000C4371364829B1FA40A308A33400A6601DC
:104AE000640118308365C009A13B94340C3582E51C
:104AF000A13BE180B0348265B63398B4F0801634BF
:104B00006081170A52B5C00314A0800088916C041C
:104B1000A1AB88611754FA558E138241F4D58B4BA3
:104B20001B1487459934814106108613C00965819D
:104B30008595933E0A441BC41364E0889FA4829B1E
:104B40000AC08AC3400A6601640118C08365C009AF
:104B5000A1BB94B40CB582E5A1BBE180B0B4826581
:104B6000A6B39834F08016B46081170A52B5C0031A
:104B700014A0800088916C04A1AB88611754FA5589
:104B80008E138241F4F58B4B420A9F349944E6968A
:104B900086131B340613C417063088334009658119
:104BA000933E81411BC48595136488531FA4C45749
:104BB0008AC3829B66010AC018C0400AC00964010A
:104BC00094B4836582E5A1BBE1800CB58265A1BB8D
:104BD0009834B0B416B4A6B3170AF080C00360814D
:104BE000800052B56C0414A088618891FA55A1AB7D
:104BF000824117548B4B8E131B94F4F58D05814124
:104C00006682424A7FFC55FE139EDFFF0D1E923BDB
:104C100059FEFF515FFF7FFD0385FF618C14819179
:104C20008405911B4A60951D58A05C000275DC004C
:104C3000DC004C9092BB191D1C005650FB305812E2
:104C4000941B965B88310291819D82AB1394FA3557
:104C50008C85915BF1A842C2E1DC030A58A008559B
:104C60001B94DC00E088024460880664E0881654E7
:104C700012901213C00A6481FC0C1235E9C00215AF
:104C8000FC2C1295F18C4612063432131394F080EA
:104C9000F08002144A60871D58A01C008A6B9C009B
:104CA0008131121B458E8135813D82318D14FEB5D7
:104CB00082631B148263C467024198CE854D8E9334
:104CC0001B34E8158D35819143FE139EDFFF7FFD78
:104CD000FF4106BB7FFD4BFEFFC15FFF8191038556
:104CE00091ABACA483AD84055C0048C0DC004A10E5
:104CF000589002750BADDC004C40926B4AA21C0030
:104D00008C4BFB14029182AB941B8EB3FA35859DBC
:104D1000914B13944C528E450D0AF1840855E1DCF9
:104D2000DC004A100C941BA412C4E088164460886E
:104D30001463E088670114A01495C0090C65FC2475
:104D400014A5EA205262FC2C3463F1A4F080129482
:104D5000F0800C64936D13941C0048C09C004A10B2
:104D6000011188CB856D816150844832C4040C6088
:104D700040004885D09C421242CAFCF59B44E68222
:104D8000C4179213845E881388310291E6B5819D21
:104D9000022A91140C28E010C0004001FF311B646E
:104DA00081C17F41136E8B757FB18C5B0345FF61C1
:104DB0008A9B8111FE1C12A519A491ABDC0046A0B0
:104DC000DC005610FC280A554850915B4C105C00E2
:104DD0000211DC00851D925B91BB80A5916BFA6589
:104DE00091BBFA25916B8C8542328C450214F1906F
:104DF000030AF0808695E1DC02C41B940AB4E088C3
:104E0000146460881213E088670112901255C0097B
:104E10000215FC141295EA204A12FC283213F19470
:104E2000F0800A54F08002148095835D893D81856D
:104E30009F1480C5E6824A6A98130155668242BA79
:104E40001B54985BC4178A13848E8A1382C113641F
:104E50009F5488618BCB9714420AE8F5815166868E
:104E6000C4179B2454220B85192EF084141B84BB79
:104E70007FC1FF2181E58161919BED94469045942E
:104E80004460DC00919BDC005C005860DC004890D2
:104E9000816D8261912B80A591CBFC05912BFAC588
:104EA00091CB8CC542328C850214F190030AF080BC
:104EB00086D5E1DC02541B9414BBE088E0880C2406
:104EC000E08814C412901213C00A6481FC181265A1
:104ED000E9C002157C2812954C1296AB3213F1985A
:104EE000F0800C64F08002144CCA015546CAE004FC
:104EF0001714E010DC00582002069B248A13C0001F
:104F0000E682421AC4179813848E8413825119249E
:104F10008E238EA3835B97149724EA359BB49F144A
:104F2000E68A400A00138F341D94C4074CB2C4179C
:104F300080B370848111091582AB1504862B0F3E56
:104F40008C4B163B82031B146790000081658151D6
:104F500088410251882108319FC488118845995D94
:104F600093CB80C884C4FCD5841591CB5FFD3F28CA
:104F700088C4C3FF80F591CB91CB8CC490C480953D
:104F8000F8E591CB801689117C0481D58924944B56
:104F900000138B349504E020BC0EFE547758BE04F9
:104FA0001B04EFF80F34941B172482110E038E6339
:104FB0001B0E8EB3851B8E331EF0F0150C0CE50016
:104FC000DD93F67CFE7C040CEC601EF0829B00AB53
:104FD00060940034E18402A4820325C4602A400A5C
:104FE0002984A1714202816140C27BB0A273FA8020
:104FF000F398426240128073CB777298E0EC02041F
:105000000E042E1F0B1EE194FA90402244422E1FE4
:10501000211BFB88EFFC43F6A403201C739842621B
:1050200080084C968000101848AA9F24897EE6AA22
:10503000064406233E5EE1840623CA27442A823BB7
:1050400084C3E012F29844624E22A0C1CBC772988A
:1050500060EC167438BFCB777FFD45FE56CAC03F63
:10506000802B6408E0000E1AE180420A1FFD57FE03
:105070000E06403F5758C0000404EFD4D01761E03B
:1050800045FE241FC03F7FFDFFA1500742CA7C9E02
:105090007E8EE408E008421A406A0B940984E028F6
:1050A000E580420AE188421A6D80420A41FE922B55
:1050B00043FE5FFCC03F1FFC6FD44BE8122B903BBC
:1050C0004B98903B023BEFD423A4802BE028446A0A
:1050D00006CA21841D94E5FCE1FC061A6580420A9B
:1050E000421A960B8E1B6188ED80420A5FFC45FEDA
:1050F000C00447F6EFD4536847FE3E24C03F7FFD0F
:1051000089B4A774446284937E84F2984422909375
:105110007C94F298442292A354CA7298041AE40C24
:10512000420AE0000406E18055FE4000C03F1FFC3B
:1051300061E006A450A7D0271403A62F4212FFA1B6
:1051400045FE7288DFFF7FFC640842CA421A847100
:10515000C7776008E028406AE580420AE188421A81
:10516000ED80420A1FFD43FE41FE5FFFA11BDFFCF5
:105170000B24824545F8963B0131EFD44F188E2B16
:105180008195EFD48E2B0131EFD44EC8963B0B2482
:10519000EFD4452843FEA11D5FFF1FFDDFFC41FE4C
:1051A00082E5A11B963B0B24EFD4446860F80414FD
:1051B000240FC5070131C5174D388E2B81E5EFD47B
:1051C0008E2B0131EFD44CE8963B0B24EFD44348AF
:1051D00060F80414240FC507211DC5177FFD45FE87
:1051E0000414C7FFFF3101880188000480F802140D
:1051F00019844602465AA12B409A6028400AE526A7
:1052000047FEE18404065FFC0033C000E5A6409A37
:105210004022953B47FE7280A10B9FFCDFFC47FEBE
:10522000F00A403A0C0BA00C0C0CB0F1DD93F67CAC
:10523000814101B582414954985DC5C480000A0688
:10524000D1B04A52814DCD5E5D93FCD5C1C3810181
:10525000F87C04CC67900A30E6A0183081610F4ECC
:105260004806088B03A5E0242066809B18A3A51B95
:10527000160E40001478D0000001160606A5900016
:10528000F27D0000484A80B554A2E49C65AE90AC23
:105290000831826104C182518AA88281F8D5956D56
:1052A00088D5E5AD82418F44885B033181C103B568
:1052B00078040A699478A51BE08810647C20008536
:1052C000E0881274FC240095938D809581758095FB
:1052D00080A5928D78044A71946683C182310AA8B0
:1052E0000CA482518D3DFA80A3CDF8958101F6C5BD
:1052F000F07C0CCCC1C3DD93FA7C040CED901EF065
:10530000E0841E75A74E9D5EAF2EA13E9E14A91E81
:10531000E0200E05E08C1E85E0881E65E0801EA55D
:10532000820B250E47F8AD1E1F0EE8140E0583C133
:105330004C05E0180E09EB54DC34E0580060310EE7
:10534000C00B65419E48AB0EE0200E1B5C589C28AC
:105350004C35A9CF4C21EB50C0026D6904C41E042A
:105360004C13E894C00166B16D6D4C414C51C002C4
:10537000C0026D71E8144B2860180E050E29809B41
:1053800090BB604CF0145605E0480E0914199BAE12
:1053900081A16034E0900E39E0940E4978185601EE
:1053A000E7F4030A781056310010810102700404FA
:1053B0005641E460904B780CF8145621E01C0E35F1
:1053C0005001A31E9901604850A1AC0650A1E054C1
:1053D000AB04E058B124AD14EFE074688D51210B9B
:1053E0002FC490A5B11480AB640100600470400923
:1053F0000165E4A04944823BEC040630A13BC14E68
:105400001E05FE75A1AB60909D0E96D5E0A418090F
:1054100012C5A10B8460128064601280E48002C017
:1054200064E004C0E5F006C0640100600860400963
:10543000C002650166010A6018604004C006670189
:105440008DBE8F9E895E8BCEFC6EFE4EB104BE0E6D
:10545000A554A744A904BC0EEFE8720880AB311430
:10546000A1AB2FC405E588A5AFC49551E07018091C
:10547000EE45A10BE074180996F5A30BA114A30443
:1054800000349D24E44000C0A0114654FC2EFE6E62
:105490003C1EBE0E2904921B9F24989B65B8B14404
:1054A000210BEFD890858F5192CB00AB00C0F3D584
:1054B000962B66F06FE443C880AB923B8265A1AB4C
:1054C0009D0497511EF000AE025EE5900C0C940B0B
:1054D000DD93F27C028027040460E67040096401D9
:1054E000924B963BE02C0059FE1EAF043114A71ED0
:1054F000FC6EA001992EBE2E8E1B3C1EA324970E7F
:10550000EFE0480880AB1D04995121AB239EF6952E
:1055100064D10E802B04C0022D14962BA7348E4B21
:10552000EFE06D48A1AB80AB79C58AA512099D510A
:1055300092CB6070D605A10B60580E09650004601F
:105540000660C00240046601670108605B78C0061F
:105550008C1B68109151210BAFC4D0B51809B11440
:10556000A10BE070020BD045E4A00470640106605A
:105570008C1B4009EFFC65E880AB311493512FC4BC
:105580002D7EE91566310480A574C001FC2E999426
:1055900000702B2E3E9EE440E17C0204962B771790
:1055A000820323340A042F04155EE11431048E4B68
:1055B000E7000200A904BC0EE8044808A1AB80ABD8
:1055C0000AF660352F04C000AD24963B0009A114F3
:1055D0008F2EE304B0112B248D2EA3448B6EB124A7
:1055E000FE2E899E9F6495243E7EFC2EBC0E8C5B15
:1055F0009724A904EFE04BA8A1AB80AB0B465875EC
:105600002F04C00021748C2BAB64963B00002D94BA
:105610000270E7108C4BE4406FE058E800AB925BFF
:1056200021AB8E2B52D5927BC0000BC608802F0475
:10563000C003649164700220162B849B254E8E3B20
:10564000E7200000EFF47828A1AB80AB0BD64E75B5
:10565000120BC0002534961B4CB88E2B80ABE8048F
:105660004C15A1ABC0000BE61215AF74122BE01065
:10567000A994E03C0E0BB1440E39E188919EE320E1
:105680008D2E8F4E9F148B1E0070090EA344E730A1
:105690009B14FE1EA534FC3E041027543E3EE440FD
:1056A000BC6E963BEFF843A8A1AB80AB5FFC30B873
:1056B000C0000BF663800E1964500880120BC00402
:1056C000A534962BEFFC5C684A0600ABDFA5E00032
:1056D000FA7C040CEC301EF082AB1914849B157418
:1056E000866B3E5E88BB7C1E6040128947F8941B27
:1056F0008E3B6800E044120982E5A60D8665A90B81
:105700008C25AD0BAF0B7CB4100B9A1561F88E1B7A
:10571000A30DEFD88D158C258E45A50BA70B7CB45A
:1057200002609695900B64206FDC4108A30D8E2BD0
:105730008B3582258E1B100BEFD860A8A30D7CB48F
:105740003E6492958E1B900B6FD861A8100B8C2B2A
:1057500069B88E1B8C2B6FD8921B140B6FD86D6899
:1057600087B58C2B642002607EF8900B8E2B6FD84F
:10577000A30D7CB43E648C558E1B900B6FD86008D3
:10578000100B8C2B6A788E1B8C2B6FD80E098565BD
:10579000C0056FD184E5A10B67FD0E159704C0010C
:1057A0006FC90E290E39C005C0056FCD60090E4BBB
:1057B000C21EC003E0105615E0585621E05C563179
:1057C000E03056436FD85B487CB48E0B80B5A30D98
:1057D0008E0B3E14EFD8634898F1010140162C0E51
:1057E0002E0EE0000C0C8101DD93F27CFA7C044C5F
:1057F000846B028B867B6028A008A218E810626880
:1058000060581019A204802B6678E034C81768101D
:10581000E0440C199C55A51B4E05E014C00167DD42
:10582000E0180C0B98349A2467E14E150C19C0014E
:105830004E03E038C0026FE1E0540C0967E94E25E1
:105840004E35C001C00167ED6FC94E11A10B400577
:10585000603C0C190C2981010C39E0404E11E048E4
:10586000C0056FCD6FD14E014E21C005C0056FD56B
:105870006FD94E31B0A5C00560510C0902604001DE
:10588000C0036491E08804047C080235F088481263
:105890004E358463400167F9E08406046060084582
:1058A000065B82338013612068014E4583414001CD
:1058B00060094E530C25C003063BE1BC4E41E1504C
:1058C000C0056FD167FD4E254E33C001C003600D8A
:1058D000E300020960214E010209C0064E01E330D7
:1058E000C0066025E360020960294E010209C00676
:1058F0004E01E390C006602D0C2991450670604072
:10590000E014E470E0104E0508241A044E15E088F7
:1059100086436014603C0E59E08410248C0B100EFA
:10592000701500158683400260540CC9445A8433B4
:105930004815E68A001BE100C00478117819004977
:105940005013C008425264004641FBB058726A00CE
:105950000049F088C0087815EC004611EB0046417C
:10596000781100494641C00808246D000059E084C0
:10597000400878090E43C427047084734007677198
:10598000677108404651C01106C06E00C0136770B1
:10599000815107657C1400C9649010600EC4C00377
:1059A0001095E08854827C1C8C73F09C780144959F
:1059B00012C4400214A5E08490936060612012BB81
:1059C00044A5988348B3E400C0027801E1BC0E7599
:1059D000E150129B4E32497E519CF09410C9825185
:1059E0009CC6E300E33010C9E4004EC1E36010C977
:1059F000E8004EC1E39010C9EC004EC1F275835D22
:105A0000F27C0C4CC1C3DD93FA7C040CEC901EF0CC
:105A100084BB0B1E80AB2B1481813C5E866B3E4E9B
:105A20008D1EAE04AF74A514FE1EA7944FB88F8EC2
:105A30001639E810981AE094A53B9A2AE010521300
:105A4000E0145223090E8A557401000EBE7EC00771
:105A50008301260E85017C0E2D64A18CFA80020440
:105A6000940B29748D34FE24E8004D286094161997
:105A7000122B940B49988C3B0B64E8001629940B6D
:105A80008E4B6090E094161968004E888D148C3B04
:105A90008904BE748F05FC941619A334CC28E090B9
:105AA0008295C51DC51DCE2800141E6580001226D6
:105AB00000181E15800050C6090E96E5F08440328D
:105AC00060200019E47004F0E120000960805E119C
:105AD000E48002F060845E0159788C0BA10BE80031
:105AE000008B80E58B64879189048D140F048955A0
:105AF000E47004F0608402040C13C407021B80638A
:105B00000C05E2485213E02402F06028A60EE4805F
:105B100057B8BE648C0B68008B11210B88F5FC1EF6
:105B200004F00F04FE14E4700215C4078C03601027
:105B3000E024000502F00203E60EE4805658BC643F
:105B40008C0B68008475A10B8C1B0F0404F021647E
:105B5000C207E47002F00203000BE4805203E01875
:105B60008C0B603CE80055288465A10B808B0B648E
:105B70008B910D14021B89044418E1A84C03EFE03B
:105B8000900B6018C8F11C8E0C0C9E9EDD93F27C6D
:105B9000BE7E8F048063C207E0180C0BE03852030E
:105BA000E0941609C1C3EBB5FA04044C843B066BC0
:105BB0004406027B0C0BE00057B8861BA67DEFD095
:105BC000A97B8225AD7B80A5AF7B8225018586954B
:105BD000A57B8101A77B8285810184D54C03DA0EE8
:105BE000020660284C13E10081D5E038DA0E81010D
:105BF000E0284C0360304C03E1000006E0384C0321
:105C0000E03C4C03F2040C4CC1C3DD93FA0C040CD1
:105C1000847B066B4446028B0C0BE00C54988E1B65
:105C2000AD8BEFD0E00C101AED80420A8000000628
:105C300080704C01A58B82E5012182B5E480006073
:105C400060704C21E4B002700C0C99211318F20C16
:105C50000C0CFFD0DD93F20CF83C044C8C35A51BEA
:105C60006FD106090619C005C0056FD96FC906298D
:105C70000659C00540056FCD4811A10B4821E034FD
:105C80004851E0204801E0249AC5E03067F9060554
:105C9000061BC001C0036009602D06294805C00627
:105CA0004813E0100605E0E0C0016801600D061B26
:105CB0004821C0034805E2804813E0408B45E110CD
:105CC000603C0659F08840326E700019E68018403A
:105CD00081710161E0344811EA700019E020481137
:105CE000EB700019E0244811E68A425AEC70000972
:105CF00060840414E0880A141002862300106C30BB
:105D0000C0166770677102200450400FC00B6771A6
:105D100060304881E5000A40029B853550327C188E
:105D20001085F08840047801F09854C2786054934C
:105D3000F098521278304A850685846188217C0863
:105D4000E400129B5032558E5493F09C52C278302E
:105D50001089F09C82717C000889A4861084E03050
:105D6000917DFA800C4CF675DD93F03CF88C040CB8
:105D700060384611462181510430603CC001647096
:105D800060184653647018300C30C00240026671CF
:105D9000E00C43F68171032579004455F09C506274
:105DA000F15CC95E63005071A0568271E1005051F0
:105DB000E2005051E4005011E1000E0A0430FAD51F
:105DC00040166771E010180649568145EC0418C06A
:105DD000FE95A1CB67F14655040640014655EFF00C
:105DE000C00167ED67E946554611C00140056FD90E
:105DF0004623881BC0026FE9602D46510C0CC0067B
:105E00002438F08CC1C3FFD4F81C040CE0180079CE
:105E1000E0280039E02000C9087006684A3AEC041E
:105E20000049E6920089E0145252601C0059F0B01B
:105E300081016024D26D041840C6080E8E55E00022
:105E4000EC041240E6A6525AD21D9093D96D8C757F
:105E5000D11D8C35A13B8AF5A15B8AA552C28A650A
:105E6000128AF9A088D5F0008895F07D8855F44D08
:105E7000EC081240F4F4130AE57D86B54E328675BF
:105E8000A27FF9940E8AAC7F8495F0004E1AB0136D
:105E9000A17BE116B86382F5E10E586A8255A1CB69
:105EA000E00E406AE016421AE692400A080E8203AB
:105EB0000C0C8101DD93F01CFA7C040CED501EF0FB
:105EC00080AB3D048191255E848B154E1630130EF8
:105ED0003B04E520E0080D068171211EA30EA99E5A
:105EE000270EB904650100A01B0EC002660100A0C8
:105EF000190EC004670100A0170EC006640100A0BF
:105F00001F0EC009650100A01D0EC00B8D8581010B
:105F10009855A10B78901603AC12945BA734A52476
:105F200072F8A344A10BEFDCA13494F516039D4451
:105F3000AC12F890E03016238B4E8C38A7549F4457
:105F40009744894E9944FE4E9B44FC4EBCAEBE4ED7
:105F50007438A544A10BEFDC93448EF51603A134ED
:105F60002C12F890F0A44A42603016238E388C43ED
:105F7000E0510F5E094E8B5EE54008F09D44FE4EF9
:105F8000A754915E9F44FC4EBCAEBE4E79789544BA
:105F9000A10BEFDCA904883511048FC40034A30BD6
:105FA000C0000006C0005835C0605835A14484B513
:105FB000160393245058F890E58008C00423AC12CF
:105FC000894EFC18FECEA744BE4EFCAE3C4E954416
:105FD0006BD883410271EFD804B18891A218846113
:105FE000E4F5837DE5501EF0F27C0C0CC1C3DD931B
:105FF000FE7C040CEC601EF084AB06B8601000233D
:1060000002149941000B81513E0EE014E76000300C
:1060100041568145EC040840FE95A14B6C040010EC
:106020007FFC49EE3E04CFFFE410414AE00404DA6D
:10603000ED80420AEC0400006FF9015A40C6400F9F
:10604000420AE000175AED80420AE4300006ED8073
:10605000BC0EC000800013C8600A402EE7601230FA
:10606000E6A01030E502441AE582481A0224092EFF
:106070007E4EE184E0FC0044C347201F8B4EFC1E93
:106080002012A535A8348101401AA01D423AC686C7
:10609000403AE5820414E5020620F680050A6C8089
:1060A000005BE47CFB8C48226C7C06429C004A101E
:1060B000688C18544A0081510C341C000E54EC00BA
:1060C000A6436F8C789C4C62EC040842ACCF0B6406
:1060D000689008C4483BA75F4D4ACACB4C1AE40CF1
:1060E0008C3B600C420A7C644D6AE580421AE430C5
:1060F000420AE1884052ED804E20509808F5DC00BD
:10610000D28C42420865A12B80000E066C040E2042
:106110000F0A803B4610E47C02201C004472EC8491
:1061200000067B840222C0000804EC7C0A146F8401
:106130002223EC00233FA30FF8904852A83F0B14F2
:106140006C040422A53F8C03F2844232FE3489247D
:10615000EFCC47280070002B0870E42C010A6C5427
:106160000331E47CFB90480200000606E48000CA8C
:106170006200000CEC7C0A426F941804EC000C5492
:10618000AB3F2A4378B05862EC040842AB0F383F6B
:1061900044AA293F471DE400E00C41F6E00C421AF6
:1061A000E580420AE188421AED80420AA11B9EC5A1
:1061B000BE448EF5F6800024F6800244028A8013E5
:1061C0009075E48064740F0A9C158341BD113E04F0
:1061D000402AAE13044466820270E88404206408F6
:1061E000A32FEC04F808460298D5853B6C80061076
:1061F000E47C030A461201210416FB8C02CA40000B
:10620000080CE480023262000A44EC7C18146F84AB
:106210002233EC004AC2A32FA34F789406322A2FD0
:10622000272FEC048111880342220755040BF284C6
:10623000BE248131EFCC496864080670070A8121C9
:1062400001E5E47CC000041664080670E512402AEB
:106250006592422AE47C070A0406832108708000C4
:1062600006CA6C780A0CE480483262000642FB9051
:106270001854EC7C0C346F8C2643EC005862A72F2A
:10628000A75F78B00842382F292FEC0442128A0306
:106290004C78F28804706FCC008AE40C41F6E7FC7D
:1062A000A11B000CC00C41F616B0A40682916C0430
:1062B000848108A10244819586716884EF0F82036E
:1062C00000027F45A1BBEFFCDFFC2DD8B0F13C0400
:1062D000F67C0C0CC1C3DD93F804040C80CB061DC6
:1062E0007A0C4C12FB0442321C005820F1844662A6
:1062F0001C004400670FFF01E17C0CC4698C0EC4D4
:10630000F89840028403AE0F79084C02F9304E022F
:10631000A16D8E6F040484F5BF6170804662632FA7
:106320004229F18C0424A7CF06C476800420FC7C8B
:106330004222EC042263F1846D3FA30F0335841BDA
:10634000A31D860341FC04241FFC41FE0275DFFFF0
:10635000D088400260010606C30760000210062FC5
:10636000A40FEC04941E900EF0040C0CC1C3DD933A
:10637000FA7C040CEC701EF0889B1D34826B00CB01
:106380005022062D5890FA0C52001C0021049C004B
:10639000FB084632718C54829C004C504A107ECED1
:1063A0000D0E9C001F048C1B095E942B0B0E868B1C
:1063B0004378980B007BEFCC7F0182BB7CAEFF1152
:1063C00042F8942B09A4EFCCE17C04647888400265
:1063D000F8884212B61F2E0F56023E6E4E12F0A4DF
:1063E0004072F2A842727928820FF9189835A10DEF
:1063F000E17C0274F08440B272844472441FC20F84
:1064000040F8902B211BEFCC0014BFC181115680A6
:106410009C0440009680000484800000EC040C0082
:1064200044627C840020F1A0050A6C804822E47C50
:1064300042B07B8000429C0056706C7C06149C002D
:106440000A046F804652EC00A1BF788C4EB27EB435
:1064500047F6F98CB0C3600071A04A320B0AA04322
:106460005852647C1EB5FBB0965B00046C0410426D
:10647000EC7C08C240000A06EC0014446F901254F1
:106480001014B17F40A2688002B4F8A4A8C3689039
:1064900000C2201F211FEC04E89000547C7C0214F1
:1064A000F1884432EFC87BE803D59003F29C421296
:1064B000FF01238D020682F560006001E0FC00749C
:1064C000C37743B7B60F02AF79A84272EC040C80D1
:1064D0007FA781A57FFD43FE0121DFFF42229403B8
:1064E000906B7284880E8B240D048A1E806EB8F126
:1064F000F27C0C0CC1C3DD93FA7C044C887B0A6BE4
:1065000076801424E00048C6B4431951090A345374
:106510004A42E47C81C17B946C7C08529C00580008
:1065200000000006E4B012106F9002C4EC001644A4
:10653000788442B22853A90F0252A20F86A36C049A
:1065400068840204E89000C46FC85B0881818131CF
:10655000FF213493849D1E1E82859C0E128A189EF4
:106560008A55E0FC6FC87428ECF8049051E60525C4
:10657000322BE000050A803B4610E47CC1111C0070
:106580004222B2130412FB840834EC7C8131688807
:106590001C004600EC000A246F8800344052A4130B
:1065A000204FF880EC04001268800244E888003430
:1065B0009E1E9C0E0C4C988EDD93F27CF87C040C95
:1065C000887B52C4F0140E65E682521A6090580A15
:1065D000041683C1A16B400044C20DB412249188FB
:1065E000423AA32B8FA4E6860824118419C49B8009
:1065F0008088084410904E72E08808140A70147E57
:106600002C5EE41017649071F0904A721490285E2A
:106610000A94E40C12A460887D97E17CF094567291
:10662000F97112A3708452B2209E8EAF103494B3CD
:106630001204608854B2E08850B270A018AEF0A482
:10664000303E9033E0E0440A020613349524C00043
:10665000C000461586018295E17C18049803FDC7A9
:1066600080838E0F8A83104390130C4E0C0C881E6F
:10667000DD93F07CFA7C044C88AB027B617C107467
:106680001003866B527284BB509FF2A0100BC08F18
:106690006C78921BA11BEFC8D68000149C044000AC
:1066A00096800004848000006080010AEC8402006F
:1066B0008255A81E41FE7F77DFFF7FFD81010073B9
:1066C000A80E987E561B85158203902B6C800200C5
:1066D000E47C010A7B844002C00004066C7C020258
:1066E0009C0050906F840424EC0006144432220372
:1066F000238FF888EC040002A17D248FE8800084B9
:10670000D18000040C4C980EDD93F27CFA7C044C92
:10671000827B0A6B617C0264E17C067481A1024386
:10672000586211B40603F284F90450C2728C4A72A2
:106730005842C60FC65F7904E5B2420AE532465AAE
:10674000E5B2485A428A02334842E502528A72A8A8
:106750000613E582E522465A72A44842E5A24A5A47
:10676000708C5042E532400AF2A84852F9904682B5
:106770008E85A13B06440F2E4A82E17C5842F08C64
:1067800007CBF28C06C4C6CF90CB5680990C4A52E8
:106790009680065484800630EC040A30E47C0B0AB0
:1067A0001C005840EC8408307B904A52C000100610
:1067B000EC7C08526F901284EC00144452A229CF52
:1067C0002853F8A41216B2CF0A5260042693EC04A0
:1067D000E89414C4922B298FEFC86248B41F0F2489
:1067E00081A1300F01E584B3A11DB2B356B2026599
:1067F00004B39088E0FC0614C317430716B0260FB5
:1068000021BDEC04E00004B21FFD43FE41FE5FFF2A
:10681000048ADFFCFF8160FC603880F504206FC8CB
:1068200045E6ECF84E6FE000F18048A2906D1354FD
:106830004040154446A29C004230F384961E9C00C2
:10684000902E940EF27C0C4CC1C3DD93FA04044CE0
:10685000807B026B811158046BC804F65818813193
:106860000404EFC8C21761FC7C7C00048403A22FDF
:106870007C7C02040013FF077001000E411DCFFF56
:10688000E1C000140000581E803F0FFD45F65C1467
:106890004022C3FC009AD180C03F634D200100F824
:1068A000DD1740006D8D0000401AC03E87116682E2
:1068B0006686400AE0144306009A8FA5C03F61C96E
:1068C000200100E80000C000C03C6F2D6682401A25
:1068D000400A8711028666868D95E03061BD009A78
:1068E00000E8C03EC00020016D750000401AC038AD
:1068F000871166826686400AE0800386009A8B854F
:10690000C03C6071200100E80000C000C0306DF59F
:106910006682401A400A8711038666868975E128D7
:1069200061C9009A00E8C037C00020016F2900004B
:10693000401AC024871166826686400AE254030624
:10694000009A8765C02F6149200100E80000C0005F
:10695000C0166FC96682401A400A87110206668611
:106960008555E41063F9009A00E8C022C0002001B8
:106970006D590000401AC00A871166826686400A77
:10698000E62842060721834562D9009A421AC012BE
:10699000400AE68A40002687295943060000C000C5
:1069A00080022DB92686400AA8240206E086400A05
:1069B000D1800004F2040C4CC1C3DD93FA04044CF2
:1069C000E0300229E090440AC0000006C000420501
:1069D000842480F50416A12B40228000442A918053
:1069E000E4500C108171230BC427811190884C62F4
:1069F0006FC86C08987E8C0BF2040C4CC1C3DD93FD
:106A0000FE7C040C6C611EF0133EC0010E09807BFD
:106A10008121604C60BC5E255E25886B81A160B4DD
:106A20000AF01D0EC00164515E25DC345E25E0AC29
:106A30005E25E09CA13B608C06343F2E5E25C15450
:106A40005E25E1045E25E1005E25E0FC5E25E0F8C0
:106A50005E25E0F45E25E0F05E25E0EC5E25E0E8F2
:106A60005E25E0E45E25E0E05E25E0DC5E25E0D822
:106A70005E25E0D45E25E0D05E25E0CC5E25E0C852
:106A80005E25E0C45E25E0C05E25E0B85E25E0B08E
:106A90005E25E0A85E25E0A45E25E0985E25E094F2
:106AA0005E25E088BD2EE084443ABB2E8731468EB9
:106AB000800C0E25E0500E090424971EA32D81386A
:106AC000C40004068121192E9314982E60204231AF
:106AD000042E8131E7C002F004F00D1E0B2EE7D02A
:106AE000E7E002F004F0091E7E2EE7F0640102F0F8
:106AF0007C1EC001641104F03E2EC001643102F01E
:106B00003C1EC001910E832197449D14EFFC5588D3
:106B1000E1141E05AB0B8004E008001AED80420A68
:106B2000C0003C58E10C1E05A10B8004800000B69B
:106B300080004C0580003BB8676000F064400AF0BC
:106B40000D0EC001E77000F000F00B0E090EE7809B
:106B5000E79000F000F07E0E7C0EE7A0E7B000F0BA
:106B600000F03E0EC001642181213C0E81311104F0
:106B700097449D14EFFC5248E1101E05AB0B8004B6
:106B8000E008001AED80420AC1141E05C00000058D
:106B9000C000342861081E05E58008F0610C1E1550
:106BA000E5700AF08004813181110424EFFC4A6809
:106BB00006F03314B104E5307C3EAF24E54006F026
:106BC000804B3E3E825B3C2EEFFC5A2881611B7E4F
:106BD0002FB891540E09E00081116040E09C5E15D1
:106BE000E0885E1540003D1E1E05F3F8AD0B60F415
:106BF000E0985E15E0945E15E08C5E15E0845E150D
:106C0000BB1EBF1E88F5956E60F01E35E7100CF0B8
:106C100018F00044AB14E6C07C6E8C30E17C0A4472
:106C2000A904BECEBC3EA724EFFC572860B41E15B5
:106C3000E70006F060B01E051E258C4B51B8E0C47D
:106C40001E25EFFC1E35E0DC1E05E0D81E15E0C059
:106C50008195E0C4E0F01E15E0DC1E25E0D81E356D
:106C60008410800408F008240C30E5C0E5B00AF078
:106C7000EFF87348819101810E09A9D54000E040E9
:106C8000AD0BF3F81E358A750CF060F81E05E710A1
:106C900018F060FCAB14E6C0FC240631FC20004573
:106CA000BECEFC6E0A442904A724E17C52F8BC3E07
:106CB0001E15EFFC06F060B41E05E7008C4B60B0BB
:106CC000E0C41E25EFFC4D88E0E41E25E0E01E3503
:106CD000E0C01E05E0C41E151E0581D51E15E0FC92
:106CE0001E25E0F81E35E0E40005E0E00211FC207E
:106CF0000425FC2408F07C200631E7500AF07C24AF
:106D00006EB8E7401E25EFF8A32DE0D4DC04809593
:106D100082C5A10B60D01E1508F0840B0AF06750E5
:106D20001924E7406D989D311E25EFF81E35E0D4FB
:106D300008F060D00AF0E6A0830166906FF87DE865
:106D40000E0981114000E040AD0BF3F81E358AF5C5
:106D50000CF061001E05E71018F06104B314E6C0E2
:106D6000FC240631FC200045BECEFC6E0A443104F2
:106D7000AF24E17C4CB8BC3E1E15EFFC06F060B4BD
:106D80001E05E7008C4B60B0E0C41E25EFFC4748B1
:106D9000E0EC1E15E0E81E25E0C01E05FC200245C3
:106DA000E0C41E15FC2404311E0583151E35E104C4
:106DB0001E15E0E81E25E0EC0005E1000245FC2080
:106DC0000411FC200631FC24282BFC24E73008F0B9
:106DD0006FF86848E7200AF0A58EA39EA10BDC049B
:106DE0001714842553388E0B1E05EFFC802B60CCC6
:106DF00060C81E15E73008F067200AF066D89D319C
:106E00001E65EFF812F060CC1E35E7400EF060C84A
:106E1000FC9EE6E00A643E7E1E15E17C8C4B60AC75
:106E2000E0A81E05E0A41E25BC3E9F3E46F8A15EDC
:106E30001EB5EFFC1E85E0BC1EA5E0B8961BE0D099
:106E40006D38900B942B6FC4E00002CAE000021A68
:106E5000670500EA420AC927421AE580420AE1882A
:106E600082A5ED80727D10068101400260B85E85CA
:106E70005E0581A181B160BCE0D05E05609C1E15FD
:106E8000E65006F006F07C3E3E3EE6601E05904B66
:106E9000965B6098E0941E2566B8BCAE1F34EFF890
:106EA000FC9E8C4B1E15BE7E1E05E0BC1E25E0B868
:106EB000BC3EE0D042B8A1541E35EFFC18F060D0C3
:106EC0007CCEE610E62018F01E15BECE1E05E08C26
:106ED0001E25E0881E55E0841E45E0BCBC3EE0B89F
:106EE000EFF8648860A41E35E5D018F018F07CCE69
:106EF000BECEE5E0BD04BF141E55BB241E45E0AC6C
:106F0000BC3EE0A8EFF86368A584A39482919B74CB
:106F10009D0488812B28930B3944DFFCE5D00CF0CD
:106F20000EF03734FC6EE5E00A443E7EBF14E17C8F
:106F3000BB24BD047EB8BC3E7C6EEFF83E7E813142
:106F40003F148341BD048151BC3EBB24EFF861284E
:106F500081513904BB94B7143D44BF34E98404041F
:106F6000F6800C24376EBE61F18442626C8004109E
:106F7000E47C030A7B8850129C004A006C7C0E82E1
:106F8000817C00046F9C0254EC00047454220C9D1C
:106F90001604F884AE83689C82A5A55E719844921D
:106FA0006238880B861B6FC4823B004B8C9B3D4E26
:106FB000BB6EBF3EB4BF379D148202F50490EC0453
:106FC000880B6C286FC46128004B861B3D4E959141
:106FD000BF3E823B2524BB9EF98C404202B4210B6C
:106FE0000235E8A8E89C00248341012183213F2E3B
:106FF00081313D2E6FC445A83F1E882B1E15B263FC
:107000000EF0609C1E35E6601E25E0983B6EE09415
:10701000E6500CF0860B3D0E864B7C6E825B3E7E0E
:107020007758BC2EBB34EFF8BE7EFC6EE09C1E157C
:10703000E0981E05E0941E25BD44BF547678BC3E02
:107040001E35EFF881716098E09C1E55E08C1E158E
:1070500060941E35F18C487273944A72E61018F0F1
:1070600018F07CCEBECEE620E0881E05E0841E250A
:1070700057F8BC3E1E65EFF8FF01608CE0841E856A
:107080001E95806D0C0640885E7580008C1B008C00
:1070900000885E751206902B5A788000920B6FC4A0
:1070A000E00002CAE000021A640100EA420AC100DC
:1070B000421AE580420AE1888225ED80608C5E7587
:1070C0005E05FF0181A16088FF010305E044108A8D
:1070D000048082F5920B6C406FC4588881A18C1B90
:1070E000E08C5E15E0885E0591549B742101855506
:1070F0003003E1114402B013010A7B84121BE47CCB
:10710000EC7C0022400002069C0052606F80061456
:10711000EC000804A19F202346421154269FF88CBE
:10712000EC04042200141B74259FE8805E0581A1F5
:107130005E95E0889564E08C1E2593341E45E1043D
:10714000026460F81E35E088861361008261460E95
:107150001E159DC400C4E0FC983360888013002392
:1071600061045E251E2598435E35E0F41E35E1007E
:107170005E15E0F0882160FCE0EC1E1560F45E25F1
:107180001E2582315E45E0E4801360F8E0E81E458C
:1071900060DC1E055E3580231E35E0F0984360E01C
:1071A00060EC5E151E1588015E25E0D8983360E41A
:1071B00060E85E455E35A121821160E0E0845E25D5
:1071C000E0DC5E05E0D85E1510688B6B1304DFFC15
:1071D00001B5811141249801EC040A50454A9E34BE
:1071E000040CE40C8413E200FCD5A15BE0580E090A
:1071F0001E059334811D6114E200040C8EAE8C2EAA
:107200004611800489116024A50B9324C0000266F6
:10721000E0204411A50B173493148645A31B841456
:10722000CE1480E5E094424A00300E250E198430D9
:10723000AD1BE040400C0615C4300030AB0B8AF5A6
:10724000800C06059C940004800C4605E1101E0588
:10725000A51B80140E1982750410E040A11B6C1848
:10726000E40804DAED80420ACE1488F5E0440E29E1
:10727000F0C042104410292BCE2EFC04800480F56F
:107280004210A50B46159C0CCE14800CE094420ACB
:10729000003082058921643091218125801EA41F40
:1072A000E0500E09420193141EF0E028C001646111
:1072B000F67C0C0CA31BDD939314FA35A31B8414EA
:1072C000FD45F4A5FA7C040CEDF01EF0829B233EF4
:1072D000E0981E35A50EAB4E0619A73E1EB5E090F0
:1072E0000089E0A88013E04860700261AC1E811143
:1072F000E0105615E04C0019A91EE624605000A9C4
:10730000E080440A975ECE78241482E5E084441A33
:10731000020CA11BA41EE200A0000078921B010138
:10732000EFF874E8440AE6240016E0884290400032
:107330007458DC0000F0CFF80AF065600D0EE5D05F
:10734000E59000F000F00B0E090EE570E5A000F0EE
:1073500000F07E0E7C0EE580E5B000F000F03E0E01
:107360003C0EE5C0291483210C3B940B5278924BC0
:107370006604EFF8E1318111E08C400AC0741E050B
:10738000C00040151205A7440819C00C860FE094F0
:107390002554E60EFC1044101FE8AB2B159EC000D0
:1073A0001C08A16DBB04C000A50B800480001F5801
:1073B00060A01E051470C8770025E4409404E01016
:1073C000FF0100230024802D520AC1AC8215C12A7E
:1073D000D707A40B400AA00B1200E1AA0A09EC048B
:1073E000400AE0644420E094400713FDC0C00694C6
:1073F00040281E25D9884632400844350A19AB1B5F
:1074000008258068AB34E018529223140C24908431
:107410008418E120A71B521806298215851BE02C31
:10742000062984158175E028E02406298235851B0C
:10743000E0200629821102214C2A9F1E8135E69AFE
:107440009F1E83118825A16B02641F24832DE08475
:1074500008158685400A60209D6EE088E6A2461ADF
:1074600084D59B3E403A9F24813166A2600A442E17
:10747000E17C02047758932E0414EFC0A12BE19411
:107480000C248E2587E5F680AC0E89011F04B155CA
:10749000E194023476800214E00044068EBB1F742F
:1074A00076800004E5E00AF000102023192EEC1885
:1074B0003344802D918842020884003484140210E1
:1074C00051804222C000045600342D34400AC904C1
:1074D0004222669EBD1ED1848C309024E09A400AE0
:1074E000EFF46FC8AD14BD04407E8406930EE01E19
:1074F00004048DA506146194A62FE0ECF6800C24FC
:107500000460C061804B6C14647C050A48108EBB1B
:1075100002601C001D74EC94FB844222EC7C061279
:10752000688C0A444800814118341C000044EC0077
:10753000447A6F8C40C2E6AAA61378800012205FBE
:107540000254EC0400446880442AE88C8131669E31
:10755000EFC06728802B2704AB2EC0084E62A31E05
:10756000840B71806FC075E81D648E2B0014A11B05
:107570000004D68000009680AE038480E080010A7B
:10758000C0541E05421682952B04E000F18044127F
:10759000A314A12EEFC07468A273A1140AF033449F
:1075A000AD14E5E09024BD7E8E1B0430EFF46968D5
:1075B00046061F24BD04E0000424AD14A433F68065
:1075C000993E8406609C1E0525549EB1A74481C146
:1075D000406AAB0E926B669A93B5910EF08444921A
:1075E000040CD52D0A29E200A40F6064FBFC000AFC
:1075F000444A80858665E090E17C06640663963F98
:10760000956D943B40000606E08C440A40541E35BC
:107610000464A6634422E0880420D08CC0090401DD
:107620009090442284A004208473882482110261F3
:10763000F4B5838BFBFC000A0A0980C5404AE0646C
:1076400098A5E09000741B141934E094E0880AC4F3
:10765000A203B744F0800404E1940224F6800214EB
:10766000EC1802104212823D0424918C021008840E
:1076700042328414065651840424C0004232490424
:107680001F34D1849D04A10D442ABD1EB134E68E61
:10769000E082402A7C14082506318A43215EFC30B2
:1076A000D18000040AF023CE6178E5E0A3C4EFF4B2
:1076B000BD14B10480169803A744A554E0640A09D8
:1076C000E084404A93048885B544A124E69E400A9C
:1076D000847B2F34F6800204A41D1154800002061E
:1076E000CC080210A30F3D1E7C1C0825400A8E43C7
:1076F0000AF060160631E5E05EF8FC30A3C4EFF452
:10770000BD14AF0480169803A744A554909302C1FA
:1077100081CBA90440000E06C00002060006625597
:107720009714C0000A49B9348408E0548C248618A0
:10773000E682401AE4040220E692480A891B8C1E65
:107740003B0480D5801E851183659534A12D1534A9
:10775000A10B84750A2984250424E040040AFC0056
:107760008255F018E182401A1E05A10B02560074E2
:10777000401580000A098000400AE0648285E080AC
:107780008014BB040615A51B4210800C46159C10E6
:107790008311000C1EF0801E0C0CE5F0DD93F27CD2
:1077A000FA9C040C605000190029826B81C1604C66
:1077B0000A1090CE0E14640C0059E0885250606498
:1077C000C00173F06686502A48C592731280E0109B
:1077D000C487640C73F15290907341FF60844A0A2D
:1077E00010069273404000014C8590715292400403
:1077F0004E7290A0100610A44CC5800012740004B4
:107800004A0AE188B28F60800E741A8E10848084D8
:10781000A8711CC400044C85DCC0108440044C8555
:1078200060440E8A08A5C01880000066E040007918
:1078300086D5EE7DE00C1036E49C504A00898635F2
:10784000F38DE048007604C506898000FC8DE02CAD
:10785000068982B5FC8DE02406898235FC8DE028FE
:10786000063980B5FF3DE020013582159301910175
:107870000C0C900EDD93F29C6044000918CEE027BA
:107880004C25A22F2B0BE010FEAC01F68101580E07
:10789000000001065A0EAD7BDC940004400C4C0540
:1078A000E0804A4A40000006DC004260CFF8488889
:1078B0008C1B0301F29C0C0CFFF80828FA3C040C0A
:1078C000EC201EF0829B006B0E603E2E088BEC04B9
:1078D0003C9E86AB012181010141893156988E1B66
:1078E0008C5B6FCC82B5A10B81013EAE81213C9EA9
:1078F000814111318C5B0E1BEFCC55C880A5A10BCB
:107900000C0C90F1DD93F23C81013E8E81213C9E76
:10791000814121318C5B0E1BEFCC54C80C0C90F1D3
:10792000DD93F23C8605A11B880DFF41C1AC080424
:10793000C106484AD19048121780080473FC4000E1
:107940000844C0070840812C424A84048816E18616
:1079500081010C0E5D93DD93E0084096FE7C040CE3
:10796000ECE01EF0886B00BB60181689067B844B28
:1079700004F082AB06F064D0094EE4A07D38880B99
:10798000901B6FFC64C004F0E49006F0901B140B95
:10799000EFFC7CA864B004F0E48006F08E0B0B7E54
:1079A0006FFC7C281E09901B98B160D060C01E3906
:1079B000E084048460B01E5942079623EC0804203A
:1079C000708042B20010C2374EB26C08570DF08C76
:1079D0004257849B9C0052006C080070F09446B2A1
:1079E000845B570D1C004A00EC08003084CB570D17
:1079F00058001504FC0E9C000B048904130481AB91
:107A0000E000541AED84400A9104BE0E81013C0E40
:107A10009195FE0E8AAB0F8E8E5B048AA40A8D9E12
:107A20008994FC74400AB0030F2A669EC008640063
:107A3000521A8B740E00601CC0046400400D412675
:107A4000D7774000400D5E058C9B400020000188E8
:107A5000A0000C06B00A8C6AAC03BC446692400AD3
:107A60006400091A4926C008C000200D200D5E459B
:107A700000004000C00464018063D70706258E83A0
:107A800080000E06824B147ABE14A80A400AAE0388
:107A9000031A6686C0086400200D43265E15C000E8
:107AA0004000200D640100005707C0048073881B4C
:107AB0007B800064FB800C847A804C62E4080010B8
:107AC0007B800274E408411A7A984212591C926B26
:107AD0004200961B00503C00411AE408967B640863
:107AE0004E000D440030BC00963B64086408411A07
:107AF0004600969B00403C000F84E408E408411ACD
:107B00003C005200E40800A06408411A4A00965B59
:107B100000C03C00411AE40896CB64083C005800C1
:107B2000EC041080E000101A3FFD37687E04C3FFAC
:107B30000C0CF0F1DD93F67C71884412E1F5823390
:107B40008401C20700045D93C1C3FA80FA00004CAF
:107B5000E506440A6586400A04208111C2006401DA
:107B600072844002E1CC082460B802040624DA07DB
:107B7000A04F61C879844432FC7C00446010020646
:107B800075988131084CEFBCDD93F200FA04044C87
:107B9000802B046B4E96212B82C5E00860C8001430
:107BA000E1840624DD170603813101716FBC74483E
:107BB000F29C42128E0B980EF2040C4CC1C3DD9362
:107BC000E506440A6586400A04208111C20064016A
:107BD00072844002DC07E527A40F5D93FA00004C95
:107BE000822B4207811104017A8000047B98813145
:107BF0000404EFBCA22FE1A041FEA12B0004DFFC96
:107C0000084CFA80DD93F200FA00040C6FFC7A084D
:107C10000264846B8203E184E01A400AF2000C0CD7
:107C2000C1C3DD9369294386441AC001401AE502A5
:107C300081116582640104204002C200E52772843C
:107C40005D93DC07C1C3A40F04348331A33F68886C
:107C5000422A82218013E68E00145D93C1C3FB800B
:107C6000FA04044C847B066BEFFC77288461C267BE
:107C7000FA800264E69E421AE502441A6582401ABE
:107C800004208111C008640172844002E807D927EA
:107C90000C4CA40FDD93F2048111210B00008465CC
:107CA000040E6C044602FFF0A13BF8084184000476
:107CB000C40402100214FE3500047B80D017FA8041
:107CC0005D93A01FFB8000147A800204A11FD107DE
:107CD00000105D93C1C3E404FA00004CE502482A99
:107CE000E5824A2A6506403A423A882B8A3B6586F5
:107CF000EFBC7388600104068131420042128403A4
:107D0000F907728C60900414240FF917850BFF217A
:107D10001FFC41FE41FEA11B084CDFFCDD93F2007D
:107D2000FA04044C866B211B81710A4588E5A12B5E
:107D30007E81060E481A40004A0AE50A400AE50E0E
:107D4000461AE58E1854658A5607E1D4E184024448
:107D5000003420CF5657E0FC0434A01F4012618449
:107D60004222F094882B72B0EFBC6668850BFF212D
:107D70001FFC41FE0165A11BDFFC41FE4E96010187
:107D8000180EE0080C4C8E0BDD93F2047FFD47FECD
:107D9000860DC03F00000602083EA11B80000206BF
:107DA000409C0634C184081450904632423A810106
:107DB00040964006881E8008C1C3DD93FA00040C7B
:107DC0008A25A12B0A0206130614E000030A7A8012
:107DD0000830F47C81116C807B9046320032814106
:107DE00048506C7C0A069C00184400000C04EF808C
:107DF000A0336C0078B05862214FA15FE184002469
:107E00000632385F275FEC04425288038131728466
:107E1000EFBC6128F2000C0CC1C3DD93FA00004CEA
:107E2000A12B003BE506403AE586423A06208265F2
:107E300083416C048131274F6F38880342126FBC35
:107E4000FF21F28C41FE850BA11B1FFCDFFC41FED4
:107E5000F200084CC1C3DD93FE00044CA32D003B8F
:107E6000E406403AE486423A0820867583316C0481
:107E700068900834211D81C1E17C0A4471904CC294
:107E8000E8880434739458C2DC0048605C004AC03F
:107E900042528803062472845078E17C034AEFBC86
:107EA000021AE00000EAE000420AE000421AE5801F
:107EB000420AE18880F5ED807FFD41FE0C4CDFFF3A
:107EC000DD93F60006067F21E0006001E008434AEA
:107ED000E008421AE40C416AE580420AE188421A4D
:107EE000ED80420A000100060C4CE000DD93F60034
:107EF000FA7C044C866B044B709008090829815168
:107F00001210788C0839E600141078841806E4C042
:107F1000FFF857CE4E461A265856E000DA368181D1
:107F200089A58F4EF0A04042E04000198AA5A11B10
:107F3000E06000198A25A11BA11BA41A081988C595
:107F400044627C204411F0A00019E0104411E020AC
:107F50000019E0304411E0400009E0504401E060C5
:107F6000A42AE070AA14A804E1840624813106033F
:107F70006FBC5628F294421242620F44040EF09CE9
:107F8000120B815181F5F820F0A04062E0104051C1
:107F9000E0304051E050405160704051F09C4062F0
:107FA0008101005E71AC4262040C8281EC0816B063
:107FB00088710491B18B90A18101ECD5F27C0C4CBD
:107FC000C1C3DD93F87C040C060006286001E600BE
:107FD000E610081065100A1059C6F811816160009A
:107FE000027983F5A17BF820847884A58445A17B60
:107FF0008084947406AB8294107AF8200CBA8E8335
:10800000F2985292008E829E46A38EA382B178206F
:1080100002C18CBC04418431085190010EC0821110
:10802000857DECF00C0CF6F5DD93F07CFA3C040C4D
:10803000846B062883814438807B46089111258F04
:108040006FFC5CE8E88C128414041C141E34E0906D
:10805000020B902B6418941B1C14EFFC980E922BAF
:10806000020B9E346398941B9C24EFFC0E1B9A0E0B
:108070001E34E0106318840B922B6FFC0C0CD80E8E
:10808000DD93F23CFA1C044C887B44488101009B40
:10809000846B0A8B860B0B0E902B0E1B68004348DB
:1080A000AB9B883BA59B84050C6002E5A79B8410D5
:1080B000A99B824540800225A39B9C000861867590
:1080C00081258E0B0D149061E45006F0629898247F
:1080D0000B14EFFCE000001A619C4E0A0F24810192
:1080E000200102060206C000881EC000F21C0C4CD3
:1080F00040C6DD934E0A60084E1AE99C8111619CCE
:10810000C1C3FDF58403A72F5C08C30D00061A0048
:108110005D938000F1804012FA7C040CEC501EF05C
:108120006461000081414003FC1EBE0E06088BF511
:1081300001B181A1814D81717E4E92650209881342
:1081400081A160B060F00239024981B18161609023
:1081500060D00229420A9D118033668681713E54A7
:1081600088230813C417094E8141025318858325BB
:10817000C001783110A3F1944842818192B3F2A0FA
:1081800072A04C6282118271FC55851DF051020172
:108190001E15870D58504010FCF5DC0084D5E57D98
:1081A0006184107440828191813170A872A442422E
:1081B00044188E2B00ABEFBCF0AC408272A442623C
:1081C000439881318E2B6FBCFC1480BB0044FE446D
:1081D000061060880444E5108603608482410433FD
:1081E00040B580AE4673E0208408E080E815814DFC
:1081F0000C0CA8F1DD93F27CFA7C040CEC701EF000
:1082000081C13001827B7C0E0C700DCE0BCEE4F070
:1082100089CE81A1FC94FECE1E0889558DCE811198
:1082200001ADFECE89CE81018C058BCE70A8566241
:10823000F0A8509278E01609E43004F078A01619FE
:10824000E4600AF0F8201039E02010499B213C2E10
:10825000E800430878C01609E45004F07880161945
:10826000E4400AF0FC281239E040104993213C2EEA
:10827000E800420881C17E048085A10BA11B8B14FC
:108280007ECE80B50BCE81110D248101F0A848620D
:1082900082A10934F8204801F8604821F8404831AB
:1082A0009C089016EE5581AD0C0CB8F1DD93F27C74
:1082B00058120033143EF080F09040320000190D47
:1082C000001BEC0402C081513C148C04FB044422CA
:1082D0008235843D885B040DC0000016D18C4002BD
:1082E000D0884A02DD93845EFA3C040CEC201EF038
:1082F000828B0A6B847B11948C1B080B6FFC698842
:108300000101902B856591A18835A10B6080121524
:1083100012458131902B6040E0601255BE9E9C0852
:108320008C1B3C1EEFFC6B088435A10B6080121582
:10833000E480049060401245125581319E08E0604F
:10834000902B3E2E8C1B3C1EEFFC69E86C0414A0A5
:10835000A1AB889190F1F655F23C0C0CC1C3DD93B2
:10836000FA3C040CEC201EF0827B1584846B17947D
:108370008E2B13046FFC65C80101901BE00814C626
:10838000A10B857512158855813168C0646012454E
:1083900012558E2B9808E6903C1EBE9E6738901BA7
:1083A000A10BEFFC12158455049068C0C00264C094
:1083B00064601245125581319A08E6908E2B3E2E4C
:1083C000901B3C1EEFFC66086C0414A0A1AB8891C6
:1083D00090F1F635F23C0C0CC1C3DD93FA3C040C71
:1083E000EC401EF0809B1584847B0A6B008082AB7E
:1083F000088064503C0EE410E4400A80EFFC77688B
:108400008415A10B67A00280E760008004807E1EB7
:108410007C2EE7903E0E941B7A388E2BA10BEFFC3E
:10842000A0F180A5F23C0C0C1744DD930E1B920BBF
:10843000103B8C2B0C0CA0F18115F23CFA0C040CB7
:10844000868B086B847B020B6FFC6D88100B8C1B7A
:1084500066388C1B1009EFFC0000E358E20DEC0CB1
:108460001C0040709C0042608FFC5AE80C0C81019B
:10847000DD93F20CF83C044C6201025B81C14001C7
:108480000CC485950E64FB808263608460010C8956
:1084900082734002E8000E7B06A5C487C4777C2067
:1084A000FC1C00955082D3AD5095D08C0489C0003F
:1084B000A18BE0300C6082C540086401986880732D
:1084C000C4679C747C1808858863CF77988E8E83E8
:1084D000588A82C1F4D5EC140C4C8101DD93F03C38
:1084E000F87C04CC81C10F4E81610D3E64090039D6
:1084F0008745C00260340299FA800EC4603002B928
:108500000485C477A1BBFC1CE5A6548A6526508A65
:10851000F09C5222D187F0A756820F848E83F9A84F
:108520008DA4A0BE8EA302C5C65AA864E516486AEB
:10853000E5964A6AEE57D347F9944C42A0BE8CB3F5
:10854000807324444E4582C1A844E904E9444E4561
:108550004E65A0444E45E9C4588AE984F275F40C8E
:108560000CCC8101DD93F07CF800044C8141193181
:10857000185483954C12608402C3F094185B8241B6
:108580000CC9E800C0026001E0880C547C1800654A
:1085900004C5C4C7D96DFC30D0804A520C014A31A1
:1085A00002CBC00440016201FB800A44F855D95D4A
:1085B0000C4C8101DD93F000FA7C040CEF101EF0EE
:1085C000848B026B64090C09807B4002651002F009
:1085D000E61004F0813101650000493EC53EEC041F
:1085E000FE75A10B661012F0E51014F08C1B0E0B3B
:1085F000923B102B6FFC740816F0944B8C0B64109C
:10860000922B101B964B143BEFFC76C88C1B0E0B69
:108610006FFC7AC80101962BE7101EF0F27C0C0C5F
:10862000C1C3DD93FF010024832D841400000006E4
:108630005D93822DC0000016FA7C040CEC901EF0B5
:10864000829B7E2E02063E0E0921E01068F1064E46
:108650004EF8C010920B6FBC811101018101090E0F
:108660008381111E81A10F1E81317C0E0D3E91A5CB
:10867000E088007412058B1E4C78FC000C74E80036
:10868000010A6084C00164004C0392630004680026
:108690001E1580844002800400B3908400010C0108
:1086A000C00C4126C0085E0547FC57F6FBFC100ACB
:1086B0007EA486C5E48004F0647006F01419960B5D
:1086C00047B8E0281409E800808B602CA10B280231
:1086D000400E82454206602E400AE0F8AA12E0866B
:1086E000FA0440028111090E81A10905008A8B0458
:1086F00014A0F43C02F604040CE58000800010068F
:1087000089148F04F18040B2F080000482C5830D8B
:1087100004F07E0406F0E4800019E470960B6028F3
:10872000E8004428818102A10B0483F5E48004F071
:1087300006F07EA48201E470E0281419960B0B0E5B
:10874000E80043C8602C14092802808B8245A10BE5
:10875000602E400EE0F84206E086400A4002AA126F
:10876000090EFA048B1481A192730D344E118F04FB
:10877000C00260016C004CA34C038231C00164094B
:108780006201120B0E344001C17DFB800010DC350C
:108790005201E404C0026409C8F17C04F27C0C0CB0
:1087A000C1C3DD930A448844AA43E904810100431C
:1087B000C34F084EDD938C4EA30F0C0E8101080EA3
:1087C000C1C3DD93603C0209A10B803B4096066566
:1087D000483A8008403AE0020844E1028243FA80C5
:1087E000EC7008498101490D861382A56B7102194D
:1087F000F41DC005460680F5464AE0648311648492
:1088000081118045DD93881600045D93C1C3FA8011
:10881000FA7C040CEC301EF082BB007B6771107098
:1088200012704011C003677181A13EBE81010161D8
:1088300000A4852504F07B807C58E4208E1B6FFC0F
:10884000A11B91181FFD43FE56159FFF82E5800076
:1088500045FE201ACFFF7FFDFB800C64E01782618C
:10886000AC1EB41FC41DA414C00040C688B102A130
:10887000889104816001140AF695C00198F13E14B4
:10888000620142630C0CC001DD93F27C81015D93B7
:1088900060380019A11B8121000002168008409653
:1088A000CC2A8625E02806097CC00824484AE2270D
:1088B00002106686010AEC0440C66440442AE000C7
:1088C000080660120006F000422A80004242E68656
:1088D000CE2CF184E0104613C1C3DD93FA3C040CA6
:1088E000808B066B60380C09210B847B8695810197
:1088F0008E1B100BEFFC78E8409600AB140AE008E2
:108900008445E2A4677112808E1B40038C2B120BEE
:10891000EFFC69484126008BA18BE00C9C0050A025
:10892000E3C8100A0C0C8095DD93F23C8E1B120BF1
:108930006FFC6448A10B8C2BDC0050000C0C900BDE
:10894000DD93F23CFA00004CE1001E06619C0046FB
:1089500066388311C1C3EFB8FA0C040C806B027B3C
:10896000603C41F673D8811181816FBC6000427612
:1089700062988C0B7ED8E8248C0B680CE13C008656
:1089800080188004F1FC421000C600168004E14407
:10899000018600868004E144404600868004E1446C
:1089A000404600860C2BEFDCC0156E0973F54220A3
:1089B000444A40FF4C13E098C0156E09F870003926
:1089C000F3EC4430F87040214C818445402B6C21FD
:1089D00073F942104C13C0FFC0156E09F820408196
:1089E000F8100019F3F84210F810401142108018E6
:1089F0008016F3F8421080188016F3F4F83000194E
:108A00004011C8194081F8300009E030400AF830C0
:108A100082E5E08843F61C04FFC06FFD020E020FE2
:108A20004000F000C3007C019C049C0E9C0E820F51
:108A30006E0D0C09A30BC0360C098415C0386311E8
:108A400041C6A30B002012FD000102064C81BFC1EC
:108A5000803803118000401568005FA842868C0BA7
:108A60008C0B6000E8245B08EFFC76E8FA00040C4D
:108A70008B11006BE8285688612400C6E00042068E
:108A80004C118004402B6C1D00168111E13C0086C6
:108A900080188004F1FC4210400600168008EFDCCC
:108AA000E080400A0E090C0B4000C015C0FF137D8A
:108AB0000E094C038C0B4015E8005CA8E8005C082C
:108AC0006144404680048511018600168004E1441B
:108AD00000C600168004E1440C098016C02B6C21EE
:108AE000EC0402008495E71DEC2C020084B5E71D20
:108AF000EC10020084D5E51D8625AD0B8665B30B11
:108B000086B5B50B0C0C8C0B2058F2008C0BE05882
:108B1000F2000C0CE04035480C0C8C0B0838F200CD
:108B20008C0BE054F2000C0CE04C10C80C0C8C0BBD
:108B300085B5F2000C0C8C0B8575F2000C0C8101D4
:108B4000DD93F200FA00040C8111010168207DA878
:108B5000034681618331614C08368424E11444C6A4
:108B6000903688440866882484148721831104265B
:108B7000F2000C0CE0203C68611440C680048311B4
:108B8000C1838016DD93C713FA3C040C0C09806B7B
:108B9000C02B6C214096B30B4C018000802B0C1D28
:108BA000406682254C01E000402B6C1D41788C0B07
:108BB00040F8E8508C0B681861D10C09807B401597
:108BC0006C790C19400AC02C8201E68667F9008A8C
:108BD00041D6C0030E66003C00048004A17B5A808D
:108BE00066314C038245C0166C1D0C298C0B402B42
:108BF000680C7048A10B8E1B47B898758C0B6844A5
:108C00006C210C09807B402B8855B30B92D5A17B3E
:108C1000683C72C8007B8C0BE1344106029600046C
:108C20004C11E004C02B6C1D000E00160C19FFF84F
:108C3000C02C6CFDE3F0020AC40400106CFD4C0172
:108C40008C0B402CE8044BE88C15A17B217B87859D
:108C5000E00040666C1D4C018A15C02B614C5546E6
:108C600066E010602804C0A3676112600260C09FC4
:108C7000405465C1654104600660C054405466D1EB
:108C80005ED8904B925B6FC0A17B807B280482F5FD
:108C9000663102600860C0AD40A164716178902BBC
:108CA000923B6FC0A17B807B0C2982E5402B6C1D21
:108CB0006A388C0B8E1B680C8055A10B8E0B817152
:108CC000F23C0C0C2804DD93648104600660C099BA
:108CD00040A2652150D8901B7395EFF8C1C3807BEB
:108CE0006451008A80F5C003611801468004871131
:108CF000DD9380166439008A80F5C0026118014650
:108D000080048511DD938016611803466418014ABA
:108D10008414C001E200000CDD9384066661028ABF
:108D20000306C003046601040215800086C58000A6
:108D30006499028A0306C0030456010402158000E8
:108D40008485800066C9028A0306C00204460104C5
:108D500002158000824580006495030A03064002E4
:108D60000414E1040426872104268000E10403069C
:108D70008418841465794011DD93C02B030AC4174D
:108D8000C00F6681028A86F5C00F64F5010402C631
:108D90008000040680000215028A8485C00C66CD1E
:108DA000010402C68000041680000215030A8245F1
:108DB000400A64A1E10402C685210414800004363F
:108DC00002C684268414E10440118418C02B657502
:108DD000C1C3DD93E1180586882888240015A12BDE
:108DE00000090E0DC1180546C000042581B002140B
:108DF0004000042984040210C4040420C00A421A5A
:108E00006E014013DD93C015E124014684288014CF
:108E1000F3F84420430604268414E114042484282F
:108E20008426FC9484288014F3F44420800484264F
:108E3000421080188016F3CCC1C3DD93E1240146B3
:108E4000801880048016C219C1C3DD93FAFC040C9B
:108E50000026006B4C01E00C402B6C1D6518810155
:108E6000811168206FA90C15251BC00BE124034656
:108E700082458424424A881880C5E0800C0C831106
:108E800023F8F2FC3E0EE02088188C0BF3F8421019
:108E9000028608167578E00C81216850614410C67E
:108EA000E1485386FFA12004E1245746C707800804
:108EB000F0044E0080C5A17B6FA90C05A50BC00B6B
:108EC000A40482D5940D80000C298405402B6C1DD0
:108ED000E00C0296680C592881958C0B8008A00440
:108EE0000155C707F0044E00EFFC52E88004AC04C3
:108EF000F835A10B83113E04F2FC0C0CE020202875
:108F0000FAFC040C0036007B4E01E00C402B6C1D7B
:108F10005F788101811168203E0E8181E12401C6C4
:108F2000554600048086E1248064A8048E0B00145A
:108F3000E82074A843A603910321E00C70388E0B3F
:108F40004186E8508014E1140346048C8414E12423
:108F5000C4298428434604260414E11884B88321D4
:108F600002C604868414E124028604968004E00C80
:108F70008E0B009CE8506E88612401C68004A91104
:108F80008E0B0096E8207208600C02866DB8812175
:108F90008E0B6850E14400C6800880045200C70769
:108FA000120AF00480C5FBFC6FA90E05A30BC00BD1
:108FB00001C686B58004E124414600868004E1189C
:108FC00000C600B68004E124014600868004E12446
:108FD000421080180016F3F4E00C02A66C1D0E2956
:108FE0008E0B402BE80C50A800C681858004E1441C
:108FF000C7078008F00452008004A804F445816B80
:109000008E0B2B11E8206E080014A8046DB88E0B8F
:1090100001C6E8208004E124414600868004E1186E
:1090200000C600B68004E124014600868004E124E5
:10903000421080180016F3F4BE048311F2FC0C0CED
:10904000E02016087001000602064020FFC0600103
:10905000DD93801EFA0C040C808B027B8101046B73
:10906000682055084386811149C661480424E148B7
:10907000700102060434C0208858A18B084890244F
:10908000600104060CC9FFC0402B6C19A65F843F29
:1090900060C7D0474652A85F0C49F9B0C02C0CFD00
:1090A000C0E00844442200B5A17BD09049FE80C5B1
:1090B000C03F7FFDA43F883F8311043EF20C0C0C9F
:1090C000E0201208FAFC040C5006006B0C09E1A029
:1090D000402D67CD209E8191E14C05C6E080400A7D
:1090E000C00000160CF54C014006402C8004E14CF9
:1090F00088048074E1E01674E0E014B4FCC002A4BB
:109100000074001E0814E1C0FCC404A4F010000A9E
:109110009405842EF008000A000A9885AA65F00CD0
:10912000F004000A40001368C14C17C6025604AB95
:109130006ED8E0108C0B682061980546FB800074A7
:1091400072FD49C602064020C02073014012204330
:109150002014F180E14C17C68555882A6C080A4016
:10916000775D807BE1900A3473FD4A500816400F0A
:10917000484A8000E13766964A30843341FF73F1F4
:109180000600C5478253641088CB016518C05D8412
:10919000D58EEC04FE75A1CBE0880A447094480299
:1091A000F094403248309034BF4BF03C1F15F61518
:1091B0000256942B8C0B608068206AA80C0B847B71
:1091C00040156E09E14C17C64000AC14C0FF72F1A7
:1091D0006E094C038C0B4015EFF87C088E2B1BA5F9
:1091E00002563E2E6938E0208C0B68207B8000748C
:1091F00072FC43C64012C02002467180C02072C07B
:10920000041000340991E40017C68811083EE14CAF
:10921000E198054608CA85A5EC080A400A34775D3E
:109220004A50E190400F73FD800008166696484A48
:109230002074E13746C086C341FF73F1E1880A44D8
:109240008ACB0801827B0E334DA48155EC0418C0F3
:10925000A1CBDDAE0034FE75FB80189488C3445763
:1092600012C00A13C53EE410F03C4830F495BF4BE1
:1092700091F5BE246040025664988C0B4C91E82016
:10928000403864C54A588C0B45D8E8000C0BEFFCFD
:1092900040156E09FFFC03EEE8000E0A4200820F43
:1092A00040007C044C13FD0440156E09E1980386D0
:1092B0004C03849E40156E09FB80007462E54CB13E
:1092C00017C640158E05E14C72FD49C60546402083
:1092D0000206E198402073012014A043F18040125F
:1092E0008555882A6C080A40775D807BE1900A34B6
:1092F00073FD4A500816400F484A8000E1376696D1
:109300004A30843341FF73F10600C547825364102D
:1093100088CB016518C05D94D59EEC04FE75A1CB89
:10932000E0880A4470944802F09440324830903407
:10933000BF4BF03C0C19F61540156265E14C004638
:109340008819800444208028A22FF3EC0C09802681
:10935000C02B64C56C214C018C0B402BE800458868
:1093600000602044C05465017B8004041911810110
:1093700072C106464F58C0202C14E800002E9F21D1
:109380007C514EA0847EC300EFF86DE8A9910E2BAE
:109390006001020600947FC02C24FB80A01F841F64
:1093A0007C014010880EC30067CD0C09400AC02D17
:1093B00080E5E0806C110C09400AC02B8095E09894
:1093C000F2FC0C0C8C0BDD93F2FC0C0CC1C39FA5C2
:1093D000FA00040C4186006B8014E1484420842884
:1093E0008426F3BC84288014F37C442080048426E3
:1093F000421080188016F1FCEFF87A6883110101A1
:109400000C0C8C2B2278F200C1C3FFFCF81C040C5E
:109410006141001908004015C0D966016145002965
:109420000A004015C0D965C16211003991C14015CB
:1094300081710161E686442A621D00194021C01530
:109440004015630940318121C015630D061007C521
:109450000C4AE4400C1AE000400AF87C0A50E1840F
:109460000E06041094848000500A51848225E49CE6
:109470006C34128012DAA18B420AE4088095ED80E8
:1094800082610271BF8B8505A16B8825009582459D
:10949000C00D696D12C0936B4093842080160BE160
:1094A000F03C528002A5B99B9B8018C4A19B4987C0
:1094B00073FD508018C4400F508AFB8090C3C6A62D
:1094C00088C17D05E5FC0D0A4023F0A5400A68959A
:1094D000FB8008C4688940138833400A6FF1068A0C
:1094E0000A34402B0049FB80002D07CD4013881122
:1094F000400A688DEC040230689140330606400A49
:10950000C0207001688540130214400A4840FB8067
:10951000A61F1C2007CD40410045802DC00D696964
:1095200064F940154015C00BC00B64FD8941095B0F
:109530000E09002B4043C015C00A688112FD44206B
:109540004023C0FF40150E09E14004460086082470
:10955000881EE140801E8004F01C0C0CC1C3DD930A
:10956000F804040C61980B46E0900C144E0014CAE9
:109570000C64F03CA10B7B8000162E6F58228000FB
:10958000401A71B004C4E68202C460C0246FFB803C
:10959000496E862B945AC507020002534A50E404D0
:1095A000C1FF73F18A43016500005154C95EEC04A8
:1095B000FE75A10B4032C4170C0CF084DD93F0044F
:1095C000FA7C040CEC501EF00C09806BC0366E0166
:1095D0004060A30B4F789C004106880002966134DE
:1095E0000004E004E1A050066C1D4C118171402B79
:1095F0000016A07E0C0B8111C0156E0973FD400092
:109600004C03C0FD40156E0967B881017E0EE81C51
:10961000E148418641C60014FC1EE14880048418DC
:109620000C298008C02D67CD68890C0B0604400A00
:109630000229E0A03E3EA61F241FF0274C15C507B7
:1096400040026801643106608311C0284675C11D5F
:10965000021058047E75C404C4100630618D0C0BD2
:109660000860401CC0D9660165C10A6081B140D95B
:10967000BC0E81A1F8044605090EA004E19801463C
:109680008101009A144A8B85141AE000400AF87C84
:109690000A50E1841606041094148000420A511402
:1096A00090E5E4AC8425A1AB696D0C2585ABC00DBC
:1096B00008910C0B4000800A80FF13F19098400243
:1096C00006000EA580280401EC34041080B5E42DBA
:1096D000BF1B4D1E87258AD58A65A11B703C58107B
:1096E000E1C00414B9CB0C1E848B0171491782456B
:1096F0004E10A1CB400F73FD4E7A808BC577C6B25A
:109700009223091473F14020883141FF0203862B14
:1097100081A58E1B0210218B00C5EC04880100007E
:10972000000044C5A11B88214477FCD58E33900BE3
:1097300082A102B1E5FC150A9D01E8E59F010C0E2E
:10974000BC048E0EFC04CC0E0C198008C01562ED12
:10975000F017BE24A20FA40F68014C058C0B400229
:10976000E8104AC8E148418680188004E090420A27
:1097700080188265421080284420F080A22FF37C5C
:10978000F88042207E0480165BB883110186E81CB5
:109790008004E1980C0BA30B80150E099CA4000417
:1097A0000E094C0380858015680049C803018C0BA5
:1097B000451881118C2B6FFC0C0CA8F11C38F27C25
:1097C000C1C3FFF8F87C040C63090019812140151E
:1097D00000C9911540366E09FA800824630D0069AE
:1097E000460240150659F090C0156F41586AA1CB4A
:1097F0000C306692C0DB66106E1146518645C0364D
:109800007A800EC412848181CB9DFA8054928405A3
:109810005602F09C16B9F0A8C01A6E417C85B9BBFF
:109820008404108094CB32538145985681710B9BF0
:109830000A8A80A5837174081876807518C48E5BB7
:109840000C007A80C058664060880EC4E0881244DC
:109850007C1C0C85661014001493C0DB0A0A8C7300
:1098600082217BFCE0405285E8000E8562405285F3
:10987000E08410C464000E7518638C83D08058C2D5
:1098800061405275E08412446801107B949340015A
:10989000527388A3107BE680C0016C01E78052738D
:1098A00060010C795471C004C001610164010C496C
:1098B0005441C004C001620168010C495441C00414
:1098C0004001630118498141C01A0E4162114641AD
:1098D000448AC038DED5F404F07C0C0CC1C3DD939F
:1098E000FA84040C8101006B681C50C80C1B8111A8
:1098F000400A68910060807B402864017001040682
:109900008811C020C517016502104134C93EEC041E
:10991000FE75A11B6148418680048C2BE0198018DC
:10992000830100166FF8798850D881117D18EFF8FF
:109930008C0B680C618D0C0B8311401C4C03820155
:10994000401C618D0C0C8E0B0DB8F284C1C3E01C61
:10995000FA00040C4386026B0414E148E098060404
:10996000F100463044208428262FF2FCE198078637
:109970000C0E84260C1B820940156E094210D0077C
:10998000C0FE73FD4C13A01FC0156E09EFF84DC843
:10999000811101010C0C8C2B35D8F200C1C3FFF8EA
:1099A000E10001868008800482095D93C713C183AA
:1099B000000CDD93C0006101FA0C040C8101006B06
:1099C000828B047B65394C010460402CC0B1654139
:1099D0008C0B0311E80042888C0B0311E8004E2821
:1099E00080D5A10B68485988A10B8C0B0C0C808585
:1099F000DD93F20C457601110931E0005D588C0BC6
:109A0000A38BE848A10BFCB50C0BFC7552388E1BE0
:109A1000A10BE8000111FAB58C0B8121F20C0C0CA2
:109A2000C1C3B145F87C040CECC01EF0600446864E
:109A30004031A51B402B6C1DE0040E06A1810EA534
:109A4000AA35A31B600C41E6E00C59E601A6170EEF
:109A5000110EE004E004012601860F0E150EE0044D
:109A6000E0040006A1010B0E0006090E7E0EE004C4
:109A70007C0EA101E004018601860D0E3E0EE0047D
:109A8000E00401A649F63C0E4BA6E00C03A6600CD0
:109A90000706E00C110660040DA6E00413A660049E
:109AA0000FA6E00C55A6600C13CEE00CE00C41E6CE
:109AB00057F605950006E00C891160089101130E18
:109AC0004006170E0D0EE000150E85010B0E8301EA
:109AD000090E81017E0EA1017C0E83010F0E810112
:109AE000110E85013E0E8101E000400681313C0EE1
:109AF00081910161140601510101E00416068141C2
:109B000081C1E0088BC488C689C48AC6FEC4C8C6A1
:109B1000FCC4CAC6E0184481E0144431E01044C1DA
:109B2000E01C4431E0204431443195348F34E0244A
:109B3000E028443144318D349134E02CE03044311C
:109B40004431BE34BC34E034E03C4461E040446124
:109B5000E0384431E0484491E04C4471E044441121
:109B6000E0504411E05844A1E0544451E05C4451B9
:109B7000E0604451E0684401440193049704E06CC0
:109B8000E07844B1E0744441E0644401E070440191
:109B9000E07C4441E0F10101F07C0C0CC1C3DD9399
:109BA000FA04040CEC901EF0806B251B8101042547
:109BB0009295A31B654102608C0B40B1E84862E8B6
:109BC0009095A10B4C018301C02C6539428687E535
:109BD000040660044C11E004402B6C1D6011020669
:109BE0003E1EC400091C83111516A111E000420697
:109BF00085711F16891125163116AB16AF269111E6
:109C0000040635269706E0089B769906A1769D0600
:109C1000A706A306AD06A906B706B306BB16B90686
:109C200060805E11E41002F0BF26BD06E0845E0194
:109C3000608C5E015E218C0B5EF8E088A10BE84829
:109C40004C7180B5C02C6539C8F18101F2040C0C4F
:109C5000C1C3DD93FE7C04CC806B027B649002F078
:109C6000E48004F0E810496860901E89E0040E2A40
:109C7000E0801E79400101880460C00040B165C1E8
:109C80000155993149168111EC040630FE95A13B2E
:109C900065F104609D3140B1491C8145EC040630FA
:109CA000FE95A13B15C601910785EAF0A10B81B194
:109CB00040628E15047470A8009CFA80E0900084C5
:109CC000799C4202F0AC40626EF1401143F6402BA9
:109CD0008000400D603140914011C02C802C42B179
:109CE00043F1401102B4002C4091FA80002C4171E4
:109CF0004F588C0B1E89E800008060900204E40439
:109D000082B17A80048084A1434AE424020CE408EE
:109D1000500062000273DC00170A8101F205E53C85
:109D2000F67C0CCCC1C3DD93FA7C040CEE501EF023
:109D3000A11B006B65390C09848B402C42668A2577
:109D4000A50B60046C1D4C118191402B81B102C5A3
:109D50008C0B0511EFFC7268A1BB80BBC0000BA887
:109D60006804544880BB8C0BE440108AA1BBA275E8
:109D70000C29A235402B6C1DE00042B6680463E854
:109D800056B68C0B230BE0009ED58181230B9525C5
:109D9000E00440A66C1D4C018205C02B8C0B031106
:109DA000EFFC7008A1BB80BB00C6A49502F0600860
:109DB0000155E42045B681B1EC040000FE95A10BED
:109DC00010600101C0B0657181013E0E15063C0EA8
:109DD0008955E004788110099511400161901204C1
:109DE000429A9E098203E686E630010A034680F520
:109DF0008414E134B71B84140C2982F5402B6C1DAC
:109E0000E008033668045FA80F368C0B230BE008CC
:109E1000E00800C6A1BB88054EB006D52018DC00BE
:109E2000E42004F06140140A8816802300045E9543
:109E300080000E0680005E953E0482C5000481719C
:109E40004092FA80BE0EFB800004BC044092FA806F
:109E5000BC0EFA806C0414A08EBB8281EE75A1AB9F
:109E60008CF5A1BB0004BC04C407FA800E003E04BC
:109E70001204E4108C0B7A80680054A803D5C497B0
:109E8000A1BB80BB40F688D5400061A181B581119E
:109E90006080420A1029902B06F05C000233E42017
:109EA0008C268211E230020A0C0BFC954B58901B59
:109EB00000BBE804E0004F768275A1BB7A80029473
:109EC000FA800474642006F049988C0B80BBE84843
:109ED0001EF0160B0C0CE650DD93F27CFA7C040CA1
:109EE000EC301EF0828B009B0C907C2EC0AF647116
:109EF000F0A05462E2801419E8004C88807B42870D
:109F000067C000A03C6E9063654512903E0EC0B1E4
:109F100001A181B105558181FC248161F8041209F8
:109F2000440AA418D007E08048004D080E0FA20F85
:109F3000FB8002648245830B1084031114A4FA8011
:109F4000B71F7B80828122AF3FBB806B1E0582B131
:109F5000849100048000408180001E05800040A3A1
:109F6000E040160A0101F6750C0C98F1DD93F27CC5
:109F7000E57C030A041482B58E19618C0009840300
:109F8000C02C65C1E484404AE200000C5D93DD937F
:109F9000C1C38101FA00004C64710000041440AF99
:109FA000000BE08480137C08E5000219684C6828E7
:109FB000D0078211F200084CC1C3DD93FA7C044C37
:109FC0006C590019829B402B887B0A6B84AB068BF3
:109FD0008111231BA19B8825A1AB80A5A18B806546
:109FE00000298295402B6C1DE00842966804506859
:109FF000E00856968445A30BE022407AE122427A9B
:10A00000E02A400AE026421AE6A2400AE026400A78
:10A01000020282031816EFFC960B81B1F27C0C4C05
:10A02000C1C3DD93FA7C044C6C59001982AB402B00
:10A03000887B0A6B849B068B8111231BA1AB86E571
:10A04000A19B80A5A18B806500298295402B6C1D6A
:10A05000E008429668044D28E00856968405A30B54
:10A06000E022407AE122427AE126400AE12A421ABD
:10A07000E6AA400A020282031816EFFC960B81B191
:10A08000F27C0C4CC1C3DD9361900414442AA931C5
:10A090000614668E8E39E184812104038131060322
:10A0A000000001E5C09C678170140049E080420A0D
:10A0B000C1900844254F9E49A83F8821E040040AEA
:10A0C0005D93FC95FB8000349F2101118131039544
:10A0D00068840824FB800634E34F804F618C0A4477
:10A0E000E184184484C902591844385F4647E08423
:10A0F000385F88C9A85F90498811235F020AAA3F88
:10A10000F8F5E04000345D93C1C3FB80FA7C040C99
:10A11000EC701EF09D8100AB81911E0B9D110155CD
:10A120000210419CA11BEC0400A0FE9540B165F11A
:10A1300081459D110210419CA11BEC0485C5FE9533
:10A1400070A44CA2FA800E946EF10CB9940B402BC3
:10A150006FFC7108000A8E1B86B5F0046CE91409C7
:10A160000C19C02CC02C62B1FA800004FA800214D1
:10A170008435830B73C040B047079E1B022B9EB9EA
:10A1800083317C008013373FA62F940B8E1B042C49
:10A19000E8004248120A8291F475E140648D00E6BD
:10A1A0009E1B40209D2101650420453AC13CEC04E2
:10A1B000FE75A12B648D40A69E1B4020452A81552B
:10A1C000EC041080A18BC12C7758FE75940B684469
:10A1D0000C0CB8F1DD93F27C833100136EF102199F
:10A1E0000414C02B9E19618CA33F3C29002B8403CF
:10A1F000C01662F94033A43FC01662F9C1C3DD93B3
:10A20000FA7C040CECD01EF002F0009B5C18E4C059
:10A2100004F0680C1239E4B0C02B6C496C4112098F
:10A220001219C02BC02B6C456C4D12891229C02B02
:10A23000C02B6C39403A8D3E1239E682C02B6C3D02
:10A240006686548AE18802045201910140266481A5
:10A250000F2EC5A75221920BC02664915231893E20
:10A26000C02664B112B98B1EC02B6C516C5512699B
:10A270005211C02B402664D1E4A002F064F152A137
:10A2800067D8C026807BE80CA655A17B066445B73D
:10A290007CBEE1888065A1BB82F5A13B6C1D1229C3
:10A2A0004296402B120BE0087A78866B4E96680037
:10A2B000230BE008A0858C3BC5870D044BF67C146E
:10A2C000488AE00C81B1600E440AC5078F04E0069D
:10A2D000BE2E8B140203BC4EE68A424A00000924BB
:10A2E000FE0EEC0400A084A381A16C0452118D0E1B
:10A2F000C02C653D4C928BE50C09F0ACC02B6EF187
:10A3000062B14C514C51C02CC02C63F1F03C420066
:10A3100092D5C51DC81D8D447E149275C20DC90706
:10A320008F1490F59095C30D618C00B4F01C44B06F
:10A3300083413E09044412030019E888402C65C19A
:10A3400008A4868B0AF07A807C14E490F98858126D
:10A3500004340B3440C1FA80402C65C10214920BC6
:10A3600062D8FA8006346FFC807BFA808A15A17B64
:10A370000AF03E041E49E4801E39E0903C04E0A04F
:10A38000FA80020463F14C410404C02C920B7A80E1
:10A39000EFFC64A8A17B807B1E09847582A160808C
:10A3A0004BF6103B4C01E00CC02C62B182B1892409
:10A3B000E53C170A4098E825920B68000E0B807B5D
:10A3C0000C0CE8F1DD93F27CFA1C040CEC301EF06E
:10A3D0008181006B6C590C09A30BC02B02F08A859C
:10A3E0008C0B6420E80C5D8888D5A10B6FDC4006DF
:10A3F00080088191E080404A04F100600060C0ADB7
:10A4000080AD04F90315800AFB800E047A80028473
:10A41000E41008F08C0B0121680042887C0A8E3B16
:10A42000FB80129480938281C18DFC044C93FC15B7
:10A43000C016629998F18101F21C0C0CC1C3DD9326
:10A4400082F5FC1D021483318211FA80F438030A6C
:10A45000081482150834FA80804FE890FC85A14BDF
:10A4600081010816C1C3DD93FA7C040CF80010FCCE
:10A47000ECF01EF0805B029B63FC120AFC2E810153
:10A48000900CBE4E80000B9810504937C0B066B19A
:10A490000E503C3EC0B0643181A101B181617E5E4D
:10A4A0000E098585930BE3C0FC04883580F5A30B6A
:10A4B0006CE90A09A018C02C8615830B7A8002B4B7
:10A4C00055788A0B000AEFFC1E55F00482D5C00CAB
:10A4D00002A41C0804F0E08882A1645082237E5408
:10A4E000806370AD804588BE02B1819582718281A2
:10A4F000E53C170AA1ABF4E50A8B9EE5C0156A7D21
:10A50000C987BC14FB8000146A810A0BD10D401569
:10A510009C005010FB800284C01DC907DC00500065
:10A52000EC18510A3E148465E090006400F0040CBD
:10A530000195E45041249F11EC0414A044118A2396
:10A54000C02C6171FE15A1AB81318B75003485057E
:10A5500002F060880215E4500014FC008A03E084D5
:10A560006E39002B810140158285A12B444A81015F
:10A570004420E08040FF13F9C404000004247E3529
:10A580000A13C18442018231C02C6171F815953BD8
:10A59000947B21068323A1434E8AABE38A25EC20DA
:10A5A000645012F082B1FFB18845D5BD00502464DB
:10A5B000C0AF6471E44004F060840264000B806307
:10A5C0000C19FC0473D8E5002108EFFC0C198891E4
:10A5D000830BE500050102600E7440014201DB803F
:10A5E0000E7040007E54C404EC204E8AC1C3F6B500
:10A5F000C8773E040101807C18FCF8F10C0CF000D7
:10A60000DD93F27CFA00040C0246026B0414E1288C
:10A6100084348321657500190045C01BC0066D494F
:10A62000657900098231401BA111232F880B212F4E
:10A63000EFE875488101180EF2000C0CC1C3DD93E0
:10A64000FA7C040CEC501EF0887B008B650D100921
:10A65000826B402B60880274101384AB230B812122
:10A660004225869BC00B61A5A70B8225100B8C751C
:10A6700040156A79910C81B13E5E850566910010A6
:10A680007C0EC0B142B8900B8E1B680002F04907E7
:10A690003C1EE440FB80160464300AF00C1B900B57
:10A6A000123B942B43B8964B7E14E800FC24A10B7C
:10A6B0008435881EBE54910AFB8006040416973B1D
:10A6C000408040004270DC0048505C006CD8DC00E8
:10A6D0008101CFFC0C0CA8F1DD93F27CFA1C044C38
:10A6E000807B026B81810191407283250009F0A477
:10A6F000C02C63F1E3FC000A8D0B8225029480F5E7
:10A700008E0B7A80EFFC448882918083E140120AAC
:10A71000900BFAB5F21C0C4CC1C3DD93FA7C040C0F
:10A72000EC501EF04006006B0004E118191482BBC7
:10A73000088B8A7B0008869B7E1E84AB64F891118F
:10A74000002BEFE8E44000F00A843E0E3C7EE090EF
:10A7500064E10660160BC0AD4DF8941B924B6FB4CC
:10A76000A17B807B0C298265402B6C1D54588C0B7F
:10A770008E1B68008101230B090480E5C9078171E4
:10A780006FFD00027E14C0FF040CA8F10C0C8E0BB0
:10A79000DD93F27CFA3C040C0E00026BC0B06571D4
:10A7A00064711000810140AF6004130683759DA1A0
:10A7B00078810E194410C001C917703CE6AA442ADA
:10A7C0008D2B822380000E198000100B084867280B
:10A7D000840402106C04129084818271FA35A19B6A
:10A7E0000C0CD007DD93F23CFA00040C0206006B5F
:10A7F0005DF8E28043F6E8480586600C7B98E0103F
:10A800008C0B6FA8457601110C0BE0000C0C8C3BF7
:10A810003E38F200C1C3E040FA9C040C4096006B45
:10A820004C01E004402B6C1D0206827B8C0B628085
:10A83000E8485C08E4400E8A0C2982D5402B6C1D48
:10A84000E00042B668004DA850B68C0B230BE00028
:10A850008C8581716188007406099191049483113B
:10A86000A11F69804022C82781117984441281A5E3
:10A87000044AF91C4462F80C82115084C00044015F
:10A88000E040020A0111FCB50C0B9F2167B88C3B1C
:10A89000808BE8408455A18B6AA90C09A30BC02BBF
:10A8A00000608435408B66B1E0100206411E814590
:10A8B000EC041290FE95A19B900B8181F29C0C0CF4
:10A8C0000C0BDD930C0C8C1B1C78F29CC1C3E03C80
:10A8D000FA00040C61004C46E0044536402198140F
:10A8E000C02B6C1D442084288426F3EC8428981403
:10A8F000F3F84420434604266258E01C8321684450
:10A9000080189804F3F442100C0C8016DD93F200CA
:10A91000FA80000C4186003B0004E148E00409464F
:10A920006C1D46418048C02BFC9C084441C6004633
:10A930008004E148830100166C2546218111402BDB
:10A940006FF078A8080C862B0FD8F280C1C3FFF0F7
:10A95000FA3C040C8101006B68144D48818181111F
:10A9600068286FC81286807BA404E13C42108018DE
:10A970008016F3BCE83072C8951103A18C0B03213B
:10A98000E8445E28E11041468486801480A6800455
:10A990008018A4040016E01979B88C0B00C6EFFCEF
:10A9A0008004E12C421080180016F3F8E1184106EB
:10A9B00000868004E114410680188004F2FC4210F5
:10A9C000414600160004E11400868311E11441861B
:10A9D000008C8004E118000600868004E11800461F
:10A9E00000868004E11800C6008680040C0C8E0BE3
:10A9F0000878F23CC1C3E014FA3C040C816102AB5C
:10AA0000807B21AB419C0CA4E00401166C1D4E011F
:10AA1000849B402B50044C6047388101811168149D
:10AA20004256008B5CF8E0008E0B68140106216B27
:10AA30004E01E004C02B6C1D012688A5941B600408
:10AA40006C1D4E018E0B402B6FFC764841C6922B3D
:10AA5000402072FD600102068004FFC00206020F62
:10AA6000C02072C1FCC4000401C6040E8004E19839
:10AA70008475A30B72C102068E0B4020EFEC76E8C2
:10AA8000013681F5941B60046C1D4E018E0B402B2A
:10AA90006FFC74088195922B6800416842968E0B7A
:10AAA0008E0B6000E81459086000426658B88E0B9F
:10AAB0000311E8144258900B8C0BE814F23C0C0C78
:10AAC000C1C3DD93FA84040C0C0B806BC0156E09B6
:10AAD00072F940004C03C0FF40156E094C01810122
:10AAE000C02B64D5E8007D688C0B007BE8185E48BD
:10AAF00068007C8847F88C0BA17BE80C49F8862518
:10AB00008C0B68006800418801C68C0B42466FDCE4
:10AB1000421EE00402168311E01C4346F80840156B
:10AB2000EFF069280C0C8C0B0A78F2840C0CE00C0A
:10AB3000DD93F284634900190656402DC00160017F
:10AB40006401403583314005681540338121400A56
:10AB500065454031070640224031E008401B656DE5
:10AB60004031E0194022654D4031A14140286489BF
:10AB70004011AF31402D6349601102264031C0C001
:10AB800040286491E00C47F6632940159111400B71
:10AB900067C940310606402D4033E00840136985FF
:10ABA000E08C0606681140134011C00A4027631567
:10ABB000E010038669914013438640134033E00060
:10ABC00040136995E00046866331401189114027A2
:10ABD00063354031003BC027C00A69316C614011C8
:10ABE000851140226C6540119D1140226FB14011CA
:10ABF000023440224021FCA8C02C6E516809402339
:10AC00004023C00AC00A680D611D40259521400AF5
:10AC1000656540414043C01BC0146241648D4021C2
:10AC20004043C028C0136981631140414021C027BF
:10AC3000C0226FB569314013DD93C00AF87C040C63
:10AC4000600C148663C0040E40A3C0BB40156DB5F4
:10AC5000EFFC55F66DC140A355F6401540A1E00C40
:10AC6000402C6CFDE07C0706636940A155F6402D41
:10AC7000C02072FD645940250506400540A5E00846
:10AC8000400B64E1E00457C664E540A5BDA1400B5C
:10AC90006E254021832140296E8140B1B7B1402CFF
:10ACA00063A940A11456402DC02070016AE14033D1
:10ACB000120640154033E008401C626DE0004686F5
:10ACC00060240D86E05C11C66E8940B1ABB1402CAA
:10ACD0006225403346C6401C4021E000402B6511F0
:10ACE0004021A351402B65D1E0400E0666814021F2
:10ACF0008111402B6685402191C1402B6B8D4021F5
:10AD00008541402B6B9140214021C02BC02C6D61AF
:10AD10006E5D40214021C02CC02C6E616E9140219F
:10AD20004021C02CC02C6E996331402140A5C02D1C
:10AD3000C00B64ED64F140A58DA1400B681D40215E
:10AD40004021C02DC02D69D969DD40214021C02D91
:10AD5000C02D6A7D64D54021A92140386B1D406318
:10AD60000C0640154083F90040156DB1E0CC10D6BB
:10AD70006E9540B116C6402C40A1E00C402D63D129
:10AD800072BD55F64023C020401C6211E01044C63D
:10AD9000622940330706401C4091E018C0296E210B
:10ADA0006E2940914091C029402C6E9D4051B59133
:10ADB000402B65C9EFF04B866D9540650C0E400A3F
:10ADC0004083FFC040156DB9E0005066634940B153
:10ADD0001786402D4023E060401C62154033A121BE
:10ADE000401C622DE0F84606632940914091C02D39
:10ADF000C02D633963D940914091C02D402D640925
:10AE00006001120640A5C020C00B64F964FD40A596
:10AE10001466400BC02068016B19405399514015CE
:10AE20006D9940658961400A6D9D40758B71400A3E
:10AE30006B9540818F81402B69A940B387B1401643
:10AE4000623140334646401C4095E0F8C00B650532
:10AE500065094095B991400B651140A540A5C00B0F
:10AE6000400B6515402393A1C01C62216241402321
:10AE70004023C01C401C6245E018040662054011D6
:10AE80004041C015C02B653165CD40C14051C02B3C
:10AE9000C02B66416AA140714061C02BC02B6AA5DE
:10AEA0006B8940614081C02BC02C6D516E5940812F
:10AEB0004061C02CC02C6E656E69406140C1C02CE1
:10AEC000C02C6E856E8D404140C1C02CC02C6EA53B
:10AED000632540714071C02DC02D633563414041F1
:10AEE0004071C02DC02D6345635940B14071C02DE4
:10AEF000C02D635D636140614071C02DC02D6365ED
:10AF0000636D401140B1C02DC02D637163A14071CC
:10AF10004071C02DC02D63A563D540714081C02D07
:10AF2000C02D64016405407140C1C02DC02D643145
:10AF3000643540714091C02DC02D6439646140A1D9
:10AF40004071C02DC02D6465646940914081C02D61
:10AF5000C02D6531653540814061C02DC02D68111F
:10AF60006A31404140C1C02DC02D6A356A3940B1B7
:10AF70004061C02DC02D6A7164D140114013C038AA
:10AF8000C01C6219621D40534033C01CC01C623596
:10AF9000623940134013C01CC01C623D624940230B
:10AFA0004023C01CC01C624D625140234013C01C92
:10AFB000C01C6255F07C0C0CC1C3DD93F83C044C02
:10AFC000614C4446E4500A0091C10A140C8648348E
:10AFD000C00061954E860844C0006195E686443AFB
:10AFE00061900644E4100800558A8355EC0418C0AB
:10AFF000C987D19266A2502AE1F41494508A86A996
:10B000009493600EFB001294508A8597D99EE68631
:10B01000A1CBDD8E0012FA75619904860202C00090
:10B02000619906C6881EC0000C4C8C0EDD93F03C66
:10B0300004C60002C0006199840D88245A005C088F
:10B04000C0000006619504868834C0004486870DE0
:10B05000C0000195C000042504358EB5870DE01CA5
:10B0600001990446042580008C858000833101A568
:10B07000FA8008340845C447804DFC08823180B509
:10B08000F418070A0630FCC50A34EC040850FA80AC
:10B09000C45764047C080A350825C447A623FC0865
:10B0A0000605A12B800004066195588646024000E3
:10B0B0000A55F18C0845FC30AA43FC30E17C184469
:10B0C0009843F5C7463A8D47443AE692CC27E08A42
:10B0D00004148A23619906868C34C000FA00403239
:10B0E000E682400AE082402AE40042CAE200000C04
:10B0F000C1C3DD93FA7C040CEC501EF0828B7C2ED5
:10B10000866B621875B8BE1E6008EFFC81A1918144
:10B11000E100000A104609157C14C00000049603E3
:10B120008013FA80EC0002198885C3AD400ABE1472
:10B130009403E686FA800E0460840074E08802744A
:10B140007C040C1500038C03C0016C01619C041489
:10B15000E43002F0C5077E2E00F0110C7698E44032
:10B16000A10BEFFC50984E72C00000E60C014E019E
:10B170008291C004FA800094F415D10D8211BC14A0
:10B18000FA800014560AD10D120646A25E15C000C0
:10B19000FC35C000BE0482A17C7581ABC0000206F4
:10B1A0000C0CA8F1DD93F27CF87C04CCE45DC25871
:10B1B000400898958F5E81416100000A0B959101CE
:10B1C000C0000046107498734E12FA800E99F0A0D9
:10B1D000D34DEC00508A8E858883E696FA801084E1
:10B1E000F0A054226C0114B9BDBBC004214B8C15D6
:10B1F00064010E708A15C00388D5A59B6404128073
:10B20000640014A05622C013068470A416B9E0840A
:10B2100040046C018483C487169428B61420E0840B
:10B22000400E6401145BC49786A37C2C0455A85C73
:10B23000205EFC2464010A200A8BC00C86537C2CFF
:10B240008F54948C06909C989C36EC040E6482611A
:10B25000C17DFA808D34EE1518348231C1CDFA806B
:10B26000468258CAC0000C06C0185E358241FC35C3
:10B270007C958B4BC0000606F07C0CCCC1C3DD93E3
:10B28000E1144246841884146BF14011DD93C02B05
:10B29000E14C000680088004E000004AE200000C57
:10B2A000C1C3DD93614C000680048111DD938016DB
:10B2B00061484186E19805C683310004C2198018AF
:10B2C000883E8016C1C3DD9361484186E19805C67A
:10B2D00081310004421080188016F3F8DD93883E17
:10B2E000E14841868000800441C6A10D00058148E7
:10B2F000001980004210800040119C04DD93800002
:10B30000E14841868000800441C6A10D00058148C6
:10B31000001980004210800040119C08DD938000DD
:10B32000E14841868000800441C6A10D00058148A6
:10B330000019800042108000401193F4DD938000DA
:10B34000E14841868000800441C6A10D0005814886
:10B35000001980004210800040119C10DD93800095
:10B36000E14841868000800441C6A10D0005814866
:10B370000019800042108000401193ECDD938000A2
:10B38000FAFC040C8101006B680C7BC8818181117F
:10B39000613456862C04807BE14C1306832103A183
:10B3A000A4048086A4048086A40480A60C1580864C
:10B3B000C00B69F94086A11B00158FDC8C0B0000C7
:10B3C000E8404DC883112C04404600A68004E134B7
:10B3D000A40480A6A4048086A40480A68C0B008606
:10B3E000E81067A88E0B0311E80C78C867CD0C092C
:10B3F000A409C02D8275A50B6C210C09A70BC02BCD
:10B400008C0B80D5F2FC0C0CE02C1228F2FC0C0CFE
:10B41000C1C3DD93FA7C040CED501EF09711006B54
:10B42000E8104D28EFDC4246400084088406F3F81B
:10B4300062650C09404AC0152258E08C0C09800056
:10B44000C02D6B8521F8A10B0660800040B667A176
:10B45000E0040006645004F08145811100004916A3
:10B46000A10BEC041921FE953E3E81511B48810140
:10B47000000AE0001B48F000525AC0008693E68A9A
:10B48000E02012A91249A1AB15F8802812B980005A
:10B49000B1AB602CE0281249E18400B440407C0E3E
:10B4A000890EF0FCAC05FE4E1E05B3AB40028010C9
:10B4B0000049909880150F4180000BA88EE5B5AB30
:10B4C0001E05B7AB400280100041909880150E41D8
:10B4D0000C09AAC54015621189C4B9ABE68240CAFD
:10B4E0009A800004909840020E410049A6E5801A17
:10B4F000A425BBAB8A45BDAB81413FAB140AA60571
:10B500000C45E040800D0859140AA2850C45E04422
:10B51000800D085D140AA0C50C49E04880360185FD
:10B52000140AA0C58685E04CE050140A89048815E9
:10B530008C03C40768E500458F35C00DC207890438
:10B54000004B8C03C00A6DA189048F2500418C0338
:10B55000C0156E416D4100010D35C0158904A04331
:10B560008C03C407686500458BB5C00D0804092429
:10B570003C5EFA808C2389016F410439812140159A
:10B580000E2485458873FA800E708C73C06B6641FB
:10B59000110A988B0635F41CC40404207010000AAC
:10B5A000E40418801C58FCD5FA80108410898C8320
:10B5B000C02E67C1FA800A54FA801084FA35915B74
:10B5C00093C1040B89217BF5F40C448A1806767527
:10B5D000000AC00004047010A215FA80E080561A18
:10B5E000A000085806F07C040944E450BC548321B0
:10B5F000E080400A5C100629F09040324420BE34BE
:10B600008026D004890495058C03C40764D10045C5
:10B610008175C005C407890400458C03C00565D148
:10B6200060010006814BFC00800008F8E02412094C
:10B630008445AB0B8465A30B8865A50B8885A70B98
:10B640008A85A90BA015A10B814DA404A6049035F1
:10B650008265804DA40487D5814B0395814DA40458
:10B66000A60480958C85804D04F07C048944E450C8
:10B670006080400A040983010735DC10D0044000D3
:10B6800001E5A404A604804D09C4804DE45000F0F7
:10B690000029FC348265FC30A404831509C4814B65
:10B6A000E45000F00029FC348205FC30464A7E4418
:10B6B0000406E080018580007E44843BE080460AE9
:10B6C000462083319803D004BE3480367C0481D573
:10B6D000E45004F0404A894481016080DC10040990
:10B6E00088237E4407158806BC549921564A845500
:10B6F00082E5E08006F07C0409C4E450FE44812128
:10B70000E080404A5C300629F0B04032FBE58026FC
:10B71000010A3E3484F5F40C8685AFAB8A85A5AB6F
:10B720008C25A7AB8CC5A9AB8E85ABAB9025ADABFB
:10B730008235A3ABC227882304438C23400C6D21A0
:10B74000EF559921FE4499217200404009458251EC
:10B750000823CF07664100600624C0588023608418
:10B7600064010429860340046C010043BE34C00117
:10B770000705C827882384438C23C4276891044580
:10B780008585C005C427882304458C23C0066091A5
:10B79000882385158C23C2276921044B9921400CED
:10B7A0008823E96504498C23401A6A41E7F5992109
:10B7B00000600823C0586641608406240429802361
:10B7C0004004600100438603C0016C01C827BE34F9
:10B7D0006575A4430B0A992124C8E4FC4C159FFC11
:10B7E000400B69ED4C158101400B69E985A581216C
:10B7F000645006F0EC8008107C040639FB904A1275
:10B80000647C030AEC7C08526C00104406CBA853FD
:10B81000180682110EC4800081C168909C005830C7
:10B820006F9006C44682A9CFB80F788C0652267F47
:10B830004C05EC04400B69E9AE2FA77F69ED4C2560
:10B84000020AC00BF4B5E100A10BA40F0C09880596
:10B85000C03864C564C10C19430DC03864C50060AC
:10B8600086F5C0E1EFDC42468818822B8816C219A3
:10B870006E0D0C19A31BC0368000021603114C116B
:10B8800081F58038C209840883258406EFDC4046B0
:10B890008408801BF3F8400000600406C0E164C522
:10B8A000020A80180210E3FC4011C4041EF0C0001C
:10B8B0000C0CE550DD93F27CEFDC404680288018CC
:10B8C0000419C217F3F444208026A22FC1C3DD93CC
:10B8D000EFDC0286E0700229E084440A9A005C08EA
:10B8E00064D50029A72BC02B800002299C2044206E
:10B8F00080004221FFFC1468FA00040C6C5100190E
:10B900000029C02BC0156141E08406146686422AD6
:10B91000FA8004346C494031060A402B421AF00088
:10B920004011E00AC02B6C41810180A5F2000C0C93
:10B930000029DD93402B6C1DE00842966FF845E826
:10B94000E0084C960C06A30B8C0BC000F2000C0C0C
:10B95000C1C3DD93FA00040C6C5500190029C02BFB
:10B96000C0156145E08406146686422AFA800434D4
:10B970006C4D4031060A402B421AF0004011E00A9B
:10B98000C02B6C45810180A5F2000C0C0029DD93D1
:10B99000402B6C1DE00842966FF84308E0084C9677
:10B9A0000C06A30B8C0BC000F2000C0CC1C3DD9382
:10B9B000FA04044C0C09806BC0156145EC040200CC
:10B9C000F41C030A0C1982D5C0156141EC04041063
:10B9D000F424050A400A80D5008AE6868435E544C9
:10B9E0006C1D0C290FF6402B03F6E0088C0B600849
:10B9F000EFF840480D78A30B0C198000C015614189
:10BA000061510C0904144015440AFA80050AE68ABB
:10BA10008295E4A061450C290C39C015C01561550B
:10BA2000E68A443AE484048A0C298495402B6C1DF0
:10BA3000E0084E76600842767DF88C0BA30BEFF49D
:10BA400080000B2861410C190C09C015C01561510B
:10BA50007A800214FA80040461490C39422AC01524
:10BA60008613E686E4A0030A0C198415C015614507
:10BA700061550C290C39C015C015614DE686422A66
:10BA8000028A86138415E4846C1D0C294E76402BA3
:10BA90004276E0088C0B6008EFF47B08A065A30BEE
:10BAA00061510C09000AC01586D5F01061550C09CA
:10BAB000A90BC0150C098635C0156141E080404ACC
:10BAC0000C0980E5C0156145E080400A0C2982A57B
:10BAD000402B6C1DE0084E066008420678D88C0B9F
:10BAE000A30BEFF40C099805C0156149F80C004A46
:10BAF0000C098465C015614DF80C004A0C0982A53B
:10BB0000C0156151F80C004A0C0980E5C01561555B
:10BB1000F80C000A0C2982A5402B6C1DE0084E167B
:10BB20006008421676988C0BA30BEFF40C098E85F7
:10BB3000C015614188B5A30B61450C09A30BC01565
:10BB40000C098815C0156151EC100000F430010A91
:10BB50000C0982554015615500008171008AEC1076
:10BB60008835F4346C1D0C294E36402B4236E008E3
:10BB70008C0B6008EFF474280355A30BC0000E066D
:10BB800061510C09B10BC015A90B82050C09841574
:10BB9000C0156155A90B016561550C09B10BC015A4
:10BBA000817100D50C4C8E0BDD93F2046C1D0C29B9
:10BBB0004E26402B4226E0088C0B6008EFF471E81B
:10BBC0000E06A30B8E0BC000F2040C4CC1C3DD9318
:10BBD000FA0004CC8101006B66350C1B9906C01677
:10BBE000424A9106420660804C11E004C02B6C1D55
:10BBF00080000C586FFC6DE8A10B8C0BC0000BF89B
:10BC000061410C0904F040150C19E420C015614590
:10BC10006682401AE43002F063094C018C0B401537
:10BC2000E8004B8861490C099918C015614D0C2931
:10BC30001138C0150C09C507401561414C1180131E
:10BC4000402B6C39E188082461510C19864340155A
:10BC500061550C29A30B401561450C394C41C015A9
:10BC6000C02B6C3D6C514C114C21C02BC02B6C5522
:10BC7000060A80959C45F004F40C070A4C21845573
:10BC8000402B6C4D4C31EA0DC02B6C4563588C2514
:10BC90008C0B6FFC9C55A10B6C410C0985E5C02BEE
:10BCA000F010060A680D86154C218931C02B6C4DA9
:10BCB0006C454C318685C02B6FFC6208A10B8C0B48
:10BCC0000C0996B5C02B6C418615AB0B6FFC644814
:10BCD000FD158C0B6FFC6408A10B8C0B0C0992F505
:10BCE000C0156141F495E80D6C510C194C11C02B35
:10BCF000C02B6C496C414C010C19C02B402B6C457E
:10BD0000FA8000046C4D0C39401AC02B0C19E682E5
:10BD1000C02B6C556C510C09000A402B0416E040F6
:10BD20004C218000802C0C816C490C294C11C02BBB
:10BD3000002B0C6DFA8002140C694C01443A802BE4
:10BD4000401AE68A402AE6824C01E002402C6C79D7
:10BD5000FA80020466314C134498C0168C0B6800BC
:10BD60008295A10B6FF064E8A10B8C0B73B880F582
:10BD70008C0B682468304F0821118C0B4C118321E7
:10BD8000C01B656165414C210CCCC022DD93F200E3
:10BD9000681100490039C02740276815088A8101C9
:10BDA0000844E54000408188068A0C500406E500FE
:10BDB000063481010034818800009A8088068C4016
:10BDC000A13B8438C4080630C1880634C000423123
:10BDD000C0000409FBFC000ADA800004C40800006B
:10BDE000C188000440004401DD938101FA00040C85
:10BDF000680040C8A10B806B0C0C8085DD93F200BD
:10BE00000C0C8C0B8B55F200FA04044C0C19806B53
:10BE1000C02B6C516C550C09441AC02BA12BE502A8
:10BE20000C398605C02B6C4D6C490C490C59C02B44
:10BE3000C02B6C456C410CC9464AC02B48CAE50E64
:10BE4000464AE516443AE50E0365E00AEFFC042293
:10BE50006C1D0C294E56402B4256E0088C0B600896
:10BE6000EFF45CC88805A30B6C510C198121402BA1
:10BE70006C550C090424C02BC2077A80042201717E
:10BE80004C01ED00401B63054C11C217401B6301C0
:10BE9000E004000663094C014C21C01BC01B630D6C
:10BEA00063114C718E0BC01BF2040C4CC1C3DD93AB
:10BEB000FA7C040CEC301EF08101006B630D0C79F0
:10BEC00002F0401B0C99E420C02B6C516C550CA95E
:10BED000FC0EC02B3C06890645188C0BA10BE80014
:10BEE000C000100600081E859095A10B641002F09A
:10BEF00074F89E2B8C0B6FFC8E65A18B6C3D0C39FE
:10BF00000290402B3C48EC04EC0404A06C390C5922
:10BF100081C1402BA8338908608C083464200660F6
:10BF2000A053C06DC6570545124402C151CDFA80D9
:10BF3000F0945412790046A1F0A4562282258CB6C2
:10BF40006C510C990A54402BC297FA80925301D538
:10BF50006C550C4981C1402B6C390C59C247C02B20
:10BF6000924320530E70C65782316C04F6B5A17B04
:10BF700098F18101F27C0C0CC1C3DD936C51003946
:10BF8000824B402B6C4900290019C02BC02B6C41FF
:10BF9000C1C38725FA04040CEC301EF08101007B3C
:10BFA000826B7C0E02F03E0E7E98E4208E0B6FFCBE
:10BFB0008415A10B641002F041188E0BA10BE80050
:10BFC000FC048235401ABE140002E682180EEFFC13
:10BFD00098F18101F2040C0CC1C3DD936C5500395A
:10BFE000824B402B6C4D00290019C02BC02B6C4597
:10BFF000C1C38125FA00040C8285A13BE50A401AE1
:10C00000E00E400AEFFC00028101100EF2000C0C61
:10C010000029DD93402B6C1DE00842566FF44EE87A
:10C02000E0084C560C06A30B8C0BC000F2000C0C65
:10C03000C1C3DD93FA045E65EC100CF0741C5E6005
:10C04000BC6E8861FE8003FCF804170CEC301EF017
:10C050008193818341C6C183432661488004E00CFB
:10C06000418600168004E148021480188016FC9C6A
:10C07000EFE456A86F9C6248C1C38101FA00004CEE
:10C08000614841C6E00C433600168004601100068A
:10C090000004C020E148438680188404FC9C0214FC
:10C0A0005518801660B8EFE481016F9CFA00004CCF
:10C0B000614841C6E00C434600168004601100064A
:10C0C0000004C020E148438680188404FC9C0214CC
:10C0D000539880165F38EFE481016F9CFA00004CA2
:10C0E000614841C6E00C43760016800460110006EA
:10C0F0000004C020E148438680188404FC9C02149C
:10C10000521880165DB8EFE481016F9CFA00004C74
:10C11000614841C6E00C4396001680046011000699
:10C120000004C020E148438680188404FC9C02146B
:10C13000509880165C38EFE481016F9CFA00004C47
:10C14000614841C6E00C43A6001680046011000659
:10C150000004C020E148438680188404FC9C02143B
:10C160004F1880165AB8EFE481016F9CFA00004C1A
:10C17000614841C6E00C43E60016800460110006E9
:10C180000004C020E148438680188404FC9C02140B
:10C190004D9880165938EFE481016F9CFA00004CED
:10C1A000E2C0002C614841C6E00C43F60016800452
:10C1B000E148418680188004FC9C02144C388016AB
:10C1C00057D8EFE481016F9CFE1C04CC6FF8462821
:10C1D000807B806BE0000E2A400105F8050180009D
:10C1E0004C018191402B6C1DE19400061060009E73
:10C1F000C0AF641DEFE87D688265A10BA0068701D2
:10C20000EFF84528EFF84568EFE449E8EFE87D08E6
:10C21000458601116AD8EE108C0B6F9C6FDC00868E
:10C220006A78811144C66F9C0086E0004286600CEB
:10C230004C15E03C400E60D9600102064C05C07D03
:10C24000C00E60CD60D14C054C05C00E400E60D5CF
:10C250004C058B01400E60DD4C158301400A6D4991
:10C26000E04043566E914C0101B6402C4C13E3481C
:10C2700040166739E0004216673D4C0300764016D1
:10C28000C02060096E014C13871140154C11809637
:10C29000C03864C10006830510606194C0AF641C9F
:10C2A000231B80144C118311402B6C1DC00002060F
:10C2B000C0004015EFE45AA8646018F060188C0BB9
:10C2C0008D04E8108255A10BA19B8F94014680E557
:10C2D0008004E134A30B80045ED888958C0B680C35
:10C2E00010B6202802B6E0088C0B6008EFF07868E2
:10C2F00068384AC851F88C0B8C0B68047D38A18BC8
:10C3000050006FF47D589C0041D8EFF40101EFE438
:10C310006A1883118C2B6FE40CCC900BDD93F61C08
:10C32000680C7A48008B8C0BA18B8C0B487880852D
:10C33000FBF5EFF4E81464E8A18B808B7A18F655CE
:10C340008C0B6FF4E8004588400104488C0B00001A
:10C35000EFF447686FF07F0801C68C0B42466FDC34
:10C36000421EE00402168311E01C4346F808401503
:10C37000EFE466A86800482800C68C0B9711614C52
:10C38000A39B000481810191004600160004E14C4A
:10C3900080169D11745880B58C0B680C020E808B32
:10C3A00040106001E5400006022B8185EC0400008E
:10C3B0000233C934C69F841BFE15A10B72FD41C612
:10C3C000009EC02044188C0BA18BE8388135E4B561
:10C3D000E83843C88E1B0C0B6FE86F08808B8E2BE0
:10C3E000E255A18B9F2101118C0B0331E8344DE8FC
:10C3F000808B7135612000C6800481110106001612
:10C400008004E120014600168004E1200186001628
:10C410008004E12001C600168004E12040060016D9
:10C420008004E120404600168004E120408600168A
:10C430008004E12040C600168004E1204106001679
:10C440008004E120414600168004E1204186001668
:10C450008004E12041C600168004E1200006001699
:10C460008004E124004600168004E12400860016C2
:10C470008004E124DD9380166265000902464015C0
:10C480000414E14C8809813144208428202FF3ECE6
:10C49000E13440868311042600168004E1344046CE
:10C4A00000168004E14C010688368024881680241A
:10C4B00000368004E134400600168004E14C00861A
:10C4C000430600048016E000C1C3DD936805001B2D
:10C4D000002BC00AC00A68016815003B004BC00A67
:10C4E000400A6809002BE017400A680D005BA41F92
:10C4F000400A6811801EE037282FE027822EAA3FCD
:10C50000DD93C03EFA045E65EC100CF0741C5E60B6
:10C51000BC6E8861FE8407FCF804170CEC501EF01A
:10C52000819381830161C183E03C41F66FA055A8EE
:10C53000010681114F066198001AE14CE13844066A
:10C5400088449C34001CC2194601A101402B6C1D7B
:10C55000101683118804831141F600665418E03CDC
:10C560007BD8EFA01C04E8144D188111A8F1E8084D
:10C57000F0041F0CF6840FFCFD64BCF4C1C3C1536E
:10C58000FA045E65EC100CF0741C5E60BC6E886191
:10C59000FE8003FCF804170CEC301EF081938183BD
:10C5A0000106C18345066198001AE14CE1384686D0
:10C5B0008C548844001CC4194801A301402B6C1DF5
:10C5C000141683118C0481118804801667CD00191C
:10C5D000C819C02D67CD40118311402DE808498846
:10C5E0001F0C98F10BFCF004BCF4F680C153FD6401
:10C5F000FA045E65EC100CF0741C5E60BC6E886121
:10C60000FE8407FCF804170CEC501EF08193818324
:10C6100041F6C1838111603CEFA04E48614C4D064C
:10C620009804A5116C1D40118511402BE80847089E
:10C63000E1384F4680189C04E080420A0106864596
:10C6400045066198801AE138C81988348C08801C26
:10C650008C06C20980188804F3F8421098048016EA
:10C66000E8347568022618044518E0109C04E808B0
:10C67000400A800884C5E08461980106E1384506D7
:10C680008834801A801CD019C4098C0888048C0650
:10C69000421080180016F3F4E02002264378980434
:10C6A00041F6E8088311603CEFA049C81F0CA8F1CF
:10C6B0000FFCF004BCF4F684C153FD64FA045E651B
:10C6C000EC100CF0741C5E60BC6E8861FE8407FC8C
:10C6D000F804170CEC501EF08193818341F6C1835E
:10C6E0008111603CEFA047E8614C4D069804A7110A
:10C6F0006C1D40118711402BE80840A8E13C0E4614
:10C7000080189C04E080420A010684E504066198D2
:10C71000801AE13CE01988348C08801C8C06C20920
:10C7200080188804F3F84210023600169804E010CE
:10C73000E8047EE880189C04E084420A010686052D
:10C7400004066198801AE13C02148834801CFC9431
:10C75000C4098C0888048C06421080180016F3F473
:10C76000E02002367D3898049C04E804400A8008E2
:10C770008A05E08861980106E13C04068834801A45
:10C78000FC9802148C08801C8C06C8098018880448
:10C79000F3EC421041C600168004E13842108018C4
:10C7A0008016F3EC001B9804C0156E09FC98021467
:10C7B0006E094013023640157A98E0404C38E80480
:10C7C00041F6EFE08311603CEFA040C81F0CA8F1D8
:10C7D0000FFCF004BCF4F684C153FD64FA045E65FA
:10C7E000EC100CF0741C5E60BC6E8861FE8407FC6B
:10C7F000F804170CEC501EF08193818341F6C1833D
:10C800008111603CEF9C7EE8614C4D069804A911B3
:10C810006C1D40118911402BE80477A8E13C0F06FC
:10C8200080189C04E080420A010686A504C661982F
:10C83000801AE13C02148834801CFC9CC2098C08DC
:10C8400088048C06421080180016F3F8E0100246A7
:10C8500075D898041804E804E00C4296E8044C6883
:10C8600080189C04E084420A010686A504C66198EB
:10C87000801AE13C02148834801CFCA0C4098C0896
:10C8800088048C06421080180016F3F4E00C42A6CF
:10C890004AB898041804E804E0200246E8047388C3
:10C8A00080189C04E088420A010686A504C66198A7
:10C8B000801AE13C02148834801CFCA4C8098C084E
:10C8C00088048C06421080180016F3ECE00C42B687
:10C8D00048B898041804E804E0400246E804718867
:10C8E00080189C04E08C420A010686A504C6619863
:10C8F000801AE13C02148834801CFCA8D0098C0802
:10C9000088048C06421080180016F3DCE080024692
:10C910006FD898041804E804E00C42C6E80446689E
:10C9200080189C04E090420A010686A504C661981E
:10C93000801AE13C02148834801CFCACE0098C08AD
:10C9400088048C06421080180016F3BCE1000246F1
:10C950006DD898041804E804E00C42D6E804446852
:10C9600080189C04E094420A010686C504C66198BA
:10C97000801AE13C02148834801CFCB000048C084E
:10C980008C06FC9480188804F37C42100246001642
:10C990009804E200E8046BC842E618044258E00C30
:10C9A0009C04E804420A801886C5E0986198010654
:10C9B000E13C04C68834801AFCB402148C08801C44
:10C9C000FC98000488048C06421080180016F2FCC3
:10C9D000E400024669B898041804E804E00C42F642
:10C9E000E804404800009C04820DFF1100C686B593
:10C9F0008014E13C042484288426FC9C8018800454
:10CA0000F1FC421003060016842AE19804249804DD
:10CA1000042CFCB8E8000246E80467A843061804A2
:10CA20007F98E00C41F6E8008311603CEF9C6DA814
:10CA30001F0CA8F10FFCF004BCF4F684C153FD6494
:10CA4000FA045E65EC100CF0741C5E60BC6E8861CC
:10CA5000FE8407FCF804170CEC501EF081938183D0
:10CA60000161C183E03C41F66F9C6BC84F068111A8
:10CA70000306614C1C04E198E13C4646AB41042AA4
:10CA800040418C54C02B6C1D7CBC0024040C8321C1
:10CA900094268B1180668C0463989C049C04E804A3
:10CAA000EFE07128603C41F669B88311A8F1EF9C72
:10CAB000F0041F0CF6840FFCFD64BCF4C1C3C15329
:10CAC000FA045E65EC100CF0741C5E60BC6E88614C
:10CAD000FE8C07FCF804170CEC401EF08193818358
:10CAE0000161C183E03C41F66F9C67C84F0681112C
:10CAF000AD01614C83811C146C1D42018301402BEC
:10CB0000EFE47288E13C41C60486801480048D11F4
:10CB10009C048066E8045FC8603C41F66618831197
:10CB2000A0F1EF9CF0041F0CF68C0FFCFD64BCF42C
:10CB3000C1C3C153FA045E65EC100CF0741C5E6056
:10CB4000BC6E8861FE8407FCF804170CEC501EF0E4
:10CB50008193818341F6C1838111603C6F9C64287D
:10CB60004F068161AF01614C42019C14402B6C1D4A
:10CB70006EF881011C04EFE45C988F110086E804D4
:10CB80008018EFDCF8C0020A801880E5F0C042107F
:10CB9000E080020A9C1482B56C150219420AC02B6F
:10CBA0000019E0848018C070F3DC42109C048016E9
:10CBB0006C150019420AC02B8445E08468045A8829
:10CBC000E010027668D89C049C04EFE46E09001B18
:10CBD0004210C015C0FD73FD6E0940130146C0151B
:10CBE000831161400016800400668311E03C41F629
:10CBF000EF9C5F881F0CA8F10FFCF004BCF4F684D6
:10CC0000C153FD64FA045E65EC100CF0741C5E60A8
:10CC1000BC6E8861FE8003FCF804170CEC301EF03B
:10CC200081938183001CC1834000E2C002067F0023
:10CC3000840EE19CE340001C614C4106E14042C689
:10CC4000B1310004834104246C1D40310846C02BDF
:10CC50008414812191110426E80455A81F0C98F131
:10CC60000BFCF004BCF4F680C153FD64FA045E656D
:10CC7000EC100CF0741C5E60BC6E8861FE8407FCD6
:10CC8000F804170CEC501EF081938183001CC183C3
:10CC90004000E2C002067F00840EE19CE340001CDD
:10CCA000614C4F06E13442C6B3211C044DC6041446
:10CCB0004021E198C02B6C1D1816841852789311EE
:10CCC0009808E80482E5A70B84A5A30B8665A50B4D
:10CCD0008855A10B02961C045198E010C183E8040A
:10CCE0008385C11302961C045118E080C183E804B7
:10CCF0008305C71302961C045098E020C183E80402
:10CD00008185C31302961C045018E040C183E804D7
:10CD10008101C513004698068311614481210004F6
:10CD20008016A8F11F0C80260FFCF004BCF4F684DA
:10CD3000C153FD64FA04044C68005EE8A10B806BEB
:10CD4000C0001D4863290C39404E402DC0106CDDD9
:10CD500063210C190C29C02DC02D63256184083472
:10CD60005478823982496F9C1BF8A10B0C39C000A2
:10CD7000402D63396CE5400E0C19C010C02D633195
:10CD800063350C290834C02D823961846F9C532887
:10CD9000A10B8249C0001AA863490C39010E402D2D
:10CDA000C0106CED63410C190C29C02DC02D6345DA
:10CDB0006184083451D8823982496F9C1958A10B7B
:10CDC0000C3BC000401669A96CF901CE0C19C010CB
:10CDD000C02D6359635D0C290834C02D82396184EC
:10CDE0006F9C5088A10B8249C000180863710C39F0
:10CDF00041CE402DC0106D0963610C190C29C02D66
:10CE0000C02D6365618408344F38823982496F9C34
:10CE100016B8A10B0C39C000402D63A96D31400E2E
:10CE20000C19C010C02D63A163A50C290834C02DB6
:10CE3000823961846F9C4DE8A10B8249C00015685E
:10CE400063D90C39400E402DC0106D3963D10C19D7
:10CE50000C29C02DC02D63D5618408344C988239CB
:10CE600082496F9C1418A10B0C39C000402D640935
:10CE70006D41014E0C19C010C02D640164050C29D0
:10CE80000834C02D823961846F9C4B48A10B8249C4
:10CE9000C00012C864390C39404E402DC0106D4D91
:10CEA00064310C190C29C02DC02D64354A18823903
:10CEB000864B6F9C1198A10B0C39C000402D646902
:10CEC0006D5500CE0C19C010C02D646164650C292D
:10CED0000834C02D823961846F9C48C8A10B8249F7
:10CEE000C00010486F9C4F4841F681018311603C9F
:10CEF000EF9C478863290C0903C6402D8414E13850
:10CF00008209C707424604060C09E138C02D63397F
:10CF1000C707841404068209E13840C60C2980142E
:10CF2000C02D6349C927843846308229A43FF3F8CD
:10CF30008004843663490C198028C02D8419C917D0
:10CF4000F3F444200026A22FE13841C60C2B8014B4
:10CF5000C01669A9CB27843846308229A43FF3F84C
:10CF60008014843669A90C2B8438C0168429CB27F9
:10CF7000F3F446308436A43F0C1B8004C01669A924
:10CF8000CB17802844208819A22FF3EC00860026B6
:10CF90000C19E13CC02D636900168004E13C014698
:10CFA00064E10C158004C00B0186001E0C15E13CE9
:10CFB000C00B64E5001E8004E13C03C663A90C09B4
:10CFC0008414C02D8209C507420604060C09E13C01
:10CFD000C02D63A9C707841404068209E13C40C63A
:10CFE00064ED0C158004C00B4106001E0C15E13CDD
:10CFF000C00B64F1001E8004E13C434663D90C0978
:10D000008414C02D8209C507438604060C09E13C3F
:10D01000C02D63D9C707841404068209E140004685
:10D0200064F90C158004C00B0086001E0C15E1404D
:10D03000C00B64FD001E8004E14002C664090C09B7
:10D040008414C02D8209C507030604060C09E140BB
:10D05000C02D6409C707841404068209E14001C693
:10D0600065050C158004C00B4006001E0C15E14040
:10D07000C00B6509001E8004E140424664390C097A
:10D080008414C02D8209C507428604060C09E140BC
:10D09000C02D6439C707841404068209E140414663
:10D0A00065110C158004C00B4186001E0C15E14073
:10D0B000C00B6515001E8004E14043C664690C097D
:10D0C0008414C02D8209C507020604060C09E14438
:10D0D000C02D6469C707841404068209E13401463F
:10D0E000800480048455BF0B6C1D0C290EA6402BB8
:10D0F00002A6E0088C0B6008EFEC48080E06A30BB4
:10D100008E0BC000F2040C4C8101DD93F2040C4C38
:10D11000C1C3DD93FA00040C0C09806BC02D6321A0
:10D1200063250C197AD8C02DA10BEF980C09943502
:10D13000C02D633163350C197A38C02DA10BEF98DF
:10D140000C0990F5C02D634163450C197998C02DE9
:10D15000A10BEF980C098EB5C02D6359635D0C19B6
:10D1600078F8C02DA10BEF980C098C75C02D636168
:10D1700063650C197858C02DA10BEF980C098A35FE
:10D18000C02D63A163A50C1977B8C02DA10BEF9832
:10D190000C0986F5C02D63D163D50C197718C02D05
:10D1A000A10BEF980C0984B5C02D640164050C191E
:10D1B0007678C02DA10BEF980C098275C02D6431D3
:10D1C00064350C1975D8C02DA10BEF980C0C808517
:10D1D000DD93F20064610C090C19C02DC02D64654B
:10D1E000F2000C0CFF9834E8FA80000C6C1D00294A
:10D1F0004038C02BA30BEFEC41F682558111603C07
:10D20000EF986F08F280080CFFD839E8F280080C1C
:10D21000C1C3DD93FA0C040C0C0B806BC0156E09B6
:10D22000E080400A0C298235402B6C1D0C0C8C0BC5
:10D230003E38F20C4E46FFE80E09EFDCC209F8104A
:10D24000F8104E016C210C09A70BC02B42368CF54F
:10D250008C0B6000E8005B886004424657388321ED
:10D260008C0B683081811C08F3F840009C089C06F8
:10D27000F3F440004E819C060C0BE030C0156E09A3
:10D2800073FD40004C03C0FD40156E0940F88C0B47
:10D2900075F8E8208C0B6FE8614400C6E000424658
:10D2A00000868004E14401860086800458B88C0B17
:10D2B0000C0CE8003478F20C4256FFD88C0B60005E
:10D2C000E80058286E090C0B02064015FFC06001EB
:10D2D000FC9800046E094C0341C64015C02072FD45
:10D2E000020F800472C102060004C020040EFCC4B8
:10D2F00072C102068C0BC020F20C0C0CFFD832E875
:10D30000FA00040C8225A11B6F9866C840068311A1
:10D310000C0CFA02DD93F2007A024C06E03C41F676
:10D320006F9866088C0B8111F2000C0CC1C3DD9361
:10D33000FA7C044C1206006B14C6E00857466114D0
:10D340001086E1108101613C817109956C1D4C9141
:10D350008C0B402BE80044881415A10B0219C00067
:10D360008E75C000680048C828148C0B8418A10B67
:10D37000420A8C958C25E0848E1B0C0BE8004D082E
:10D38000E0C8000A62388AB52C04E81C83218111A8
:10D390009511001668304D882C048C0B8016831173
:10D3A0008008A804E084404A40001605C000020638
:10D3B000C00040118018A004F3DC4210A0048016C5
:10D3C000421080180016F3BCE11000C680188004DB
:10D3D0000016C219E0004126E87D82710C4CEE0572
:10D3E000DD93F27CFA0C040C6FEC7AC80E16806B9D
:10D3F00042C660084C71E010402B6C1D4A388121F8
:10D400008C0B6830614400C6E1245086A01480046F
:10D4100084388028E080464A444A8465FE25E08CB2
:10D42000EFEC7A086C1D0C290216402B6E58E008B0
:10D430008C0B6FE88095A30BE8304F484F1881950F
:10D44000A004E830400A800880D5E0848E0B81710A
:10D45000F20C0C0C7858DD930C29EFEC402B6C1D72
:10D46000E0080E26600802266C788C0BA30BEFE810
:10D47000C0000E060C0C8E0BDD93F20CFA0C040CA3
:10D480006FEC76080026806B428660084C01E03C19
:10D49000402B6C1D457881218C0B6830614400C69F
:10D4A000E1245046A014800484388028E080464A55
:10D4B000444A84A5FE25E08CEFEC75486C1D0C29D0
:10D4C0000E46402B0246E0088C0B6008EFE86968C6
:10D4D0008095A30BE8304A684A388375A004E83089
:10D4E000400A800882E5E084EFEC73C86C1D0C29CB
:10D4F0000E56402B0256E0088C0B6008EFE867E8F8
:10D500008045A30B008681718004E13CD01980180E
:10D510008E0B0016F20C0C0CC1C3DD93FA1C044CEC
:10D52000806B027BEFEC70E860080036E004422676
:10D530006C1D4C018121402B6830406800C68C0B6B
:10D5400052C661448004E1248028A414464A8438E9
:10D5500084A5E080E08C444A7038FE250C29EFEC6D
:10D56000402B6C1DE00810666008026664588C0B46
:10D57000A30BEFE84558809581E5E830E830452871
:10D580008008A404E084400A100600E5697D80005C
:10D59000E0005126900B80A5F21C0C4C6E18DD9318
:10D5A0000C29EFEC402B6C1DE0080E76600802762B
:10D5B00062388C0BA30BEFE8C0000E060C4C8E0BF0
:10D5C000DD93F21C6FA50025A12BC00B9A005C080F
:10D5D000E06C020A04CD00259AA580050025A51B54
:10D5E000800B0A0D840404200A0D402598C5800B89
:10D5F0000025A71B800B0A15840404200A1540256A
:10D600009685800B0025A91B800B0A118404042039
:10D610000A1140259445800B0025AB1B800B0A198D
:10D62000840404200A1940259205800B0025AD1BB7
:10D63000800B0A1D840404200A1D40258EC5800B22
:10D640000025AF1B800B0A21840404200A214025F9
:10D650008C85800B0025B11B800B0A2584040420D7
:10D660000A2540258A45800B0025B31B800B0A291B
:10D67000840404200A2940258805800B86C5B51B33
:10D680000025B71B800B0A2D840404200A2D402599
:10D690008485800B0025A31B800B0A0984040420C9
:10D6A0000A0940258245800BFC044410E074040AFA
:10D6B000832180B56A3140250025C00B400B6A01EB
:10D6C00064010600C627C0BA448604334615E0004C
:10D6D0004206E0344615FC060015E038C00B6A012E
:10D6E000441A82114015E10AC00B6A010015A12BF2
:10D6F000000B0A05800004060A0140250210800B79
:10D7000040158404800B0A05C1C3DD936FA5002575
:10D71000A12BC00B9A005C086B7500250600400B1E
:10D72000C0BB65D1E0004A868623C6274606C81ED0
:10D730000045FC06C00B6B7598214A3E4A4A82415F
:10D740004045E116C00B6B750035A15B000B0B79F2
:10D75000800008060B7540450630800B4035840478
:10D76000000B0B79F024020A020A98A588C5F00480
:10D77000F008020A020A9A658A85F00CF010020A83
:10D78000020A9C259E45F014F018020A020A8AE556
:10D790008E05F01CF020020A020A90255C08F000B9
:10D7A0000015DA00C00B6CBD821188246CBD4015D9
:10D7B0004025C00BC00B6CE50015DD93C00B6CC1A0
:10D7C00040158211C00B6CC140158814C00B6CE968
:10D7D0000015DD93C00B6CC940158211C00B6CC9DC
:10D7E00040158814C00B6CF10015DD93C00B6CD58F
:10D7F000821188246CD540154025C00BC00B6CFDF0
:10D800000015DD93C00B6CD940158211C00B6CD98B
:10D8100040158814C00B6D010015DD93C00B6CDD45
:10D82000821188246CDD40154025C00BC00B6D05AE
:10D830000015DD93C00B6CE140158211C00B6CE14B
:10D8400040158814C00B6D090015DD93C00B6CC525
:10D85000821188246CC540154025C00BC00B6CEDAF
:10D860000015DD93C00B6CCD821188246CCD401562
:10D870004025C00BC00B6CF50035DD93400B6CD11F
:10D880006015020A8231C0086CD140358834C00B63
:10D890006CF940358445C00B6015020A5C08C00471
:10D8A0000015DA00C00B6D0D821188246D0D401536
:10D8B0004025C00BC00B6D150015DD93C00B6D111D
:10D8C00040158211C00B6D1140158814C00B6D19E5
:10D8D000C1C3DD936FA50025A12BC00B9A005C0886
:10D8E0006D1D00350800400BC0BD64716D2500251D
:10D8F000C637C00B864302216D254025A921400B68
:10D900004206D21E4815FC060015E010C00B6D1D26
:10D91000441A82114015E10AC00B6D1D0015A12BA0
:10D92000000B0D21800004060D1D40250210800B08
:10D9300040158404800B0D21C1C3DD93FA04044C0F
:10D940000C05806BC00B6FA58AA5A10B6DE90C05BA
:10D95000A921400B668A440AE0880604F08C4E62D6
:10D9600000208C2340BD67C16A38A9214006EF9092
:10D970004E05FC06C00B6DC96DE90C058201C00B9C
:10D980006DE94C05004A400B0C05F81C400B0DEDF1
:10D99000C00002060DE94C150000C00B4C05C40484
:10D9A000C00B0DEDF2040C4CC1C3DD936FA5002537
:10D9B000A12BC00B9A005C086EB10025863AC00B03
:10D9C000F008024B1824065A041AE08C00C3C4273E
:10D9D00058538023C0176D7D6D7958135833C01785
:10D9E000C0176D756D7158434206C0174415FC068B
:10D9F000C00B6E916EB100158211C00B6EB1401557
:10DA0000024A400B0015F81C400B0EB5C00004067E
:10DA10000EB140250210C00B4015C404C00B0EB55A
:10DA2000C1C3DD936FA50025A12BC00B9A005C0834
:10DA30006F190025C634C00B609008240043C4272A
:10DA400048358023C00B6F2D4835C434C00B6F2977
:10DA500048358634C00B6F2548158414C00B6F21E0
:10DA6000FC0642066EF944150015C00BC00B6F1979
:10DA700040158211400B6F19F81C024A0F1D00154A
:10DA80000406400B4025C000C00B0F19C40402104F
:10DA90000F1D4015DD93C00BFA0C040C614C4D06B4
:10DAA000E1980346812118046E104786E1000AC6FA
:10DAB0000386040C042EE198E19803C60286042E26
:10DAC0004025E1A4400B6FA9E10000460486001E3A
:10DAD000083EE10066A108100210C0BF40B967F11E
:10DAE000E1000506944E980476F8881E1804EFF0BD
:10DAF0004071B571C02B6C1DEFF44EA842C61804DE
:10DB0000840EE198E82C49A845861814880EE198FF
:10DB1000682C49884286820B040EE198E03C41F66D
:10DB20006F946608001C81115006E2C0C000619924
:10DB30000046200E5618E19CA004EF94E340001C20
:10DB4000603C41F664D8831183816F944386180446
:10DB5000C480601569FD40150396400BD9846309A4
:10DB60006C1D40714015C02BC00B6FA16FA5408587
:10DB70004058C00B9804E800C1C3FFD5FA0C040C50
:10DB800041F6007B62D8E03C81116F94090181610C
:10DB90004E01B711402B6C194E118E0B402B6C1D92
:10DBA000511883110E0BEFFCC0156E09E098404A26
:10DBB0000E1982E5C02B64C58AF5A71BEFDC02862F
:10DBC000420A84188A25E080E080400A051188C551
:10DBD0004F988E0B5F78EFFCA10BE8085F9880B53B
:10DBE0008E0B68080E0B806B40156E094000831188
:10DBF000C0FF72FD6E094E0341F640155F18E03C10
:10DC0000A16BEF940711A4D54DD88E0B72F8EFFCE1
:10DC10008E0B6FD4806B11E58E0B0911EFFC4D4814
:10DC200064D50E09A70BC02B108692D5A008EFDC97
:10DC3000F8C0000AA00880E5F0C04000E080000ABB
:10DC40000E0B9055C0156E09E080400A0E098E0536
:10DC5000C02B6C218C75A70B404AA0088AE5E08C8C
:10DC60008E0B1B11EFFC4B086FD854C81D118E0B87
:10DC70004A988E0B7C18EFFC8E0B681864CD0E054D
:10DC8000E214C00586E5C20DC809A0088E0B200667
:10DC9000E8187F286E090E0B83114015FC980004CC
:10DCA0006E094E0341F6401559B8E03C0B11EF9454
:10DCB00048988E0B4138EFFC8155E80C8E0B1F11F4
:10DCC000EFFC4828603C41F658B883110E09EF94E8
:10DCD000C02B6C11E098404A11118A8547388E0B91
:10DCE0000E05EFFCC00E60F5400685054E05FC06EE
:10DCF000400E60FD6F588E0B56B8E8088E0B680812
:10DD0000FC06400660F90E250E15C00EC00E60F52B
:10DD100061014E058221C00E60F94E250010400EB3
:10DD20004E05EC04C00E60F5F815A10BC313C183BA
:10DD3000603C41F6555883110064EF940C0CFA8056
:10DD4000DD93F20C6C194011DD93C02B6E0D0019A0
:10DD5000A31BC036DA005C0863110019A31BC0388E
:10DD6000002B82F540156E09E14C03C64420841453
:10DD7000C0FF72F16E0940231EF8C015DD93FFD479
:10DD8000FA84040C4106006B0004E11483218371C2
:10DD9000C4198018410600160004E1280076851198
:10DDA000E1284006007680047CD88C0B4046E828A9
:10DDB000BD116128832100048C0B0076F2840C0CC9
:10DDC000E0283C28FA7C044C4186008B0004E128C2
:10DDD0000311827B5672866B154670888016E1347B
:10DDE00040868D25831161288121000441C600767B
:10DDF0008004E128020600167A58E010900B68288B
:10DE0000614400C6E12C0246841480048038A824B2
:10DE1000A14B8448884480858475A54BE08C460AD4
:10DE200088348085FC95A53B6C1D102902C6402BCB
:10DE30005E38E008900B6FE4E00812C68CD5A10BA9
:10DE4000612C0086000481118004812141C6180ED6
:10DE50008004E128020600167758E010900B68282D
:10DE6000614400C6E12C0246841480048038A82452
:10DE7000A34B8448884480858475A74BE08C460A70
:10DE800088348085FC95A73B6C1D102902C6402B69
:10DE90005B38E008900B6FE4E00812C680D5A10B58
:10DEA00082710861E6C5D67D920B8191F27C0C4CA3
:10DEB000C1C3DD93FA00040C612842460414816159
:10DEC0000466832173F883114006E8288004E12862
:10DED000410600668004E114421080188016F3F4B5
:10DEE000F2000C0CC1C3DD93E0180015E0500025D2
:10DEF0006127E017700142104025C300C0096E0978
:10DF0000E0500025FB8004240406241FC3C06001E8
:10DF10006E0D40150015C009ED17E054F3F04210E6
:10DF2000684140110015C027DD17E054F3F042109E
:10DF3000684540110015C0274011E058C0386315EE
:10DF4000E05800150406041FC30060018121051B71
:10DF50008000022603154011020000388395E57009
:10DF600088210434C63BF137621142318434C02722
:10DF7000C63BE137621542318434C027C63BD137F6
:10DF800062194231C534C0274231C63BC027620DF9
:10DF90006061048AF8B5C00165D1020081214001A9
:10DFA000463B837542318821C0266D71E137843448
:10DFB0004231C63BC0266D75D13784344231C63BF1
:10DFC000C0266D79C63BC5346D6D42310434C02620
:10DFD000E040048AF13778F5680140310015C02728
:10DFE000E117E184680540110015C027F117E188A9
:10DFF000681140110015C027E117E188681540112C
:10E000000015C027FF17E18C67F140110015C027EC
:10E01000F117E18CF0FC421067E140110015C027B8
:10E020000025E18CE917E18C9E194727A41FA02940
:10E0300067ED40110015C0270025E18CE117E18C48
:10E040009E194527A41FA02967E940110015C02784
:10E050000025E18CD117E18C44203E19241FF0806B
:10E06000E004040667E540110015C0274015E19063
:10E07000C00A6EE9E1FC00154013E117C0136C29DA
:10E08000E1FC00156C2D40130015C013D117E20000
:10E09000686540110015C0274011E200C02768697B
:10E0A000E20400154011F117C027686DE204001565
:10E0B0004011E117C0276871E20400154011D11723
:10E0C000C0276875E2040015687940110015C02763
:10E0D000F117E208687D401102004027C002643158
:10E0E00045348175EC0404206C294235A12BC0090C
:10E0F0000200FE354003643181B58121842104345E
:10E100004233E137C01368594233C534C0136855F0
:10E11000E500048A0200FC9540036731817589217E
:10E12000042045344235EC04C00A6B1DFE35A12B9A
:10E13000677100009311400341248175EC040210C3
:10E14000603D4025A11BC0055D93FE35C1C3810123
:10E15000FA00040CEF4C022980B5A12BEF3C0229F8
:10E160009625A12BF9310121815107415852838510
:10E170004C52780C82C3F890FC1818C991C1582FE2
:10E18000440A81B5C227609C73F9442018C040013D
:10E190004420EC04A1CBD8748251FCB5E1400A0ABA
:10E1A0000706F8F5040A61380C34FBFC9FF8059E5D
:10E1B000FA80042402398C2E872BEF4C074680F519
:10E1C0008C34E134AF3B8C34021986F5832BEF3C61
:10E1D000034680F58414E134AF1B8414024684B5F1
:10E1E0000CE661948638E0086C1D00298466C02B1B
:10E1F000F3F046300636C439E00802E6EFE07FE887
:10E200008255A10B005681858018E194F3F04210ED
:10E210008016C2198C0B8161F2000C0CC1C3DD9316
:10E22000FA00040C0206006B4C38E2805A98E82C85
:10E230008C0B6FFC45F601110C0BE00C5C388C3B31
:10E24000A10BEFFC637882D58C0B6FFC8C1B0C0B45
:10E25000EFFC780880B5A10B6FFC648881018C0B02
:10E26000F2000C0CC1C3DD93FA0C040CB911006B65
:10E27000682C4A08E4100E60812129118E3B0C0B9A
:10E28000EFFC5A28A17B807B615880C58C0B6FFC0A
:10E29000E0001E08642010600921851159388C0B9C
:10E2A000903B6FFC8C0B007BEFFC60681D18A17B22
:10E2B0002014C000E1080E0604149C04D11761C0AC
:10E2C0007A800614FA800424A1391F2968005C684A
:10E2D0001C048911E114034684148008830B8418FC
:10E2E000C0001AE8E1340146800480041A78A90BC2
:10E2F0005A148000E1444F0604149C04F11761C0D5
:10E300007A800624F87C4410788046305A588B1165
:10E310001C04E800E14842C684148008830B84187A
:10E32000C00018E84F465A149C04E14461A004144C
:10E33000FA8002147A800424F88046108B113F2959
:10E34000E80058C843061C048008E1488418841477
:10E350001758830B0C45C000028660108404E14806
:10E36000E1E0044444200038C43DFBFCE14780D593
:10E37000FA8004448065C53D840480260386000835
:10E380008414E148830B8418C00015A8E0100C0524
:10E39000E0B8400A02468485D5076148860904240E
:10E3A00004048806E14803C684148008CB17841847
:10E3B000830B8619C0001448E0100C05E0B4400A35
:10E3C00002068485D107614886090424040488066E
:10E3D000E14803C684148008C7178418830B861984
:10E3E000C00012E8E0100C05E0B0400A43C68445C6
:10E3F0008E0961448806842403C604048008E14829
:10E4000084188414830B8E19C00011A8E0100C0529
:10E41000E094400A42068405C7076108860904247F
:10E4200004048806E114038684148008830B84188E
:10E43000C0001068E0140C05E0F8400A02C68445EC
:10E44000F10761489E09042404048806E148420655
:10E4500084148008830B8418C0000F28E0140C0576
:10E46000E0F4400A03068445E90761489E09042454
:10E4700004048806E148424684148008830B84180B
:10E48000C0000DE8E0140C05E0F0400A03468445A6
:10E49000E10761489E09042404048806E148428695
:10E4A00084148008830B8418C0000CA8E0140C05A9
:10E4B000E0B4400A43868625C90761008409042424
:10E4C00046308838A03FF3F404048836E11403C6CC
:10E4D000841480088418C307C01FCD17E080424A07
:10E4E0000C05AAC5400AE0148605E0B06100438629
:10E4F0000424C90788388209F3F846308836A03FDB
:10E5000003C604048008E11484188414C01FCB17C8
:10E51000E080424A0C05A485400AE0148625E0AC60
:10E52000610043460424C50788388409F3F4463063
:10E530008836A03F03C604048008E114C30784148E
:10E54000C7178418424AC01F9E25E080E0140C05BE
:10E55000E0A8400A43468605C507610082090424F5
:10E5600046308838A03FF3F804048836E11403C627
:10E5700084148008C5178418424AC01F96E5E080BD
:10E58000E0140C05E0A4400A430684C58409610038
:10E5900088388424F3F446308836A03F03C6040448
:10E5A0008008E11484188414424AC01F90E5E08476
:10E5B000E0140C05E0A0400A43068485820961004E
:10E5C00088388424F3F846308836A03F03C6040414
:10E5D0008008E11484188414420AC01F8AF5E08080
:10E5E000E0180C05E0F4400A02468605EB076104DA
:10E5F00087310414788C460284288609F3F044207D
:10E600000426A62FE1144206841884148619CB1719
:10E6100084B5811BE0180C05E0071A147001400056
:10E620008171430061C00414FB8002146E094C2503
:10E63000A20F40096E0D4C0581B5C0096C1D0C2957
:10E640004E66402B4266E00C8C0B600CEFE05D6880
:10E650000C0C8E0BDD93F20C69840824E9840A34D7
:10E6600018440048B85FE0840425A75BE9840244AD
:10E670008625A35B86A5A55B5C08A15BC44DDA007B
:10E68000A11B8065A11B84858185863582E5A11B40
:10E690005C08A31BC44DDA00C74D82559A005C0884
:10E6A000DD9380368205C44D80D5A11BDD93802685
:10E6B00080168111C74DDD93A31B8065DD93FC455A
:10E6C000FA1C044C986B008BEFF875C867C10E807C
:10E6D000434640AE0121E00C7758900B8E3B6FF81B
:10E6E000A10B81911C1482357FFD45FE434AC03F3A
:10E6F000120CE408980EE2000C4C9A9EDD93F21C7A
:10E70000FA84040C61984F061C6E806BE1000206CF
:10E71000E82865088C0B1C14E80040888C0B1C143E
:10E72000F2840C0CC1C38765FA84040C807B026BF5
:10E7300060084026655002704E01C089402B6C1D58
:10E74000641100600921C0116A9881310060E818E5
:10E7500040116421650102702921C08969F8813165
:10E760000060E81840116471656102702121C08960
:10E77000695881310060E818401164B165A10270E8
:10E780004506C08989316018F2840C0CE01828888D
:10E79000FA7C040CECF01EF082BB006B6E050C09D9
:10E7A000A30BC03616099675C00464A1E3FC000AE9
:10E7B0000C0994A540386321E19C4E0A001A81811E
:10E7C0000B38E000C0002001600C00564C01967B25
:10E7D000402B6C1D66B112601460C0BF40C0652143
:10E7E000641100B002B0C01140146461662116606B
:10E7F0000460C0AE40AE65A165E1187009BEC01FDF
:10E8000064C106607ECEC0AD652108607C2EC0ADBF
:10E8100065410A603E1EC0543C0E941B5538920B55
:10E820008E2B6FC463210C094E0A4038001AE19CFC
:10E8300007B8E000C0002001600C0066656006605B
:10E840004C01C0D8402B6C1D141B920B4D988E2B85
:10E85000964B6FC04E0A0DA54046E19C43466008AA
:10E860004C01E14C402B6C1D641104B01860C011C8
:10E8700040AE65A1640110B00E60C010409F67619A
:10E880006611086014B0C0AD401365B1679112B055
:10E8900017BEC010662116600404C0AE66D10260C7
:10E8A0000FBEC0546451066019BEC09E0D9E8EBB43
:10E8B00066710A608B8EC0A2FECE89AE186013CE40
:10E8C000C0A364A108607C4EC06C6701964B3E4EAD
:10E8D000BCCE9B8E9D2E951EEFB84988A18B808B58
:10E8E000405688750A606008C0A164706C1D4C01B8
:10E8F0004146402B1734E14C9924964B023080045A
:10E900004014646165E10E30892EC01FFC1EFE7E3E
:10E910009B249D14861B3E1E923B3CAEEFB44EE8FA
:10E92000A18B808BA18B8A456E890C051056400AFD
:10E930000C15C00CC00A6E8D6E910C250C35C00AEA
:10E94000C00A6E95693D4C034060400A4C13DC00E0
:10E95000400A6941C00C025669454C234C33C00A39
:10E96000C00A69490C1D0C294478C02B100BCFE05C
:10E970000C0CF8F1DD93F27C60084266E14C4146F4
:10E980006C1D4C110260402BC0B667010A6019244F
:10E99000C0A366E19B3480048E2B7C2E9514BE1E92
:10E9A000BC1E934469589D1417B4EFB4A18B808B9F
:10E9B0009FFC30184E0A77A5C1C3E99CFA7C044C31
:10E9C0004106008B008EE198E100020668284F287E
:10E9D0000191900BE6D45406836117B1817109C58A
:10E9E0006E19101B00644015801FE8A49005A11B40
:10E9F000E13443868428841480A5A12B801F8418C9
:10EA00008CC5A11BF0A44C8268810C09000AC01BB4
:10EA1000410663FC8014E198049480E5900B7A80B1
:10EA2000E800432868188145900B6FFC68810C0949
:10EA30000606401B0C14E138EC0404B0000A8361A4
:10EA40001005E3FC1009DC28002707E55005A17B31
:10EA5000C00A6E698255842CE1984106900B00141F
:10EA6000EFFC6988613806068C04807B029180BCCB
:10EA700084B188A1E040120A8E0BEC95F27C0C4C1C
:10EA8000C1C3DD93FA0C040C808B027B6008403616
:10EA90005001846B402B6C1D641100700280C0110A
:10EAA000406D65714FB8892181316818642100700B
:10EAB00002804011C06D652181312921E8184F087D
:10EAC00060880064658002800225C06D82037C003E
:10EAD00089310C13611D4E250025C0014E25E040F3
:10EAE00040016121E0184506E080000561254E05E2
:10EAF0000209C0014E01E300C00464A163400209A1
:10EB0000E0184306E686426A64A54E01828340040B
:10EB100064B1007002804011C06E6501F20C0C0CF3
:10EB2000E0180BE8FA3C040C15C6006B1060E1A07D
:10EB3000405466D165411260286EC05467610E6012
:10EB4000100BC0AE0C2B921B6A388E3BA10BEFCC86
:10EB500028248455121B900B6C188E3BA10BEFCC14
:10EB6000000014259C0040801C0042909C004670D0
:10EB70008FCC68E86E890C15A10B400A6E8D0C25B0
:10EB80000E06400A0C358000C00A6E916E950C4549
:10EB90004C13C00AC00A693D69414C234C33C00A7A
:10EBA000C00A694569494C438265C00A6C1D0C293D
:10EBB0000E56402B0256E00C8C0B600CEFDC71E81B
:10EBC0000C0C8E0BDD93F23CF87C040CEC601EF018
:10EBD0006141001915C640150029E0104015614536
:10EBE000422A81B10029E686C0156211FA8002141A
:10EBF00004000B2EC066664904007E2EC058665184
:10EC000004007C2EC06B664597C5BE2EF08C440276
:10EC10006F410479E57DC0158B2482D5E68A483A98
:10EC2000F09044026E410429F02DC01A544A80D558
:10EC30008075E48882B1157569910029A52BC02BD8
:10EC400040880444C0000A16D080442208910495EC
:10EC500086B5C00560840444802383516D2104631C
:10EC60000454C00CCF2DFA8080880844908048421C
:10EC70000891089588058005825108238023C227C2
:10EC80006D2104238D2DC00CFB55FAA5FA80045488
:10EC90000844CF2D48428084086B9080800C0D2161
:10ECA00008238265C427825104258023C00568910A
:10ECB000FAA5D22D0B24F905FCC4D5974A2A899EC2
:10ECC000FE24E68E60840654E088085498433EC4CF
:10ECD00004640433FB27FB00985306291064846303
:10ECE00083617B00858709C5F02D9428544A80955F
:10ECF0009025E48818248C2286C9E1F40424982302
:10ED00008527FB005822102412C0F1A0130AEDB091
:10ED1000C0046475D52702E56D4018C0E004524672
:10ED200060A658CA89948221EC0818C0E00A449A67
:10ED3000099483D5190A8221C0026045600A449A69
:10ED4000C00013E6402658CAC0041306589202F5C4
:10ED50009F91D1B066A658CAE00452466EC118C051
:10ED600058CAC00418C0E0A6D82DEC14C00004D6C0
:10ED7000C0004A218431026182510841ECB5CF6D57
:10ED800006B4EBA5C33DFA800101D0550C0CB0F1DF
:10ED9000DD93F07CF81C040C63150019A51BC0382A
:10EDA00000199415C03864D19275A11B61410019F6
:10EDB000813140156145002989414015E686442A84
:10EDC000621100190795C015FA80042470B04A0238
:10EDD000E68658CA67410A50816140579883858505
:10EDE000F0A04E026E410E99AB9BC01AC28786F509
:10EDF00010838083C00C6D21E1F412840093869906
:10EE0000401C626D108492838587FB0082D5928DB1
:10EE10006A410E890099C01AC03864D5D28DC38763
:10EE200006410E704E41806B826180001064147840
:10EE3000CF8DFA808231F4B5FA801834F0F5C5CD63
:10EE40000C0C8101DD93F01CF804040C61410019E5
:10EE5000FB3140156145002981414015E686422A73
:10EE60006211002909F5C015FA800214668A4A7AEF
:10EE700066400C005862C05818C9F094C0046C0178
:10EE800018062BCB8675E0800E798073C0156F4114
:10EE900084A5A17BE084185481C118636C010C63C4
:10EEA000876DC0010CC480C58CC3E1FC83C701F52C
:10EEB000600D0D0A59F6402082C5E07CE17C0CC44F
:10EEC0008CC3F96718C089C70053E5C84AC182419D
:10EED000C01A6241186483850D0A61F4C003607C26
:10EEE0008CC386C9FB0018C485C776E5617D0D0A11
:10EEF000F8B5C009E17C0CC48CC3FB677D6587C78E
:10EF0000E53018C0FA800E44EC35C37D0C0C81014D
:10EF1000DD93F004FA9C040C5106006B206EE1981E
:10EF2000670112600315C0940C0B8171C016663521
:10EF30006080404AE01000065C004060DC004270E7
:10EF4000CFDC42A88271650EE2300E0A2014FAF579
:10EF50000C0C8C0B8115F29CFA04040CEC301EF0A6
:10EF60000006006B4C01E00C402B6C1DE14C41464F
:10EF700064810E6018604099C08B646104603E7EBD
:10EF8000C0AE66A106600004C09F6761652108608D
:10EF90000A6040A2C0A366E16218BCCEA10BEFC814
:10EFA0000E0602A50C298000402B6C1DE00C0E56AD
:10EFB000600C025652188C0B0E0BEFDC0C0C98F107
:10EFC000DD93F204E10400068008800482095D9369
:10EFD000FA7C040CEC301EF08101008B6FF0592894
:10EFE00081718111600447C61005806B40096E0D68
:10EFF000656104801015C0ADC00A6D496C1D5031AB
:10F000005C58C02B809BEFC482C5A19B6C1D10294E
:10F01000900B402B6FDC4F280311921B57188C0B61
:10F020001575EFF07C6E927BE10401466D59101569
:10F030008004C00A1005801EC00A6D596E0D10159F
:10F040005BF8C0090000EFC4C0806401E1C0120495
:10F050006FCC6488100B920B6BD8921B100BEFCC0B
:10F0600065D8921B100BEFCC6898921B0146EFCC31
:10F07000028661188004E11884248008040488064C
:10F08000E1040386102B8008C016673950018414F0
:10F09000402B657DE10401C68321042C673D101BD4
:10F0A0008004C01641C6001C8004E100C21980180B
:10F0B000004600168004E104D0198018900B001659
:10F0C00060CD101563F8C00E1009E82040386315B4
:10F0D000E1041406A50B83210E9110194106402C62
:10F0E0000005C1104011C000891140000016A8049D
:10F0F0001015900BC00E60D1E82062688F61280463
:10F10000006683211015900BC00E60D5E82061C801
:10F110001676280400B6E0044C58900B5075E800B1
:10F12000400E60ED5075A10BC00E60E960F15075A6
:10F130008885C00E0346FC640186E11883A161182E
:10F1400080A6800480088404409A82015003E00273
:10F15000C0156E01EFE04D68E11800C680A680047E
:10F16000E8206608EFCC4F088C0B0311EFF04CA899
:10F1700098F10E0BF27C0C0C1015DD93C00E60E5BF
:10F1800060DD10058211C00E60E55015A10B400E28
:10F1900050158311C00E60ED60F150159685C00EBC
:10F1A00083913E9EA8048905421080188016F3ECD6
:10F1B0008018A804F2FC4210A8048016421080189F
:10F1C0008016F3F48018A804F3F84210A8048016FF
:10F1D0008321002660D11015900B400EE8205B487B
:10F1E00083212804900B006660D510155AB8C00E14
:10F1F000A804E820900B00B6E80045689015A10B24
:10F2000060E510058291400E60ED10158201C00E80
:10F2100060E550058211400E60DD10055015C00EEE
:10F22000C00E60ED89210201EED5C19D6C1D102933
:10F230000236402B7E18E008900B6FD8E0080E369F
:10F24000831100AB45D8FC0421ABEFF03E94806BFA
:10F2500080000E061029EF15402B6C1DE0080236C9
:10F260006FD87CC80E36900B00ABE008FC0483110D
:10F27000EFF04488806B21AB0E066BF51005800023
:10F28000400E6105E118034660E150955095C00EAF
:10F29000C00E60E9D30D7C6401055095BE94C00E8C
:10F2A000C1C3E9D5FA00040C60D900158121400ED4
:10F2B000682054A800C68161038661448004E1008F
:10F2C00080288414464A843800C5E09080000C16DB
:10F2D000E08C444A8C0BFCE5F2000C0CC1C3DD93BE
:10F2E000FA1C044C8101006B6FF040C881818111D0
:10F2F0000186007B0004E118E00443D66C1D4C112C
:10F300001286402B8086E13C6E0D0C05A414C009CA
:10F310008201D9076E014C038408C015F37C4000BC
:10F32000000604068014E104442084288426F3ECBB
:10F3300084288014F2FC44208014842644208428ED
:10F340008426F3F480188004F3F8421041C60016B6
:10F350008004E100421080180016F3F8E104004632
:10F3600080188004F3DC42107DB88016A404EFDC22
:10F37000021480188016FC94EFC87E688E0B03116F
:10F38000EFEC7C08E11800C680868004F21C0C4C6F
:10F39000C1C3DD93FA04044C4326006B0C01E00466
:10F3A000C02B65B56C1D4C11400AC02B0C09E084C4
:10F3B000C02B05A943068C958418EFDC80B5A31BF0
:10F3C00066E90C0985B5C026F700008A0C1980D5BE
:10F3D000C02666EDFCA5A11BE098404A0C1980C52B
:10F3E000C02C6CFD8265A11B820DFF110C198215CA
:10F3F000C02666ED0465A11B80004046E094400AEB
:10F4000005A90C090260002B80AD05B10441026022
:10F410008418C09E08450C098203C027E10042867B
:10F4200084068414A10B8408840880A5E504008A5E
:10F43000404680958406E00061004E469C0483218E
:10F44000421080188016F3DC80189C040016C21944
:10F45000479887118C0B682083211C04C4198018DD
:10F4600099110016682047089C048C0BC819801855
:10F470000C4C8016DD93F204E10441C68018800430
:10F480008016C219C1C3DD93FA04044C4246007BC6
:10F490004598E0048121682000C6816103866144AB
:10F4A0008004E10080288414464A84388425E0984A
:10F4B000E08C444A0E29FE25402B6C1DE0080C868A
:10F4C0006008028669988E0BA30BEFD8C0000C066B
:10F4D000E8204A880C4C8C0BDD93F204FA00040CF3
:10F4E00041F6016157D8E03C81116F88E14441C683
:10F4F00080668004EFDC6EA8EFDC7148EFDC7328D7
:10F50000603C41F656D883110C0CEF883358F2005A
:10F51000C1C3FFC8FA00040C40C6006B4C01E008F0
:10F52000C02B6C1D6D490C054C05C006C00B6685D3
:10F5300066850C057778C00B0004EFC04C05FB8096
:10F54000C00B668965390C094C01C02BC02D6A358A
:10F55000653D0C094C01C02BC02D6A39F2000C0C22
:10F56000C1C3DD93FA00040C40D6006B4C01E008E7
:10F57000402B6C1D0C059111C008695966794C052A
:10F580000C09C00BC02B65CDEFC072A86A054C01F9
:10F590000C05C02DC00B637D667D4C050C0CC00BAB
:10F5A000DD93F200FA0C040CC417006B600840E60F
:10F5B0004C018C13402B6C1D0205847BC0066D61D1
:10F5C00066794C050C09C00BC02C6E316D0D0C0911
:10F5D000A30B402C404A84150060E08C00AD054D23
:10F5E00005A10260006080B340AD0549059102604D
:10F5F00081C5C0B3608C404A65C002600060C0B382
:10F6000080AD0545054100608008C0AD91110484BE
:10F61000EFC06E686A054C01A37B402D03890C8501
:10F620004C85800BC00B667DF20C0C0CC1C3DD93C6
:10F63000600848F640418231C02B6C1D6671004560
:10F64000A14BC00B06710045463AC00B4035C012B5
:10F65000C00B6669666900350045C00BC00B666D5E
:10F66000E192463A666940354021C00BC02D69D110
:10F6700069D54011DD93C02D6008430640118921F2
:10F68000C02B6C1D6A7140210019C02DC02B655123
:10F690004015D617C00B66916D5100154015C00678
:10F6A000C00B669569D10019A51BC02D031184D527
:10F6B00040118121C02D6A7565F500154015C00BFC
:10F6C000C00B669965F900154015C00BC00B66A10B
:10F6D00066B14025DD93C00B681500198121402DCE
:10F6E0006A7540110015C02DC00B65FD6699401567
:10F6F0000200400BC0B666C168150039872DC02DC9
:10F700009A005C0878A80235024582210055F898D5
:10F71000C00B6669E692485A424586430235F810A6
:10F72000C237F810F8104235F810023569D5004993
:10F73000C247C02D084B8043C0146669E012463AA8
:10F74000F8104235F81002354235C3370235F8104B
:10F750000245F8880055F878C00B6669E692485A69
:10F76000844E8643C23784348434843E69D500494C
:10F77000C247C02D084B8043C0146551E092463A01
:10F780008434843EC53E8337C1C3F785667D00154A
:10F790004015C00BC00869456A0500194011C02D0D
:10F7A000C0226549C1C3DD93667D00154015C00BBD
:10F7B000C0066D4D6A0500194011C02DC01B65695A
:10F7C000C1C3DD93E0280225E02C0215695D4025C8
:10F7D00045F640084015E02CC008696162C9402325
:10F7E000DD93C011FA9C040C808B046B608800646C
:10F7F0005282827B433670805011E008402B6C1D92
:10F80000668100900270C06D892164A068106488D0
:10F8100000908131406D6781E4B00270813109212F
:10F82000E81063E860184106E4C002706682406A2E
:10F83000E024040680838531650100800C0CC06ED5
:10F8400022D8F29CC1C3E010FA0C040C826B007B3E
:10F850006CFD0E3943F6402C6EB8E00C85216FFC30
:10F860006FFC70C867F88E0B8E0B6FFC600840A6AB
:10F8700065E002704E01C0B6402B6C1DE14C414664
:10F8800004700004C0B6664164A0086062188C3B36
:10F89000008BEF94E00841266C1D4E010070402B58
:10F8A000C08965A164C00260E024040668105F8816
:10F8B000900B8531F20C0C0CC1C3DD93FA1C044C87
:10F8C000866B008B708852821219827B401B688184
:10F8D00010398321C02C6CFDEFFC6AC86FFC6CE80A
:10F8E0001219900B401B688165D8900B8C2B6FFC14
:10F8F000600840B665E002805001C0B6402B6C1D28
:10F90000E14C414604800004C0B6664164A0087022
:10F910005DF88E3B1229EF94401B6881100B806BC1
:10F9200076188E1B8C0BEFFCF21C0C4CC1C3DD93C4
:10F93000613000C6E1300306054600040786E13069
:10F9400009C661304A06E130584661308004E13032
:10F950008414841400138824E13040868C34882475
:10F960008C34841386139044945490449454881394
:10F970008A13B0C48004B0C48004981382035D93DA
:10F98000FA00040C0146006B0004E124E124454622
:10F990006E090C158008C009C50788244400083486
:10F9A0004DB8F00C8C0B68206CFD0C198121402C9B
:10F9B00064B54C054C21C005C01562E162E94C21DB
:10F9C0004C11C015C01562EDF2000C0CC1C3DD93E3
:10F9D000E118420684188414655D4011DD93C0224D
:10F9E000E118420684188414657D4011DD93C01B24
:10F9F000FA00040C0046006B0004E128E1184206FE
:10FA0000841480044C058201C008694591110408E2
:10FA1000EFC04E6865494C010C0CC022DD93F2002A
:10FA2000FA00040C0046006B0004E128E1184206CD
:10FA3000841480044C058201C0066D4D91110408A8
:10FA4000EFC04CE86D010C194C01C02CC01B65695E
:10FA5000655D4C110C0CC01BDD93F200FA00040C28
:10FA600001C6006B0004E13480048B3165490C2928
:10FA70000C19C022C0226559695D4C0559F8C008AF
:10FA80004C05EFC040086961E00C43F665914C11EC
:10FA90000C0CC022DD93F200FA0C040C68206DC837
:10FAA0004278806B8C0B6800668100600206406DB6
:10FAB000C0206341600404064F1881310E60E810D5
:10FAC000406D678181F5A18178400E050C298B314D
:10FAD000C01B656965790C195718C01B5D0EEFC016
:10FAE000EC041080FC35A18BF20C0C0CC1C3DD932F
:10FAF000FA9C040C0206006B45B8E0040E60E82096
:10FB0000406E64810195A1815D188C9B5E788C0BA1
:10FB1000650EEFD4EC041080FE15A18B65810060AA
:10FB20000406406D0131E0040C0C8C1B0B78F29C38
:10FB3000C1C3E01065A1000002064089C020631D1A
:10FB4000602404060AB88731C1C3E01065010000D3
:10FB50000206406EC02061016240040609F8873148
:10FB6000C1C3E010FA7C040C6D911EF0006BC00460
:10FB7000E13041466C6D0C2942C640220C39E1301F
:10FB800040226FBD4C41854140226C690004817167
:10FB90004C21822140226C6D4C31823140226FBD5C
:10FBA00064D104F00414C002E41006F095511D4124
:10FBB000818101C112C4836582C17A80E112529AA7
:10FBC0006696549A120CBB9B10A3E20014A4928375
:10FBD000C4A7FA80FC2800B502A5C9BECDAEFC289A
:10FBE000E230180A0060FA354090658164D102F075
:10FBF0004506C00281316020E8104528664100605A
:10FC000002F040924506E41081316020E8104488FB
:10FC1000613000C6E130024604C600040414E13835
:10FC2000663106600824C08B83658141700C4A40B0
:10FC300018548241A75B608462000A0C18C48EC30A
:10FC40008A737A80C4C708CEFC300065F820466508
:10FC5000FC3002C5B14BCDCE1EF0FA55C004659103
:10FC6000F27C0C0CC1C3DD93E118420684188414A5
:10FC70006CAD4011DD93C022E11842068418841453
:10FC80006FFD4011DD93C022638500154015C00B48
:10FC9000C0086B21C1C3DD93638500154015C00BFF
:10FCA000C0086BF5C1C3DD93FA1C044C8101008BC5
:10FCB0006FE87288816181110006007B0004E11009
:10FCC000E00443166C1D50118391402B00460096B2
:10FCD0008004E108C2198018008600168004E1083B
:10FCE000C21980187C9880167CF8EFF8900B6FF89A
:10FCF00082E5A10B6C1D10290C86402B0286E008C2
:10FD0000900B6008EFD467A80B45A30BC0000C064E
:10FD1000EFD86E886FF874084558900B900B680008
:10FD200061144106E0044566801880040016C2197B
:10FD3000E1044086435600040096E004E1180046C2
:10FD400050118004C02B6C1D00C600968004E11881
:10FD5000010600961019E10CC02C6E5D5021800444
:10FD6000C02B6C1D00C600161019E10CC02C6E656E
:10FD700000168004E10840866E6110198004C02CD2
:10FD8000404600161019E108C02C6E690016800468
:10FD9000E14441866E5910198004C02C417600164A
:10FDA0005001E004402B6C1DEFFC41F6680049084F
:10FDB000031181116A588E0B8C0BEFE8F21C0C4C6E
:10FDC000C1C3DD936E8100290346402C8414E110E9
:10FDD000038604260029E110C02C6E8504268414B5
:10FDE000E11042C66E8900298414C02C4206042604
:10FDF0000029E110C02C6E5104268414E11005C6C0
:10FE00006BAD00198824C02BF0FC421043C60816C5
:10FE10000029E110C02C6EA18426841463150019FA
:10FE2000A51BC0380EA500290246402C0215C1149E
:10FE30000416C000430680000215811004268000CD
:10FE4000E11402066E5500298414C02C0286042693
:10FE50000029E114C02C6E8D842684146EA900192B
:10FE6000211BC02CE11043868425842408168111AF
:10FE7000E11045468816882463150029A52BC03853
:10FE8000030684E5832161108375841408168311A9
:10FE9000E11045468816882463150029A52BC03833
:10FEA00041100306C0000406C0000215050680D5F7
:10FEB0008824E1148125881600098426402C6E9D33
:10FEC000E110024684068414C1C3DD93E11C04C61C
:10FED00008168824E11C050608168824E11C05463E
:10FEE00008168824E11C058608168824E11C05C62E
:10FEF00008168824E11C440608168824E11C4446A0
:10FF000008168824E11C448608168824E11C44C68F
:10FF100008168824E11C450608168824E11C45467D
:10FF200008168824E11C458608168824E11C45C66D
:10FF300008168824E120040608168824E1200446D7
:10FF400008168824E120048608168824E1144386D4
:10FF5000840C8414C1C3DD93612401C68004811123
:10FF6000DD938016FA0C040C0046006B0014E118B7
:10FF7000E00804C66C1D4C218121402B11C6037181
:10FF80000426E124E12C4306042684148004851110
:10FF9000A00480768C0B0026E818524802762004D4
:10FFA0004C11E008C02B6C1D0C0C8076DD93F20C1C
:10FFB000FA0C040C827B043B861B012168186C48F8
:10FFC00000068161434661280004E12CE14404C637
:10FFD0008131041480C8882484488458500A888851
:10FFE0000405E08C80080D56C75745C7C44702C9B1
:10FFF000A6CF0459AACF084946C2A8CF877BF81CD0
:020000040804EE
:1000000070F8FA758C0BE818F20C0C0CC1C3DD9378
:100010000286022B4011E008402B6C1DF9958F11D0
:10002000FA84040C0046007B4E01E008402B6C1D56
:100030007998826B8E0B6FFC600800864E018F11E1
:10004000402B6C1D8C2B8E0BF2840C0CC1C3F7253E
:10005000FA7C044C613811462004806B7001025612
:100060000E86F7AB1246613C0321E114801E8BA182
:1000700080189C04F3F44210891100160016A404A1
:1000800066188B118C0B6818E11416C68008AC0436
:100090006080400AA60599016FA90C15A31BC00B2F
:1000A00001C6A4658004E100404A80089B01608489
:1000B000A51BA2650B11A225645883218C0B68181F
:1000C000E1104046800880046090404A9E859F0170
:1000D0006FA90C15A71BC00B24049CE583218B1171
:1000E0008C0B00A6E81863088008AC046080404AC6
:1000F0009A45A1016FA90C15A91BC00B01C698A5B3
:100100008004E100400A8008A30160842B1B96A5AF
:10011000E10015C60B119625615883218C0B6818D8
:10012000E1104046800880046090404A9285A50115
:100130006FA90C15AF1BC00B240490E5832185111A
:100140008B11001668186008AC048C0B404A8008BC
:10015000A70160800C158E25400B6FA9E110444665
:100160008C45B11B8008A8046084400A8A85A901D7
:100170008A45B31B610041068004851188048016FE
:10018000404A80089D0160900C1586E5C00B6FA960
:100190008645AD1B81B1240483210B11E110544627
:1001A000410600B68004E1108C0B00B6E8185CC86C
:1001B0008008A8046090404A80C597016FA90C157B
:1001C000B51BC00B20148295700104760604F7ABB2
:1001D00080BB7A804C35842EC00B6FA9611041061C
:1001E0000004831100168321E100410681110004FF
:1001F000911100160016A4045A588D118C0B681822
:1002000002662004F7AB70019C04801EC41980189C
:100210009C1480164400840800B47C408426FA8034
:10022000F27C0C4CC1C3DD93FA7C040CEC501EF044
:10023000613853062404806BE00402066C1D4C11E7
:1002400054C6402B5106E1388018E1348016C2199B
:100250008018A404F3F84210A804801642108018F5
:100260000016F3F8E00402164C11A004C02B6C1D1C
:100270008C0B0016E8187B686D150C09807B402CF0
:10028000E084404A400A824582E5E0886D210C19ED
:10029000420AC02C8225E08861380046800489111A
:1002A0000C098016C02C6D15F81C004A017580954C
:1002B000E99C4E0A6D110C19A11BC02CE0000E1A0E
:1002C00020010258400AC000400AE99C86C5E99C0A
:1002D000E094404A0C098865C02D631186D5A10BB6
:1002E000022620044C11E004402B6C1DE110164640
:1002F000A31100160016AC0464788C0B0C09E800FE
:10030000402C6E9DAC14807BA17B8406000680E5AA
:1003100087116138801C800440469B958014E10061
:10032000442084280426F3ECE13C028684288414CB
:10033000FC9C042480048426C81980180C098016AB
:10034000C02C6D15E080400A0C0980C5C02D6311DA
:100350009AA5A10B61380006800487110C09801C46
:10036000C02C6D15E084400A0C0980E5C02C6D217D
:10037000E084400A0C098E75C02C6D1128C5A10BB4
:1003800080000E06026620044C11E004402B6C1D18
:10039000A121A1B100600016C06E648102F0017558
:1003A0004138E410EC040420A12BC5366538FE75F5
:1003B0008C0B681C8C1B0C0BE80443280060007B32
:1003C000C06E648102F001754528E410EC0416B09B
:1003D000A1BBC1260C09FE75C02D67C99CD5A50B14
:1003E000680074480F258C0B2004807BE0040246D3
:1003F0006C1D4C110016C02BE1380046851100041D
:100400008C0B001668007B28807B8C1B8C05A17BE5
:1004100061380006801489210336042C0004E008AA
:100420004C118B21C02B6C1D8B05802C02362004B7
:100430004C11E004C02B6C1D004600160004E1388E
:100440000016831144588C0B0C09E81C402D67C919
:10045000A10B807B709880B58C0B68000006807BB8
:10046000A17B6138871100048C15801C6B18EF95F7
:100470008C0B6FF863110C09400AC02D8275E08067
:100480006FF875A86B588C0B8C0B6FF86FF86E8833
:1004900081858C0B6FF857C80C0B8C0B59388C1B53
:1004A0001606EFF889116138001CAC04E00801362B
:1004B0006C1D4C018C0B402BEFF05248807B2C04C0
:1004C0008B11217B11E8801C280480008018A17BFF
:1004D0008016C2198018A4048016C2198018A404BA
:1004E000F3F8421092C58016A17B2404C21980182B
:1004F000A4048016421080188016F3F88018A8040F
:10050000F3F842108A9580166FF863C820048C0BAC
:10051000E00402B66C1D4C118016C02BEFFC51E8B4
:10052000613C10862004839180188321F3BC421023
:1005300000C600168004E110421080180016F3F87F
:10054000401895118C0B6818611041468014812168
:1005500080048426A0048096E01980180006801686
:1005600042E661380004E000001CA8F1E13C00868E
:1005700080188004F1FC42108E0B0016F27C0C0CEB
:100580000C09DD93C02C6D15E088400A0C198C25F0
:10059000C02C6D21E088420A20048A65E0040276BE
:1005A0006C1D4C110016C02BE13800468711000469
:1005B0008C0B0016E8007BA867C90C098171402DDF
:1005C00080B5A70B68006528807B8C0B63110C0934
:1005D000404AC02D80E5E0806FFC4C6877F88C0BBA
:1005E0008C0B6814E035A17B6D150C09400AC02CFA
:1005F0008645E08C028620044C11E004C02B6C1D63
:100600008C0B0016E80079C867C90C09807B402D67
:1006100080B5A90B680062A8807B8C0BD8B5A17B44
:100620006D150C09400AC02C8425E0906FD46F48EA
:1006300020048C0BE00402966C1D4C110016C02B9C
:100640007BF88C0B0C09EFC4C02C6D156088400A38
:10065000D26581716D210C09400AC02CD0A5E088BB
:1006600002A620044C11E004C02B6C1D0C0980165E
:10067000C02D6311E080404A70F884258C0B6FF820
:100680006FF870486F188C0B8C0B6FF86FF86F68F1
:1006900079188C0B8C0B68004DD883358C0B681C3B
:1006A0006FF8628801958C0B013181010C1B8C0B5A
:1006B00050588E2B8271EFF8E0400E0A210BFCF5AA
:1006C0003138807B7C38DFFC8C0B680066350C0B86
:1006D00081714016E080404A9FFC30886FF85828AE
:1006E0000C098C0BC02D6311E080400A62F88EB5B6
:1006F0008C0B6FF86FF859685CF88C0B8C0B6FF8EB
:100700000C098765C02D67C98215A30B68005AE8DC
:10071000807B8C0B2DA8A17B2004DFFCE00402561B
:100720006C1D4C118016C02B6C810C090200C02C72
:10073000E51DEC0440C682C58311610400168004E7
:10074000E10C018602060004801EE800FFFC21582F
:1007500040C6A10B02060104000580004011800084
:1007600020A880004218FFFC8C0B6FF843B62004D1
:100770004C11E008C02B6C1D8311001668007B48EB
:1007800057358C0BC1C3807BFA7C040CEC301EF017
:100790000486006B0C09E13CC03863150C19A50BED
:1007A000402C0E99C1140106C0000005800002060D
:1007B0008110010680000005410600168004E11446
:1007C000E019801888048016421080188016F3DC27
:1007D00080188804F3BC421000C600168004E110A3
:1007E000C21980188C0B0016EFE45A4881013E0EA6
:1007F00050863C0E0391E124E1244E46612454C608
:10080000A185810100067C0E4C01E008C02B6C1D07
:10081000EFD4598860080016E01042C66C1D4C01E8
:100820008121402B6814690800C68C0B8004E144C8
:10083000816580B8EFD4596863294C91A004C03811
:10084000400A800880C5E08063290C09A10BC038EC
:10085000560A8245FAE5E08C63290C09A10BC038E1
:10086000FD45FA55E8146DE88008A004E084404A8C
:100870000C0980C5C038632980C5A10BEFD4572867
:1008800063294C9155F8C03855B8EFC00026EFD415
:10089000428660084C01E03C402B6C1D653881218C
:1008A0008C0B6814E14400C680B8800455988165BB
:1008B0004C91EFD4C038632980089C04E080404A02
:1008C000560A8245FC85E08C63290C09A10BC038CF
:1008D000FD95FAF5E8146A6880089C04E084404AB3
:1008E0000C0980C5C03863298285A10BEFD453A8B9
:1008F000E13C0086801880048016D01963294C9151
:100900000086C0388004E13CD019801851B88016A8
:100910000C09EFC0C02C6EA90106A30B00058110C5
:10092000409180009E258000E11400C6800880046C
:10093000E084400A50589AA50036EFD44226600859
:100940004C01E004402B6C1D5FD881218C0B681496
:10095000E14400C680B88004503881654C91EFD4E2
:10096000C03863298008A804E080404A560A8245BE
:10097000FC85E08C63290C09A10BC038FD95FAF5C4
:10098000E81465088008A804E084404A0C0980C582
:10099000C03863299225A10BE90DFC044D38902540
:1009A00000C6EFC0574661100004E1108018832193
:1009B000F3F84210811100160016AC045C38951152
:1009C0008C0B681443462C040486E1100096E13C2D
:1009D000E11400C680088004E084404A400002051B
:1009E000C0000206C000401180188804F3DC4210E9
:1009F00088048016421080180016F3BCE11000C66F
:100A0000801880040016C219E00C41F6FC04BE0EEA
:100A1000E80D82019FFC2F88BC0EBE044A18818518
:100A20004C91EFD4C0386329EFC048E863150C0936
:100A30004F064038A50BE11470B882158C0B6FF887
:100A40004C01BC0EC0386329E13C0086801880044C
:100A50008016E01980189C04F3BC42103C048016F8
:100A60000C0C98F1DD93F27CFA7C040CEC301EF057
:100A70000809804BC02D67CDE08C400A080B96D545
:100A800040166BE1668112401440C0B540B5654127
:100A9000BC4E817173F140008803C0FF64011000F7
:100AA00000404028C0B366B100407C0EC09C674146
:100AB00087B5BE0E7C04A80A73F14C0028BAC0FFAB
:100AC000816B88636D9880F5880B6810A10B3C449E
:100AD000BE048C1580F5816B68106B283C44880B34
:100AE00088F5A10BA10BA40A240A86A5A41AE0B7D5
:100AF000210B9E0973C1441020BFC0FF0016C91707
:100B0000A4BF0000E686400A4507E1BE0165902BC0
:100B10005934801BEC040210A11BC93EC407FE75AA
:100B200004918083827184A1E49C0F0A8101F08585
:100B30000C0C98F1DD93F27C6C1D08294000402BD1
:100B40004801F3F4402D67CDE00C0E36600C023600
:100B50007538880B230BEFCC0E0698F18E0BC00076
:100B6000F27C0C0CC1C3DD93FA0C040C827B006B8D
:100B70006D210C098181402CE084400A40C68AE541
:100B800085316104834100048C0B0086637D0C1564
:100B90007978C00B822B681463110C09404AC02D70
:100BA00082C5E0806FF85E0848188C0B8C0B6814C7
:100BB000794102068C0B5DCDEFF862C80C0B8155B4
:100BC00064388E1B008BEFF446388C0B0C09E8144C
:100BD000C02C6D01653D4C01900BC022F20C0C0C39
:100BE000C1C3DD936C8100090200C02CE51DEC043B
:100BF00040C682A58311610400168004E10C0186C1
:100C000002060004801EE800A10BDD93DA005C08F8
:100C1000610440C680048111DD938016FA7C044C87
:100C2000826B007B6D390E098181402CE080400A87
:100C30000E099CE5C02D63116D414E81404AC02CC8
:100C40004070E0805E38DC001406C80091B1613865
:100C50000E098BF5C02D6311E080400A1206047561
:100C60000206C0005DCD79415DB88E0B01D5EFF86D
:100C70000331808B0C1B8E0B6218922B008BEFF4D0
:100C8000120A8291FCD5E0406D410E09A10BC02CE7
:100C90000000140580000266800040130D410E091B
:100CA000000A802C1405F00440B38000A18B0000E2
:100CB00001118AF551788E0B0E09E800402C6D4128
:100CC000A10B808B00001405800002768000401389
:100CD0000D410E09000A802C1405F0040296000054
:100CE00040138000A18B00000E1B829540166635D4
:100CF0000E298E0BC02C6D096FC84188808B82191C
:100D00006D410E098201C02C6D414E010E09C02CAF
:100D1000C02C6D416D110E19C30DC02C900BE675E2
:100D2000F27C0C4CC1C3DD93638100158531400B0F
:100D3000638500258141400BE0142C48FA00040C27
:100D40000C09806BC02C6D516080400A8285810146
:100D5000680056880C198C0BC02D67C94060AB1B0E
:100D600068389C000C198FFCC02C6D51E084420A3D
:100D7000625882858C0B6FEC67C90C19B11BC02DB2
:100D80009C0040608FFC67286D510C19420AC02CF2
:100D900082A5E088680056280C198C0BC02D67C905
:100DA00080B5B31B0C0C8C0BCBF5F200F2000C0CD5
:100DB000C1C3DD93FA84040C0C09806BC02D65312E
:100DC000E080404A0C0980E5C02D6535E080400A8E
:100DD0000D118C85794104064EB8DDCD8C0B6FF872
:100DE0008085A10BF2840C0C6BD8DD938C0B6FF417
:100DF0006AAD0C090C79C02BC02C6CFD1E79A30BBD
:100E00009C00406008106BA89A8002746D510C0918
:100E1000400AC02C8425E08C61344106E00845A6D8
:100E2000027400044C21FA80C02B6C1D8C0B002630
:100E3000E8004D68F4F5A10B04060F11DDCD7941F2
:100E40000C0C8C0B0B58F284C1C3FFF8FA04044C51
:100E50008101006B6FE06568007B8111E14841868C
:100E600080088004E090400A0C098CC5C02D67CD35
:100E7000E084400A0C098C05C02C6D15E090404AB6
:100E80000C0980C5C02C6CFD88B5A10B603C41F6F7
:100E90004A7883114206EF7C8C0B6000EFE07948C2
:100EA00061380106E00C43F60C298004C02D67CDA3
:100EB000E088444AC00040154216FE358C0B6000A5
:100EC000EFE0782867CD0C094000C02D4C01F3EC11
:100ED000C02D67CD8E0B0311EFE061480C4C8101F2
:100EE000DD93F204FE7C040CEC601EF0806B3E1E71
:100EF000650D0C098111402B81A10B1E002A911C4C
:100F0000810160040098FE0EC0004001645002F0B0
:100F100077988C0B80ABEFC86048020664988C0B06
:100F20000060E81440096401610112067C0EC020D3
:100F3000E6E41006817109156E190C0B400AC01504
:100F40008C65E49CF09C4062688100B9160AC01B65
:100F50008A65E3FC40010178BE04C0000406A10BD1
:100F6000061600244060800042901C0042629C00F3
:100F7000450650A00646C0184060400068F8DC00F6
:100F80000B34E804E4400AF08C1B0C0B964B7C24D9
:100F9000EFC87588A1AB80AB7E1484B5910A81A19E
:100FA000FB800214FE0E820312900271C0026501E2
:100FB00066C11080FE7DC001FE04F00562994C03FD
:100FC000140BC0160C0CB0F1DD93F67CE11000C6DA
:100FD00080188004F3F84210DD938016FA84040C24
:100FE000807B026BEFEC798882B5A10B66350E1B16
:100FF000420AC01680E5E0808C1B0E0BF2840C0CBC
:10100000E01016E8F2840C0CC1C3DD93638900156F
:101010008531400B041083411538EC28C1C3E0141E
:10102000FA00040C0C09806BC02D67C98235AD0B2A
:101030006FFC51C8A10B8C0B0C0982B5C02D67C980
:10104000701C000A80D581010C0C8C0B10D8F200AA
:101050000C0CFFFCDD93F200FA84040C8171006B30
:101060006D150C09400AC02C8CC5E0906FEC55C87A
:101070005AB88C0B8C0B6FEC6FEC68E80C098C0B7E
:10108000403864B5A10B807B04210060026000E160
:1010900080540701074104600660005480580641EF
:1010A0008FD042A864B90C09A10BC03807010060B9
:1010B00002600054805407410FD047880640046006
:1010C0000C098058C038632180C5A10B0C0C8C0B17
:1010D0002BB8F2848E0BFFECF2840C0CC1C3DD93B1
:1010E000FA0C040C0A86006B0C09EFDCC02C6D0DA9
:1010F0006D150C190C2BC02CC01666316CED0C79DB
:10110000404A402C0C89E080C02C6C716CF10C4979
:101110004210402C0214DC20400A1C0C0660E090B7
:10112000C0B30531053506608C3880B36D114C3184
:101130004610402C4C31FC10C02C6D154A0A9458B6
:101140000424E0840424C084854BFA80DC1002343B
:101150001C504210E08C404A6D154C114010402C40
:101160004C0193F0802C0D15547880858C0B68040D
:1011700063110C09400AC02D0C09E080C02C0D152C
:10118000D3F840000D154C01100A402C8465FFFC7B
:101190007A800084FA8002740C09811B002C0D15E2
:1011A000800002060D114C114000802C4C0193E090
:1011B000802C0D150C0C8101DD93F20CFA00040C4F
:1011C000680043084898806B8C0B680C6C110C0904
:1011D000400AC02B8465E094EFDC4006400A80089A
:1011E00082B5E0806C210C09A70BC02B4FB882B5EB
:1011F0008C0B6FFC68046B0881458C0B6FD44EA878
:10120000A10B8C0B575882558C0B680080B5A10B35
:10121000680044E881018C0BF2000C0CC1C3DD9323
:101220006C21001945C6402B4021E008C02B6C1DE5
:101230004226A31B40118000802B0C1DA71B8A4552
:10124000A51B8205800042360C1D40118515802BA0
:10125000E00042466C1D40110286402B8428EFDCE2
:10126000F0C04420E040040A842880E5F0C0442017
:10127000E080040A842880B5F3DC44200029842619
:10128000C02B6C11E094440AC0000416C0A0422197
:101290006E09001BC419C0156E0940130086401565
:1012A0008018EFDCF3F84210DD938016FA9C040CF2
:1012B0008101007B6FE04268818181116C210E0900
:1012C000806B402BE00843D66C1D4E11A50BC02B44
:1012D000A70B88450E0BA275C0156E0973754000EB
:1012E0000004C0FF4E03FC9440156E0960988E0BFD
:1012F0004838EFBC8E0B680064D50E09A70BC02BD5
:10130000A50B8605008608C5A30B8FDC03D588F5E1
:10131000EFDC00866E090E0B4000C015C0FF737134
:10132000FC9400046E094E030C0CC015DD93F29C76
:10133000EFDC0086424A801880E5E08C6C150E19BF
:10134000420AC02B80A5E08401558008FC080004F7
:10135000C8098008EFDC02864F9884068E0B6FE484
:10136000EFDC1286400AA40882B5E080400AA40897
:1013700082F5E0888E0B3D11EFE052686800496805
:1013800087258E0B8E0B3F11F29C0C0CFFE011C8D1
:101390006E090E0502064009C0FA6001E002401A1B
:1013A00064CD0E150404C005D017E184C20D84136A
:1013B000C00000460002401AE14C0386040E84146B
:1013C0000E0B9511C0156E09FC9800046E094E03B2
:1013D0008E0B4015EFE04F88603C41F6601883119A
:1013E00047D8EF785281EFF00311E0A00C0C8C0B82
:1013F0003878F29CC1C3FFDCFA00040C0146006B94
:101400000004E124E00843E66C1D4C114546402BE6
:101410000C15E124C0096E09882480080834C5072A
:10142000F00C4400681079A802868C0B48866FDCAB
:10143000860EE03CC424860468B10C3B480AC00A0E
:10144000000E6692C3D06400600E400A8823C9472C
:101450004002C50D020991884000C0004201DC0431
:10146000000640004C05C000C00564CDF2000C0C25
:10147000C1C3DD936E09001504064009C0FA60017E
:1014800064CD0005422AC005D007E006E1840414BB
:10149000C01D8403C00000460006400AE14C0386DC
:1014A000840E8414C1C3DD93FA00040C41F6006B72
:1014B0004C01E008402B6C1D4858B7118C0B6FE0B5
:1014C00064CD0C15028AC00580F5E5948C0B0121D2
:1014D000F2000C0CE01006C88C0B3B11EFE0474803
:1014E000600442468C0B8121F2000C0CE0100608CF
:1014F000FA7C044C0006006B0004E13800BC83B1A8
:10150000E1940046A1AB80A80C298265402B6C1D9C
:1015100067388C0B941B6FC80E08A10B0E60C000BF
:1015200040B3645160B88C0B8E1B6FE067CD0C0923
:101530000204C02D420AE1908219608006314C13EA
:10154000400A40168625E0846C110C19424AC02BD3
:101550008465E09461380306E00C45F6404A841443
:101560004225E0880C09C000C02D07CD4000FE35A3
:101570004C01F3ECC02D67CD64D10060106040B326
:10158000C0AF641181A10F0E819113A5FBFC160A57
:101590001311A60541788C0B120AEFE041067BFC83
:1015A0004C01E000C02B6C1D41269CA54C01E000C5
:1015B000402B6C1D5DD88C0B0F14E80063388C0B2E
:1015C0001911EFE07FF88C0B4166EFDC4C01E00075
:1015D000402B6C1D6F388C0B80ABE80098F5A1ABED
:1015E000E00041366C1D4C018C0B402BE810596813
:1015F000A1AB80AB414696954C01E000402B6C1DA1
:101600004A788C0B80ABE8149435A1AB6D090C09BA
:101610000C1BC02CC01666356C040400E00041565B
:101620006C1D4C019E29402B8C0B0219EFC077E8F2
:10163000A1AB80AB41768E954C01E000402B6C1D38
:1016400054F88C0B80ABEFFC8C35A1AB61380006F5
:10165000E00043864C118004402B6C1D001C85115A
:101660005E388C0B80ABEFF48835A1AB6C710C0944
:101670004396402C4C11E000C02B6C1DE3FC000A8B
:101680000C1980E5C02C6CED1606811B01F580005D
:10169000411681A14C01E000402B6C1D42388C0B9F
:1016A00000ABE800A1AB83918391E4258E1B0C0B6A
:1016B000EFE05468901B0C0BEFE057A8D8E5A1AB06
:1016C0006C910C09210BC02CE00041A66C1D4C0153
:1016D0004060402B53D89C00940B8FC8F27C0C4C7C
:1016E000C1C3DD93FA04040CEC501EF00306006B3A
:1016F0000C0BE008C0156E096C1D4C118311402BBA
:101700006D094C11404AC02C810160940D0D0C19DB
:101710004C03C02CC01666716CE94C014210C02C01
:101720004C11DC40C02C0D0D69650C150C29C00D49
:10173000C02C6D0DE000021AA0000038442080C5C6
:101740004C21F3DCC02C6D0D66350C1B442040167B
:101750004C01F3E0402C6CED4C21C229402C6D0D66
:10176000E00C45F66CF14C21420A402C4C03E0940D
:1017700040160681E088420A0CF94C21420A402CAE
:101780004C01E08C402C0CFDE090420A03354C05E6
:10179000420A400B4C21E09CC02C6CF5685880E557
:1017A0008C0B6FF066350C1B420AC0168625E0A034
:1017B00067F10C598C0B402767ED0C490C39C02799
:1017C000C02767E967E50C290C19C027C02767E126
:1017D000E8044188A17B807B0C1B9EF5C016663512
:1017E000E0A4420A031182854E7881218C0B6FC0E0
:1017F000A17B807B0C1B9C35C0166635E0B8420A85
:101800007BF880E58C0B680CA17B807B0C0998B57C
:10181000C02D6311E080400ADC004060CFEC67C857
:1018200065510C094346402B0414E1040000855126
:101830008E09EC040C098406C038632D4006210B88
:101840004C01E008C02B6C1D0C0982F5C0386315F3
:101850000245A50B80000A8600C5A30B80000A661E
:101860000A46A10B02608000405465416411046087
:101870000860C09E40A26671E43000F006F0215678
:101880007F58E410A10BEF800C1D0C290206402BA1
:1018900084B5C00460084416645000604C21C09EAA
:1018A000402B6C1D64A102607818C0A3A10BEF80CF
:1018B0000C298605402B6C1DE00402166E8D4C151C
:1018C0000E56400A4C05E00C400A6E89E00C0256A8
:1018D0006FC849480E0B8C0B0C0CA8F1DD93F20479
:1018E00069650C05A10BC00D0C0980E5C02B6C11BE
:1018F000E094404A414684E54BE6614C0004E00C2C
:1019000066D106600C29C0544015630D66E108607D
:101910000C19C0A3C01563096C1D4C516278C02B13
:101920000C09EFA0C02B6C116094404AE00C0046FB
:101930006C1D4C018645C02B66B10060026040BF43
:10194000C0C0652164C10460066040ADC0AD6521C2
:101950006FAC7288662008600060C0AE40D86561D8
:101960007078811104C66F707765E010C1C3817112
:10197000F87C04CC6D0D00C90316402C4011E00822
:10198000402B6C1DEFDC48066C7900190079C02CE7
:10199000402C6C75FC0010C46D0D408100ABC02C58
:1019A000C016663100198D1EC02C6D09631500B577
:1019B0000069C00BC02C6CF900198F1EC02C6CF58F
:1019C0006635005B0099C016C02C6CF1F8600829E0
:1019D000E084440A0F1B865506108331020A440432
:1019E0000616E3FC120A00004031E3FC402C6CF5C3
:1019F000808583210490959B4021C404402C6CF188
:101A000082CFF111C4C9076563FC020A1654964BD4
:101A1000832161B483310245E0840674FA80063480
:101A20008331071BC40406106CF54031120A402CA8
:101A300080E5E3FC02A4C2A7839BFA80C40404905F
:101A40006CF14021560A402C80A5E080FA800234D7
:101A500080F5CE1DE080564A464A80E58085E080CC
:101A60005880015558C0FC1808BBF3E0EFDC48066D
:101A70006D0D40C1580A402C82C5E084FA80026492
:101A800083110F1B44040260F3FC0C0A8000021651
:101A90006CF940110029C02C402C6CFDFFF8020E9F
:101AA000FFF80C0EE3FC040A44040220E0B44A0AE6
:101AB0006CFD40118855C02C42C2911118C4788425
:101AC00022CFFC0C40C1A11BC02C6D0D8D149015B4
:101AD000020A8F3480E5FBFC7A800214FA80043419
:101AE00084F5832B6CED00198321402C6D09402176
:101AF000020AC02C88D5E3F08D148575020A8F3454
:101B000082A5FBFC7A800214FA80043480E5832BE2
:101B1000E40402306D0940118395C02C6CED00196E
:101B20009121402C788844C2FC0C18C4832124CF16
:101B30006D094021020A402C40C1E3F0C02C6D0D1C
:101B40000C1080654061E404C02C6CED6CED001954
:101B5000A11BC02C42C082C54011F3BCC02C6D0D2E
:101B6000421090189016F3F86D0D00C98315C02C23
:101B7000E08C584A00198225C02B6C11E094424A2F
:101B800058C000B558C0DC4040C1F3BCC02C6D0D3E
:101B9000E08C584A00158405C00B63158265A11BB3
:101BA000633500258311400B0220972B4015C40498
:101BB000C00B6335F07C0CCCC1C3DD93FA04044C3C
:101BC000680C46880E01807B402C6D01008A816183
:101BD00082D5E1B86C1D0E290C46402B0246E00C64
:101BE0008E0B600CEFC470A80C06A10B8C0B800050
:101BF000F2040C4CC1C3DD93FA00040C0C09806B99
:101C0000C02C6CFD80F5A10B6C6D0C09404AC02CFA
:101C10008265E08C63350C05A10BC00B0C15826549
:101C2000C00B631580D5830B6D150C090555C02CB1
:101C30000C09C609C02C6C6DE090400A0C09862581
:101C4000C02C6C898485A10B680C42480C118C0B4C
:101C5000C02C6D056C890C290C01C02CC02C6D01A9
:101C6000F188461282F5870D840D82230C09829536
:101C7000C02C6D15F3F040006D154C010C0CC02C00
:101C8000DD93F2006D150C194C01C02CC02C6D05B4
:101C90004C11C619C02C6D15C1C3FF3582C5A93BB7
:101CA00002A5A33B818804248485A53B8485A73BAA
:101CB0005C08A13B0FD8DA008975FF705C08A12B86
:101CC00045349A00EC0404207BFD4630C13EDFFF22
:101CD0008131FF6583318145DD938125F81C040C3A
:101CE000900145274BFE0141C03F7FFD048485954F
:101CF0000674A33BC4C48841A01146641BFD5080F8
:101D00004E709FFF1FFF1BFD12748A8F58C060E04A
:101D10009FFF1BFC1BFD4C60B09F1FFF10C4517741
:101D200061C7E0C0FB800E7418C450672E8FFA8024
:101D30004095B86F4085F8084065F804C54DF00C33
:101D40000C0CF4F5DD93F01CF81C040C90014527F5
:101D500049FE0131C03F7FFD7FF10A0E180E403F62
:101D6000C03F7001026583D58631700CF80802759A
:101D7000F8040285781052624095F1671274780871
:101D80000A9FE0A02C9FE177E0C00C847804409586
:101D90002E6F986F4065D1874085F010C53DF80CD7
:101DA0000C0CF875DD93F01CEC401EF06018002957
:101DB00000498131BE3EE010C5277C3EA72B7E3E08
:101DC000668A464A0A26834118060000826580001A
:101DD0008151252B814103C1A32B80C5015180F581
:101DE000814181C1FCCEBE5EC008FE4E00340013AE
:101DF00001B5FA80484A81310AF0610A8231E41063
:101E00000A45C447C546FC10FA800834FC95C14D0C
:101E1000A0F10101C1C3DD93EC401EF0601C00295C
:101E200000498131855160147C3EBE3E272BC52779
:101E3000E68A484A18167E3E8205800081C1252B1D
:101E4000A32B80A5015180D5BE5E81C1FECEFC3E94
:101E5000813142080044001381A5FA80610A484A92
:101E6000E4100AF0C4478231FC100A450834C54624
:101E7000C14DFA800101FC95DD93A0F1F81C040C22
:101E8000610C07C6E10C490646060CC40C64E10C63
:101E9000E10C46864F8610540C44E10C1C348B81B7
:101EA000E4600E001C988175EC041080DD98F196BA
:101EB000A18BD9961800FE358961647471788155BB
:101EC000EC040C60A16BD5761D51FE75815580CB5D
:101ED0000A507168D166EC04FE75A15B95411C0146
:101EE00041588155EC040840A14BCD560020FE75A9
:101EF00083316C0468800034080081C100346C04B4
:101F00000A00E88881016C04816103450E54E92DC3
:101F1000000448B08255DB80E8B00E4400600073D6
:101F20000034E4300E7468800E03FB8086C1826149
:101F3000FAB58D1B610442066BFC010A0414C0FF54
:101F4000DB80000404010000040CC0800C0C810143
:101F5000DD93F01CFA04044C4216006B6298E0001A
:101F60000C09E80C402B6C45E10C42460E60041451
:101F7000C0AF6431000CA90B0406E20071588E0B4F
:101F80008C1B6FFC6438026074788E0B0C19EFFCAC
:101F9000402B6C39E46000606C410C298131402B8E
:101FA0000C498185A14BFC04411680758211823158
:101FB000FE15C53D6C3D0C090260402B0C39E474E4
:101FC000402B6C45446281410195F08088589C21EA
:101FD0008075A15B8241450682210201FE15C74D35
:101FE0006C450C298C0B402B6C410C197478C02B60
:101FF0004298EFFC8C0B68100C4C8101DD93F204CD
:10200000FE7C040CED401EF04016006B089BE004C3
:102010004C0186AB402B6C1D010184BB5EB1828BF1
:102020008A7B613061205EA1E2800206E1105E9150
:102030009F0EA10E5E019D0E5E01E0D05E01E0C02C
:102040008C0B60B0E80C5B689F2101118C3B0C0B82
:10205000E80469A860900084E18C028440000D8E41
:102060004E09F1C0E0040E6A71845002937E8F0124
:1020700000B8958E80004001FA800084150E900112
:102080005E0191019F0160B040A20F0EB20FF9AC4A
:102090009AA5A10B4F761E89118EE000F0AC50A2DC
:1020A000928307656C1D0C294376402B4A58E0004B
:1020B0008C0B6FC45EB1A10B5EA1C1305E91C120DB
:1020C0001548C110160AC00081017000440400B018
:1020D000F000164A6200020CF000144A6200040C80
:1020E000141A828381117000240502A084834000A9
:1020F0007000124A060C8121121A62000490F0004E
:1021000040002405049B868380BB82ABF265E88D8A
:102110005EB193045EA1E1301104E1205E91A30B56
:102120005E07E1101504E03CE4200E001E75897E78
:10213000160A40201074FBFCB003FA8044000C2502
:102140001504F07CE080500AA12B8875A0018885D9
:1021500060D05E01F3C0420065C4028A02808E0B2B
:102160000080043C5E118C04838580D06C1D0C299A
:102170004376402B4418E0008C0B6FC4E0004F7690
:102180000F48A10B9BA1C000E1205EA1A12BF1454E
:102190008440000060D05E015E018E0B00F0E0C064
:1021A00016F065003E0EE4D0E4C008F004F00B2EFB
:1021B0003CBEE530E4B00AF08C0B011168004DE83C
:1021C0001EA98C3B140A60C08605FBFCE0804E0A09
:1021D000443C0270CC040070C0D05E118B0482B508
:1021E000E040000AC0281E05C440000080281E05EB
:1021F00060D05E015E018E0B00F0E0C004F064F080
:102200003E0EE520E4C008F00AF03CBE0311E4B045
:102210004B388C0B8C3B680060C01E99FBFC120A8B
:10222000504A86A50E70E0805E71CC048495C0D0C3
:10223000A10B8B0480281E0580D05E01950482A529
:102240005E01A001420060D0028AF3C00E80E5C4A6
:102250005E718C085E7180D000F0E0C004F064E034
:102260003E0EE510E4C008F00AF03CBE0511E4B0F3
:1022700048388C0B8C3B6800807B858196D5A17B90
:102280008C3B13141E198F04A11B60C040101E2527
:10229000FA800004FB8040A27B804092FA80021406
:1022A00040205E25FB804212040491048C0B7A804E
:1022B000E80456A8A17B807B0C0B90354CD88C1B76
:1022C0001E07E80040C6603C0004E10801218511BA
:1022D000020681710016C000E1084106022C80044C
:1022E0000026E200E108414600168004E10841862C
:1022F000020C80040026E200E10841C600168004BA
:10230000E10C000683110004004600168004E10C75
:10231000008600868004E10C8D3480269F14A10481
:102320004C319D24C02767E167E54C014C11C02763
:10233000C02767E967ED4C214C71C027402767F53E
:102340001304A9319F248B411D04A1144616A10B2F
:1023500008F64000442AC000D017668EE692400A74
:102360008023822369594C250E0BC008E5401EF0DE
:10237000F67C0C0CC1C3DD93FA7C044C93348F3E85
:102380008B7591649488909894F5D19D500218A80B
:102390001079F0A44027634156A283C110B4F1A480
:1023A0004E7061901684FBFC16C4FA80967FE8ACF0
:1023B0008675A17B108A0FC40EB6F41016160000A5
:1023C0004E7280000E7491A018799A8016B47C2405
:1023D0009893889CA476B67F0E7088788876EC04F3
:1023E00082718C7498A88C7E7A8012A4EC040E10F2
:1023F0006480149098A6E57DA11B8455148A8655A7
:1024000084F5F6000E904AA750A0ED44B073F0801A
:1024100090789876EC040E7081B59076F3FC150AEE
:102420000E9082159876ED880E7090789076EC0874
:10243000A18B888881C5EA156C1D00294366402B55
:102440006DB8E0084D666FC0A10BE0088161805552
:102450000C4C8C0BDD93F27CF87C040CEC401EF0F1
:1024600066B104009131408B814101550630494EDF
:10247000A13BEC040121FE95015181318B958141F5
:1024800010447C2E7E1EFA80F408088A8881042875
:1024900081913E4E0C2488AB0E2461940469E19C2A
:1024A000E18418240E242E6F0879E18C2E6F90C9D8
:1024B000386F9E294867A9C1800058168B612C2F60
:1024C00000000CF6FA800E244E0A85758665E4A499
:1024D0007A8008A4F000065A7000060A041C98BB13
:1024E000025462004447FA80DC0056604402051B37
:1024F0000415F09040086BAD801016064415961335
:10250000C0086BAD600C121A0A0A829154807BFCE1
:102510000A0CBC00B19BE2007C24F635BE44833932
:102520007C0C040A020C82217E14E2008211824398
:10253000F43C050A0101E8C50C0CA0F1DD93F07C28
:10254000FA7C040CEC301EF04056006B4C01E000AD
:10255000402B6C1D7C0E810171788C0B0C09E800FE
:10256000C02B65F9E080400A050100600206409B2F
:102570004FF8C00004064F6C0C09C018C02B6C212A
:1025800088F5AB0B6D210C094000C02CC209F3F09B
:102590006D214C018C0B402CEFF47AC86D210C0995
:1025A000807B402C4306217B8321EFDC4000042606
:1025B000C409F3F06D214C018265C02C6C1D0C29FF
:1025C0008C0B402B6FC061A8A10B8E1BC0000C3878
:1025D0008111017181A1135512B43E34D09DFA804E
:1025E000004A9C359AC5FBFC7000060A0111960B47
:1025F00084058121F004060A000000069C0042B018
:1026000004060225060A800082B5F0088111010146
:102610004C01962BC02767E567E94C114C21C02778
:10262000C02767ED80F5A17B6FF47648807B8C0B2B
:102630008245A17B6C1D0C298C0B402B6FC05DE883
:10264000A10B8E1B02F0A0F58C0B6420E8004E88D5
:10265000807B7C0465F90C194486402B400AE03CE1
:10266000420AE00ACF07E0808405FC0E7A8002A4CB
:10267000650004600614C09B0433E0888C0E82233E
:10268000E40044B14411BC140C1BE50040156AF988
:10269000C30D82A1D19D862507F50C0916B04027F0
:1026A000E675C4046AF50C1BC11DC0150C1B820520
:1026B000C0156AF143F6430D8855E00C415603C539
:1026C000BC14E000160A83D543F670148615E00C9E
:1026D000020ABC148495F00C6AF50C1BC11DC015D0
:1026E0000C1B8205C0156AF143F6430D8215E00C00
:1026F000E000414667F54C0143F64027030AE00C31
:1027000086D5F40C67F50C09004AC0278605FBFC4A
:1027100067E10C298C0B402782113E1E02143C1EDF
:1027200041D8FA80808BE8001656EB8D0006000039
:10273000D4658000E000413667F54C014CA1C0270C
:1027400040266CF173D88C0B4106EFB481116FDC1D
:102750000E0B80160C0C98F1DD93F27CF81C04CC67
:1027600067F10059A71B402718240131153CE18C63
:1027700005418F6180040F5602160485251B8000D9
:10278000E0084EA60000020680001006231B8265AA
:1027900002958141035681118341600481112916FC
:1027A00012F08381B09FE4503863A476FBFC0A4AA0
:1027B000701C58200A648121FF617A800000048621
:1027C000E8B01864084405554C12FA8010F070887F
:1027D0000063E4500C798B1B40276341E1FC0C142F
:1027E0000C6482634C12FC001069F1984E727C18E4
:1027F0000C7F9830A17B816150045070C1840E74AD
:102800004C627E750634D0A088137A808A1D8C3382
:102810000034F6A50CCCFA80DD93F01CFA0C040C05
:10282000827B006B6D590C059121400A6E0D0C15D1
:102830005EB8C0090C29EFA8402B6551E11843464A
:102840008351041484188448637D0C359E49C00B61
:102850008E19C9170224235F63F8E09004546FA80F
:102860004678E890808B6FE8601002066598902BA0
:102870008E3B6FA8A17B807B0C2982E5402B6C1DD1
:102880004BB88C0B8E1B6FC00E06A30B8E0BC000BB
:10289000F20C0C0C8101DD93F20C0C0CC1C3DD9326
:1028A00064C100390216402B4011E00C402B6C1D16
:1028B00000198341C01562196635002B0059C016F6
:1028C000C02B650D6C7540110019C02C402B6C118C
:1028D000700544204031C080402C6C7D7EF944203E
:1028E0000039C079C02B65096094424A40118511B6
:1028F000C02265956D3140110206402C4041C00058
:10290000C02C6C8D6C8540514023C02CC0166635A0
:102910006D3540314011C02CC02C0C810E19401374
:102920004011C015C02B0C59C1C3DD93E01402291E
:102930006635003B8444C016063482294045FC00BD
:10294000400B63154033A43F40166635EFDC088624
:1029500060240229FC0C0634C22790584A500429EE
:10296000A45FF3F402299056C627E028A62F9029E9
:1029700066354023042440160239FC10C837E02C89
:10298000A43FA0396635403346304016C0FF737D02
:10299000E03002294420CA270029F080402B64C57A
:1029A0004033A43FC0166635E01002394031A72BF2
:1029B000C02C6C71002980F5C02B6C11E094444A46
:1029C000022982650239E0184021E020C02C6C7990
:1029D000663140330229C0160039E03CC02C6D211D
:1029E0006D3900598229C02CFC000634601C022974
:1029F0004031A43F402C6D21FC0406346040024964
:102A0000F3F84A506C8940210400402CC06E64C128
:102A10008449C2474041A64F402C6D21F3EC484009
:102A2000E0440239A65F82396D3940510239C02C29
:102A3000C437E048A64F88396D2140410239C02C87
:102A40000049E04CC02C6D154630CA3748407080B4
:102A5000A64FF37C6D1540410239C02C0049E0506F
:102A6000C02C6D5108448239A64FFC006D51404185
:102A70000844402C0239FC04C237E054A83F843992
:102A80006D5140310634402C0249FC08C447E058DF
:102A9000A83F88496D5140314630402C0249F3DC53
:102AA000C647E05CA83F90496D5140319F31402CB2
:102AB0000249816506306034C946EC04FE55A13BED
:102AC000E038022968FD40210219C01B4011E034A2
:102AD000C0226FB9C1C3DD93FA00040CEC601EF094
:102AE0000C05806BC00A6D6562190C190C29C015A4
:102AF000C02B6C2165B90C393C0EC02B111681011D
:102B00000F3683118B06A32B82258D168285A72B6A
:102B10005E11A52B042600248085800045F613064F
:102B20000345E00C0C4B833140156E090C25FD511B
:102B3000C00D6965212BCB47060C8521C84B62006F
:102B4000041613364642C0000C49F994C02B65B5F3
:102B50008B21092600162706C040701182490B0EF2
:102B60008C0B1536993697369D269B16A1169F46D7
:102B7000A516A316EFFC69688C0B1E1BEFFC6D8875
:102B80000C0CB0F1DD93F200FA00040CEC601EF0C6
:102B900070000216E00404068101006B83113E1EE2
:102BA0008B2111269B16BC0E9F069D26A306A116FF
:102BB000A706A506AB16A916AF06AD168C0B130615
:102BC0009716951666D899161E1BEFFC6AF88C0BA3
:102BD000B0F1EFFCF2000C0CC1C3DD93FA00040C61
:102BE000EC601EF08321006B61D10C190C39C0150B
:102BF000C01562196D650C058916C00A65B90C19F6
:102C00001136C02B3C0E87318F16810165B50C192A
:102C10001B36C02B8B068D3182190D2602161F160E
:102C2000C0407011A1269D36A526A3261306A7062F
:102C30008B1E8C0B97269526633899261E1BEFFC5E
:102C400067588C0BB0F1EFFCF2000C0CC1C3DD93A4
:102C5000FA00040CEC601EF08321006B65B50C09D2
:102C60008141402B62190C390A164015BC4EF00008
:102C7000618C020411368209F88842128B311F06DA
:102C80008C0B3E5E9D369B26A346A146A716A54605
:102C9000AB46A926AF46AD2695269346992697269C
:102CA000EFFC60088C0B1E1BEFFC64280C0CB0F1D1
:102CB000DD93F200FA00040CEC601EF00416006BC9
:102CC000C00460116C210C09A131402B83213E2EE0
:102CD0008B3111366034004A020C8101BC0EE200D7
:102CE0009D369B26A1069F06A526A306A926A71604
:102CF0001306AB06AD268C0B9526AF269926972694
:102D0000EFFC5D088C0B1E1BEFFC61280C0CB0F176
:102D1000DD93F200FA0C040C0206006B7498E2805A
:102D20004046E8040F8660044C01E010402B6C1D07
:102D300081958C8B6381100940F8C0276106E800FB
:102D4000EC040E70FCF5A17B457601110C0BE00044
:102D50000C0C8C3BA915F20C61840404E18C020478
:102D600070804420F03C480060840604282FA0199D
:102D70004630C607A22F7100720040005D93A62F57
:102D8000C1C3A40F60044826640C4B064041C02018
:102D9000402B6C1D640D48068135C020D1C6CDC8BE
:102DA000FEB58B4B81158531FA7C044C4106006BD6
:102DB0000004E1144786867B524660044C31E12CC6
:102DC000402B6C1D0038AD7BE03981B10006003628
:102DD0000004E118E00447966C1D4C318331402B10
:102DE000A4048036868580B68A05A37B8CC5A57B26
:102DF0009025A77B92E5A97B8445AB7B96B5A17B0B
:102E0000612C010680049F11014600B68004E12C6C
:102E1000A4048016421080188016F3E401868BA566
:102E20008004E12C01C600168004E12CA404802655
:102E3000421080188016FD80010689C59F11612C03
:102E400000B68004E12C0146801680048018A4049A
:102E5000F3E442108016C419010687C58004E12CF2
:102E6000014600168004E12CA4048026CC198018A9
:102E700085F58016612C0186E000437600B680045B
:102E8000E12C01C6801680048018A404F27C421054
:102E900083F58016612C0186E000437600B680043D
:102EA000E12C01C6801680048018A404F27C421034
:102EB000FC94021481D580166C1D0C2911A6402BA0
:102EC00003A6E0088C0B6008EFBC59889A85A30B19
:102ED000E12C54C68008A80480F5A10BE13401461A
:102EE0008004800482B5B10B6C1D0C2911A6402B07
:102EF00003A6E0088C0B6008EFBC58089485A30B70
:102F0000E47D240488D58018812142194286001668
:102F10007198E03C8C0B6800614400C6E1340546C2
:102F2000A814800480388824480A84488085E0807A
:102F3000B54B8844460A8E158085E08CB53B8834B5
:102F40000C29FC75402B6C1DE00811B603B6057505
:102F50006019E00800168121E03C428668006F4855
:102F600000C68C0B054661448004E1348824A81413
:102F700084488038E090480A884480858475B34B43
:102F8000E08C460A88348085FC75B33B6C1D0C29A7
:102F900011C6402B03C6E00852F8E0088C0B6FBC4A
:102FA0008045A30B73D881812404E800E00802F671
:102FB000410600B68004E1146C1D4C118018C02B32
:102FC000F3BC4210000600168004E118900B00B616
:102FD000F27C0C4CC1C3DD936004485664200B8620
:102FE0004041C020402B6C1D641108068135C02073
:102FF000D1C6CDC8FEB58B4BDB758D31643149062A
:103000004BC64020C0206439CDC881358B4BD1C61A
:103010008B31FEB5C1C3D9A5E00444766C1D4021B7
:1030200041C6402BC020643905C60165C020643DFF
:10303000C136C538FEB5850B81015D93FA1C044C81
:103040008111007B81310121EFFC6B080E70006B58
:10305000C09A66F1640D5106A1914020E108817586
:10306000EFFC67C812905D06A19BEC048C0BFE354B
:10307000F21C0C4CC1C3DD93FA1C044C8111007B83
:1030800087310121EFFC69280E70006BC0B366B177
:1030900064211186138640208175E01065D8E1080F
:1030A0005D06EFFCEC041290FE35A19B0C4C8C0BE2
:1030B000DD93F21CFA7C044C0046006B0004E1181E
:1030C000E00442366C1D4C1183B1402B613055C673
:1030D00000B68191E13410C60096A804E1340006E0
:1030E00084288014F3C04420800484269E1980180C
:1030F000FF404210008600168004E134A004809650
:10310000A10B8008014680F58004E134BB0B8004EC
:103110000C2982B5402B6C1DE0080FA6600803A6A1
:1031200046B88C0BA30BEFBC28048A45E03C4286D2
:1031300000B6812160788C0B00C6E800054661442A
:103140008004E1348824A014844880388085A14B11
:10315000BD4B8844460A84758085E08CBD3B88342D
:103160000C29FC95402B6C1DE0080FC6600803C6B7
:1031700044388C0BA30BEFBC81718045E8006528B7
:103180000096A804E1180046009680040C4C8E0BB3
:10319000DD93F27C0025A11B000B0521812C43C689
:1031A0008000021580004225A31B80C5A51B8085D9
:1031B00083658225653100250206400B8414E130C9
:1031C0000025842E400B6521E12C43C6042E841477
:1031D000E1300206653100058414C00BDD93840ED6
:1031E000F80C044C611804460834A51B8C46814138
:1031F000A31B882543061025A11B812C00399A3575
:10320000402D6531E12C43064BB6041489C1E00C16
:1032100084488239F3F848408731264F4376044684
:103220000049E00C402D65316531000007D5C0B57F
:103230000049C247402D6531E12C43068249843460
:103240004A508C58A85FF3F884348C566531004995
:103250008C58C02D8849C247F3EC4A508C56A85F61
:1032600000498434C02D6531C2478C584A5090497A
:10327000A85FF3DC04148C56E0084BF66535003982
:103280001806402D8448E004A039C837F3BC4840F4
:103290008F31264F43F604460049E004402D653542
:1032A00065350000CA47C0B5612C4D061874984FAB
:1032B000FA8006348A8F9C889C86A88F8008984460
:1032C000C5079058270F8209A05F825F08049056B7
:1032D00080168311F00C0C4CC1C3DD93F80C044C28
:1032E00061880414E198478686190C54609008247C
:1032F00064B00600A24FC08B0A43C44781D58151F8
:1033000018C05D844C85EC04A1CBF0102031FE5533
:1033100008408251C00164011846A55B4C40400042
:103320007C95DC00DC004E3061984686E0004B86E0
:103330006516442A640000000C34C08CE00C48067A
:103340008151033565124C5AF0B04E12006584630A
:103350008C737C3088C144779C6E8673E0E0180AD9
:103360007001FC55B55B825118067E558101C00085
:10337000F00C0C4CC1C3DD93F83C044C618806147E
:10338000E0080B069321061966964A3AE090083445
:10339000668A581A65B00C00A24FC08B81C11853C1
:1033A0000E608375898164408AAB089B59AE818524
:1033B000EC041080601C4C958891C8A1FE15A18B6F
:1033C0000A5002C1C002650165000840A5CB8E6BA2
:1033D0004B86FA3508006000C09065806516463A55
:1033E000E00C40068151035565024E5AF098501288
:1033F00070985242867388614E8A8E83A47EE68AD4
:10340000E2305285E0E00C0A0251FC15B55B984BA6
:1034100044E01840C0000C068101FCD5F03C0C4C87
:10342000C1C3DD93FA00040C6FFC44688C0B806B05
:10343000F2000C0CFFF005E800005D93C028654128
:1034400000005D93C02B66116108038684149D21E2
:10345000030604260424E10808168311E114450636
:10346000883888240836C839600106060025C0401F
:10347000C00A6EF1A121472D080500290146002749
:103480008004E128010600268004E128DD938016EF
:10349000E128038684288414872B84380220FEB513
:1034A0004011ED5CC02C6D01C1C3DD936008435633
:1034B000E12805866C1D40118814C02B84388428AF
:1034C000FEB5872BED5C02206D0140114011C02C30
:1034D000C015613165394011DD93C0226008436633
:1034E000E12805866C1D40118814C02B843884287F
:1034F000FEB5872BED5C02206D0140114011C02C00
:10350000C015613165594011DD93C01B60084396B9
:10351000E12805866C1D40118814C02B843884284E
:10352000FEB5872BED5C02206D0140114011C02CCF
:10353000C015613562F140114011C015C01B655DB9
:10354000C1C3DD936E01000B070640150C34E14446
:103550008721A12BE686400A00C60C0E8014E144A8
:103560005C08842680049A00424A8018FEA5E08CFC
:1035700080168111C1C3DD936E01000B07C6401593
:103580000C34E1448721A12BE686400A01860C0E0B
:103590008014E1445C08842680049A00424A801822
:1035A000FEA5E08C80168111C1C3DD93F800044CA8
:1035B00061384BC6143485618C48A12BF3EC48402C
:1035C00048460C4610C4E144B0368131B06690C420
:1035D000303690C4E14458866E01000BB0C4C0156B
:1035E0006686400AB00E871100169004E13C000682
:1035F00084C8801484C6C8C980188004F3EC4210C3
:1036000094048016C819801880E5801680189004EC
:10361000E08C424A8036FEA5F0000C4CC1C3DD931D
:10362000614400C680048111DD938016FA9C040C6D
:1036300043E6029B086BE0044011867B402B6C1D27
:1036400041B8848B4206E800C2676118846904149B
:10365000424604968414E118428604868414E118D4
:10366000420604768414E11044208428AC2FF3F43D
:103670000C0C842683F5F29C61144106E114478604
:103680008141001484188428CB278C3482190429A2
:10369000A41F0C5A80348C4C8C48E057F3F84840F7
:1036A00000348C46F984405242408C488C16F2FC1F
:1036B000C1C3DD9361144386E1C0040448000414CF
:1036C000CA07F004F10040004306042C8424E114EE
:1036D00046308838A83FF3F884148836442084287C
:1036E000A02FF2FCDD938426FA9C040C41F6009B8B
:1036F000066BE0045201847B402B6C1D7BD8828BCF
:103700001229EFFC402C6E95E11C0246C887041478
:1037100071C0488004269E79E11843468838842485
:10372000F23C46308836A83F84288414F3C04420F5
:103730000426AE2FE11C028684668414F29C0C0CD5
:10374000C1C3F7A5FA84040C826B007B65350E3982
:103750000E29C02BC02B6539653D0E197C58C02B36
:103760000E0BEFFC66B88C1BA10BE8000C0C8085DF
:10377000DD93F2848C1B0E0BF2840C0CE00027E826
:10378000FA3C040C41A6006B4C01E004402B6C1D7C
:10379000E00443A66FFC7D88807B8C0BA4D5A17BC5
:1037A000653D0C290C19C02BC02B653965350C09FA
:1037B00064B8C02B008BEFA0E1040146902B0004FD
:1037C0000CA58094C0096E0D65410C39920BC02B7D
:1037D0006FA064884C05941B400B636D0C39920BF1
:1037E000402B654963D8941B902B6FA063654C05F3
:1037F000920B400B65450C39941B402B6FA063283E
:103800004C05902B400B63710C39920B402B654D8E
:103810006278941B902B6FA06D590C159121400A72
:1038200063694C05020BC00B5EF8941B4C05EFA0BE
:1038300040066D49E11C02864C058414C0086941AC
:103840006B1D4C054C05C008C0086BF14C01840889
:10385000C01B65714C018408C02265514C0184086D
:10386000C0226CA1434604088414E1186FF14C0196
:103870008408C0224C019E09C01B65759E098408FE
:1038800065554C018408C0224C019E09C0226CA5DC
:103890009E0984086FF54C018408C0228E09C9076F
:1038A00065794C018408C01B8E09C90765594C0114
:1038B0008408C0228E09C9076CA94C018408C02263
:1038C0008E09C9076FF94C014078C0228C0B680043
:1038D0000C0C8E0BDD93F23C68B1001B060E400A07
:1038E000C3D06401E18404146C7900398623402C30
:1038F000E006422AE1840434422A8223002BE00EAF
:10390000C00A68B50206C41D421280004015D18865
:10391000C00B6375C1C3DD93FA9C040C0C19806B5A
:10392000C02B64C165510C990C79C02BC02B65C9A3
:10393000EC040010C797650D810102150C09A71B47
:10394000C02C0E31830180B56E314C010C09C02CA6
:10395000402C6D0DF004000A8E930275E08C404AF5
:10396000054D006001C580AD05490060404AC0AD0D
:103970000060E08C80AD0545054100608088C0ADE9
:103980006FA04E080294900B81417A806102461A22
:10399000101B8C0B64B88E2B0C09EFFCC02B6551EF
:1039A0006C1D0C19C807C02B6AA94C034C03C00D31
:1039B000C011629966494C034C03C011401167F174
:1039C00052188C0BA10BE8000C0C8085DD93F29C47
:1039D0006C1D0C198C0B402BF29C0C0CC1C39F85E9
:1039E000F804040C6E3100190019C02C402C6D0D28
:1039F0008245A11BE08C424A05A1040001C580B3A9
:103A000005910400424AC0B30400E08C80B305C1B4
:103A100005B104000069C0B3C02B64CD005B8824ED
:103A2000C0156AD16AE1004BA36B401568C900CB91
:103A3000003BC00AC00A68CD0461006584C58005EA
:103A40000065A56B8005045D00758425400B6375DA
:103A50000285A76B9C004C70645D0065CC7DC00541
:103A6000046100654C628005424A9A9CD8C7608C0C
:103A7000026402E55857E0B04A5AD847484AE00A7B
:103A80004055E00AC00B6379637D4045481AC00B7E
:103A9000D81D600A421258374045D1B0400B6381AF
:103AA000481A8141423AC00A4045E00AC00B63858A
:103AB000638940158101400BF0040C0CC1C3DD93F8
:103AC000FA3C040C00B6008B5001E008402B6C1D42
:103AD000067B88AB4E18849B820B6FA06FA04F684B
:103AE000210B806B0206FF11A3AB0000820302E5ED
:103AF0008295D30D84A5A37B5095A17BC00B052196
:103B000050958415C00B6521A37B8335A17B82C5AD
:103B1000052150058235C00B652150058185C00BFC
:103B2000653150958145C00B65315005100BC00BB8
:103B300073188E1B5A18EFF80E646FFC4386E1A0D1
:103B40008414E11843C604768414E1180C0C8466CE
:103B50001B18F23CC1C3FFFCFA04044C866B4227DD
:103B6000042484210624FA808233E184600A4E3AD8
:103B70000029C62D402B0C1DC0084296CFB473E817
:103B80006001000681317D09E01E400AE51A420A03
:103B9000E59A440A648100104222C7A1040E728C87
:103BA000C00374246F5C74880C4C8131DD93F20483
:103BB000FA00040C6C010C12811140286F605DA8A2
:103BC0008C0B8C2BF2000C0CC1C3DD93FA00040C9F
:103BD0004206022B0414E118E1244786841881610F
:103BE0008C388C348245871B60080366E0080D66BC
:103BF000EFB470480C06A10B8C0B8000F2000C0C8B
:103C0000C1C3DD93FA00040C4286022B0414E118B0
:103C1000E12447C6841881618C388C348245871B27
:103C200060080376E0080D76EFB46E880C06A10BF1
:103C30008C0B8000F2000C0CC1C3DD93FA00040C65
:103C400002C6022B0414E128E1184746841881615A
:103C50008C388C348E39C9378245871B60080386BF
:103C6000E0080D86EFB46CA80C06A10B8C0B80004D
:103C7000F2000C0CC1C3DD93FA00040C0286022B87
:103C80000414E128E1184746841881618C388C348B
:103C9000871B9E39039682450D9660086AD8E00816
:103CA000A10BEFB480000C060C0C8C0BDD93F20022
:103CB0006C800412813181114800C53D000450041C
:103CC0004212C18406305090FCF5C404820B5D930F
:103CD000FA00040C0C09806BC02B65B5E084400A27
:103CE00005A90C194086402B0005C1004011C000F9
:103CF0008495C0006D210C09400AC02C82C5E0806B
:103D000063790C158531400B8C0B03416FFC6DA85A
:103D10008C0B822BF2000C0C81018165F2000C0CE3
:103D2000C1C3DD93FA7C044C0086006B8004E13C47
:103D3000421080188016F1FC65B50C09404AC02B72
:103D40000004609880C5FA006CFD0C19A11BC02C02
:103D5000FF1182858235820D66ED0C19A11BC026EC
:103D600002600285809906E5E094400A04450260FD
:103D70000260C09E80AD05A953F604180C39E0001E
:103D8000C02B65AD70844432050AA613161264FC7C
:103D90001224E000400A1A800060E090409906F189
:103DA000C00002064F604E68C018040615860FBE9C
:103DB0000101E1008975817161004086E0084206D9
:103DC000832100048C0B00B6EFF87BE8603C428650
:103DD00052788C0B007BEFE075B88C0B0C09EFF878
:103DE000402C6D01F0A04462A17B28146BF14401CA
:103DF0008408C02641F682658111603CEF644F283B
:103E0000600C430660788C0B5938EFC80C19EFDC56
:103E1000C02B65B5E090420A028482650460608828
:103E2000C09966F09023041344B1840E0C15E4008D
:103E3000C00A6D610206C20D4C11C000C02606ED1D
:103E400082B180D5FA8010B4ECE5D28D65B50C193D
:103E50008291402BE090420AC01C1E25D1884482EA
:103E600006E14C21938B40260C0984F5402666E53B
:103E7000E10042868321041466ED4C210406C0262D
:103E8000E03C41F66F644AE8430681118C0B600CFC
:103E9000EFC85C28420A8595448660940824E100B6
:103EA000044102604CB1C09E402666E505B1026047
:103EB000841880AD021290138816ECFC6C6D0C29EE
:103EC0004C11C02CC02666E969B54C05440AC009EE
:103ED0008245E0906FF86DE80C098C0BC02C6D01E9
:103EE0006D054C014046C02C8014E100442084281C
:103EF0000426F3ECE13C028684288414FC9C042410
:103F000080048426C81980188E0B0016F27C0C4C95
:103F1000C1C3DD93FA00040C40A6006B4C01E00025
:103F2000402B6C1D69588C0B6E38EFF48C0B6FE8CE
:103F30000C19A10B802C0D15937C42100D154C1102
:103F40008111002C6C214C110C0CC02BDD93F20064
:103F5000FA1C044C8171006B66350C0B43F640165D
:103F60004C73EFFCC0166671E080404A0C199885CE
:103F7000C02B6C496C510C890C29C02BC02B6C5583
:103F80006C4D0C39C517402BC527C587482A4537C6
:103F90004A3AE6A20644E6860854FA80893BFA804B
:103FA00080000016888C0004020010C50C398C04B7
:103FB000402C6D09E084400A6686442AFA80081481
:103FC000815101116C040030400283310009D09806
:103FD000C02C0CA16CE94C018305C02C8425A18B5D
:103FE0007A801884E89412346032584AFB800214B4
:103FF0004C13B21FC0166671855D98538345FC153E
:104000006C1D0C294296402B4F78E0088C0B6FB446
:10401000E0084E9666710C1BA30B40166CE90C0968
:104020000E06402C0004C00002147A80400AFB8077
:10403000A11FE6A266714C138E0B4016F21C0C4CAD
:10404000C1C3DD93E1044206841A84146E1940133F
:10405000DD93C015F87C040CEC601EF06C41006927
:104060009F71402B6C4900398181402B6C51004974
:104070008191402B423AAF76421AE69ABE1EE01278
:104080006C4D00193C1EC02B6031020E7C1EC241DB
:10409000E04002168F110D1C95111D1685111F167B
:1040A0008B11211691112316971125169911271698
:1040B0009B1129169D112B1681112D166C5500C9C7
:1040C0008365C02B64200AF00A2982B18023FC0892
:1040D000688144818281401B6C4100690A64C02B65
:1040E00004B47A809453FA80FAB5CB2D00298291DA
:1040F000402B6C45FA8014940494C5AD5420C088BC
:10410000C00313F156A07AB50029DC00402C6C8165
:10411000FA8018C4E012463AA32B3C24DFFC4FEE91
:1041200068BD40713E24C01BFA800A246032485AA0
:1041300064800A000745C06EFA8004246E1900CB23
:10414000580AC01559E6E4844C50000C88A59C0020
:104150006C7900C9E5CDC02C94C888356C410069E4
:104160000079C02BC02C6CE9E01A50CAE00E527ADC
:10417000E11A58CAE692508AE10E4C7A58CA109356
:104180000E94E68E50027A804E7AF0848CC3668A52
:1041900064810C808EC3C06E021198C6020A8251DF
:1041A000F2B5E0400C0CB0F1DD93F07C000010148F
:1041B00000434AB00000092C00001A24004354C0F8
:1041C000000000200000194400000000000000E092
:1041D00000000000008002000080020100000000DA
:1041E0000080021100800212000000000080021610
:1041F0000080021700800218008002190080021A55
:104200000080021B000000000080021D0080021ED2
:104210000080022000800224008002260080022C00
:10422000000000000080022F008002460000000015
:104230000080024A000000000080024C0080024D15
:104240000080024E008002510000000000800253F6
:1042500000000000008002570000000000800259AA
:104260000080025A0080025F0080026000800261CC
:1042700000800262008002630080026400800265A8
:10428000008002660080026700800268008002737E
:1042900000000000008002780080027C0080028123
:1042A00000800286008002870000000000800295E6
:1042B000000000000080029900000000008002A3BE
:1042C000008002A800000000008002AA008002AB6B
:1042D000008002AC008002AD008002AE008002B11E
:1042E000008002B200000000008002B6008002B729
:1042F000008002B8008002B9008002BA008002BBD0
:10430000008002BC008002BD008002BE008002BFAF
:10431000008002C2008002C3008002C4008002C587
:104320000080400000000000008040020080400348
:10433000008040040080400600000000008040092A
:104340000080400A0080400B0080400C000000000C
:104350000080400E0080400F0000000000804013ED
:1043600000804014008040150000000000804019CB
:104370000080401E0080401F0080402000000000A0
:1043800000804024008040250080403C0080403D6B
:104390000080403E0080403F00804040008040411F
:1043A00000804042008040430080404400804045FF
:1043B00000804046008040470080404800804049DF
:1043C0000080404A0080404B0080404C0080404DBF
:1043D0000080404E0080404F00804050008040519F
:1043E000008040520080405300804054008040557F
:1043F000008040560080405700804058008040595F
:104400000080405A0080405B0080405C000000005B
:104410000080405E0000000000804060000000005E
:10442000008040690080406A0080406B000000000E
:104430000080407400804078008040790080407A9D
:104440000080407C0080408400804085008040885F
:10445000008040890080408E000000000080409075
:104460000080409100804099000000000080409F43
:1044700000000000008040A1008040A20000000079
:10448000008040A8008040B0008040B6008040D04E
:10449000008040D1008040D4008040D50000000062
:1044A000008040DD00000000008040DF008043DC31
:1044B000008043DD00000000008043E400804404ED
:1044C0000080442800000000008044480080444CE4
:1044D0000080445000804454008044580080445C74
:1044E0000080446000804464008044680000000054
:1044F0000080469800000000008048C8008048C93D
:1045000000000000008048CB008048CC0000000084
:104510000080491C000000000080343C00808000C6
:10452000008080010080800200808006008080077B
:104530000000000000808009000000000080800E64
:10454000008080100000000000808014008080182F
:104550000080801C000000000080802D0080802EE4
:10456000008080310080803200808035008080367D
:104570000080803700000000008080390080803A91
:104580000080803B0080803C0080803D0080803E39
:104590000080804000808044008080480080804906
:1045A0000080804A000000000080804C0080805025
:1045B00000808054008080550080805600000000FC
:1045C000008080580080805C008080600080806176
:1045D00000808062000000000080806400808068AD
:1045E0000080806C0080806D0080806E0000000084
:1045F00000808070008080740080807800808079E6
:104600000080807A000000000080807C0080808034
:1046100000000000008080880080808C0000000086
:10462000008080940080809800000000008000805E
:104630000080008100800082008000830080008470
:104640000080008500800086008000870080008850
:10465000008000890080008A0080008B0080008C30
:104660000080008D0080008E0080008F0080009010
:1046700000000000008001010080010200800103B1
:104680000080010400800105008001060080010710
:104690000080010A0080010C00812C0000812FFCA9
:1046A00000000D00000000640000BB8000001A48FC
:1046B0000000FB800000000000000000000000007F
:1046C000000017EC00001854000018BC00000000A7
:1046D00000000000000000000000000000000000DA
:1046E00000000000000000000000000000000000CA
:1046F00000001A3F00000000000000000000000061
:1047000000000000000000000000000000000000A9
:104710000000000000000000000000000000000099
:10472000545000800004040400000808AD300080EC
:104730000201030300000300AD38010001E0014065
:1047400000400040010004000000000154580040F7
:10475000041A0100545C01400000271000000FA063
:104760000FA003E802801F40000005005470008085
:1047700003200320000000085478010001130029E1
:1047800000330000020000010401080254880140C7
:104790000000000000000000000000000000000019
:1047A00000000C00AD48010001F4000003060010F9
:1047B0000807080700000008AD6001000000008045
:1047C00000000000201F01F400001D0AAD700080F1
:1047D00008001F4000000001AD78008000A0032009
:1047E00000010190AD80004000002800AD840080F1
:1047F0000000320003200000AD8C00800258FF381A
:104800000000000CAD94010000019000FFFFFC00CF
:104810000000040000000101ADA400C00480061ADD
:104820000040058000000106ADB000C00480061AFB
:104830001900058000000190ADBC0440000000009C
:104840000000000000120025000000060000000526
:104850000000000500000006000000040000000F3A
:104860000000005A00000000000000090B0C0B0BB8
:10487000030311050101010100000000000D00000B
:10488000AE00010400000004000000080000000A5F
:104890000000000C0000000D0000000E00000008E9
:1048A00000000008000000100000001000000020C0
:1048B00000000020000000060000050A02000C08AD
:1048C00000000000AE400040000001FFAE44004088
:1048D00000100401AE48004000001000AE4C004043
:1048E00000000001AE500140000000140400280048
:1048F00003206C000000000000002580AE64004032
:1049000000000002AED8010000C805DC000007AEC0
:104910000104000000000301B55002820000000005
:104920000000000000000000000000000000000087
:104930000000000000000000000000000000000077
:104940000000000000000000000000000000000067
:104950000000000000000000000000000000000057
:10496000000000000000000000000000B5A002826E
:104970000000000000000000000000000000000037
:104980000000000000000000000000000000000027
:104990000000000000000000000000000000000017
:1049A0000000000000000000000000000000000007
:1049B00000000000000000000000000000000000F7
:1049C000B5F0004000FF0000B39C0100349B0435AB
:1049D000021B087C8000120100010800B6C000C064
:1049E000000060000000200000000000AEA80040B1
:1049F00000000405AEAC00800100010000020000D0
:104A0000AEB4004000000000AEB80081000000001D
:104A100000000000AEC000810000000000000000A7
:104A2000AEC800810801010800000008AED0008176
:104A30000108080800000001B5F400800000000033
:104A400000000000B5FC0080000000000000000035
:104A5000B604004000000000B6080044000000005A
:104A6000000000000000000000000000B618004434
:104A70000000000000000000000000000000000036
:104A8000B628004400000000000000000000000004
:104A900000000000B63800440000000000000000E4
:104AA0000000000000000000B64801000000000007
:104AB000000000000000000000000000B6580100E7
:104AC00000000000000000000000000000000000E6
:104AD000B6680100000000000000000000000000B7
:104AE000000000000000000F000103C89FD800C0B4
:104AF000032009600B080817080808039FE4014019
:104B000000000000000000000000000001E00020A4
:104B1000000000209FF80040171717179FFC04049F
:104B2000000046A4000037660000266000001CBCA0
:104B300000001773000011250000110700000E632C
:104B400000008B4C000060A200003DC0000026AABF
:104B500000001BC20000180400001497000010EDB4
:104B60000001281B000093F0000057610000302B6B
:104B7000000020AA00001AB6000015C30000160E9F
:104B800000017FBB0000AD58000071AF000036D9B6
:104B9000000022FB00001C960000188300001796FE
:104BA00000019000000097D60000663B0000330A29
:104BB000000020CD00001938000016A5000014BB2D
:104BC0000000AFCF0000657D00003D93000029D1BB
:104BD0000000194E000015BA000011C60000127F37
:104BE0000000731D0000422C00002E8200001E8079
:104BF0000000181C0000132D00000FC600000F85D8
:104C000000004F04000033E900001F0600001840B8
:104C10000000132C0000129700000E0100000DACE4
:104C2000A0FC0100000000000000000300000000E4
:104C300000000000A10C0100000000800000000343
:104C40000000000000000000A11C00C0000070EB8C
:104C50000C8001E000000026A128090200000000ED
:104C6000000000000000000000010000003600030A
:104C700001D9014302330217024B024101170222FC
:104C80000027005D00050011000000010000000089
:104C90000000000000000000000000000000000014
:104CA0000000000000000000000000000000000004
:104CB00000000000000000000000000000000000F4
:104CC00000000000000000000000000000000000E4
:104CD00000000000000000000000000000000000D4
:104CE00000000000000000000000000000000000C4
:104CF00000000000000000000000000000000000B4
:104D000000000000000000000000000000000000A3
:104D10000000000000000000000000000000000093
:104D20000000000000000000000000000000000083
:104D30000000000000000000000000000000000073
:104D40000000000000000000000000000000000063
:104D50000000000000000000000000000000000053
:104D60000000000000000000000000000000000043
:104D7000000000000000000000000000A248004009
:104D800000000000A24C00810000000000000000B4
:104D9000A25400810000000000000000A25C00811D
:104DA0000000000000000000A2640081000000007C
:104DB00000000000A26C0084000000000000000061
:104DC00000000000000000000000000000000000E3
:104DD0000000000000000000A28C00820000000023
:104DE0000000000000000000000000000000000FB4
:104DF00005010304540000409E1400C09E200140A1
:104E00009E3400409E3804049F3804029FB801007D
:104E10009FC801000000000F020200240F040400DC
:104E2000081010070000000F030101E40F0404172D
:104E300008101007007800080000000807000000B4
:104E40000000000000000000000000C00D00000095
:104E5000C000B4544000C0540401D0540404D055E0
:104E6000010484DB0404C4DB0204C4DE020444DF66
:104E7000010444E0010484E0C00858D800000000A8
:104E80000000000F00020008301800081E1800087B
:104E9000FC17000826180008FC170008F61A00087E
:104EA000FC170008261800081E1800081E18000825
:104EB000F61A000826180008E8170008E817000886
:104EC000E81700086E1B00082E00000035000000E7
:104ED000CEFBFFFFCB03000001000000000000003C
:104EE00034000000CEFBFFFFCB03000001000000F8
:104EF0000000000000000000BC89D897B2D29C3CA2
:104F000033A7A8D523F649393DA7F444FD0FA532B0
:104F10009D978CCF08BA5B25436FAC642806681157
:104F20000020202020202020202028282828282079
:104F30002020202020202020202020202020202071
:104F400020881010101010101010101010101010D9
:104F500010040404040404040404041010101010C9
:104F60001010414141414141010101010101010193
:104F700001010101010101010101010110101010E5
:104F80001010424242424242020202020202020265
:104F900002020202020202020202020210101010B9
:104FA00020000000000000000000000000000000E1
:104FB00000000000000000000000000000000000F1
:104FC00000000000000000000000000000000000E1
:104FD00000000000000000000000000000000000D1
:104FE00000000000000000000000000000000000C1
:104FF00000000000000000000000000000000000B1
:1050000000000000000000000000000000000000A0
:105010000000000000000000000000000000000090
:10502000004300504F5349580042616C6C6F63203D
:10503000737563636565646564002F6275696C648C
:105040002F676E752D746F6F6C732D666F722D7375
:10505000746D33325F31312E332E72656C312E32E6
:10506000303233303931322D313630302F73726374
:105070002F6E65776C69622F6E65776C69622F6C35
:105080006962632F7374646C69622F6764746F6103
:105090002D6765746865782E63002F6275696C648E
:1050A0002F676E752D746F6F6C732D666F722D7315
:1050B000746D33325F31312E332E72656C312E3286
:1050C000303233303931322D313630302F73726314
:1050D0002F6E65776C69622F6E65776C69622F6CD5
:1050E0006962632F7374646C69622F6D707265639B
:1050F0002E630000000000000080E03779C34143C8
:10510000176E05B5B5B89346F5F93FE9034F384D2D
:10511000321D30F94877825A3CBF737FDD4F1575D9
:10512000000000000000F03F0000000000002440EC
:1051300000000000000059400000000000408F40C7
:10514000000000000088C34000000000006AF84032
:105150000000000080842E4100000000D012634156
:105160000000000084D797410000000065CDCD41CC
:10517000000000205FA00242000000E876483742AD
:10518000000000A2941A6D42000040E59C30A2424B
:105190000000901EC4BCD64200003426F56B0C43C0
:1051A0000080E03779C3414300A0D8855734764367
:1051B00000C84E676DC1AB43003D9160E458E143C8
:1051C000408CB5781DAF154450EFE2D6E41A4B443D
:1051D00092D54D06CFF08044F64AE1C7022DB54482
:1051E000B49DD9794378EA44050000001900000015
:1051F0007D000000494E4600696E66004E414E003B
:105200006E616E0030313233343536373839616291
:1052100063646566003031323334353637383941AE
:1052200042434445460030002020202020202020FA
:1052300020202020202020203030303030303030EE
:1052400030303030303030302C2066756E63746909
:105250006F6E3A2000617373657274696F6E2022FD
:10526000257322206661696C65643A2066696C6505
:1052700020222573222C206C696E652025642573FD
:1052800025730A00496E66696E697479004E614E35
:10529000002F6275696C642F676E752D746F6F6C6B
:1052A000732D666F722D73746D33325F31312E330F
:1052B0002E72656C312E32303233303931322D312D
:1052C0003630302F7372632F6E65776C69622F6E84
:1052D00065776C69622F6C6962632F7374646C69A3
:1052E000622F64746F612E63002020202020202014
:1052F000202020202020202020303030303030303E
:0C530000303030303030303030000000F1
:08530C00E4B3FB7F0100000087
:0853140035770208E9000008EA
:04531C00C1000008C4
:10532000070000000000130000000000000015004E
:10533000000000000B000000000000001E00320012
:1053400005FA000000100E00001800000000000028
:1053500000000000000000006000000000000100EC
:105360000700000088C302088CC3020890C302082B
:1053700094C3020898C302089CC30208A0C3020891
:10538000A4C30208A8C30208ACC30208B0C3020841
:10539000B4C30208B8C30208C0C30208C8C30208E5
:1053A000D4C30208E0C30208E8C30208F4C3020839
:1053B000FCC30208ECC4020820C502085CC5020850
:1053C0000201FF0174C60208A0C60208CCC602088A
:1053D000A0C70208CCC70208F8C7020820C8020804
:1053E000070000000000130000000000000015008E
:1053F000000000000B0000000000000068CB020865
:10540000FCCD020800CE02080700000000001300D7
:105410000000000000001500000000000B0000006C
:1054200000000000F8E202080CE3020828E302088A
:1054300048E3020858E3020870E30208B0E30208F8
:10544000E4E3020824E4020848E4020874E40208E1
:1054500090E4020870E30208B0E30208E4E3020803
:10546000B0E4020838E502086CE5020894E5020899
:10547000A8E50208D8E502088CE6020848E302081D
:10548000A0E60208A8E60208C4E602088CE60208C4
:10549000D8E60208F8E6020820E7020848E3020816
:1054A00060E7020888E70208B4E70208CCE70208D0
:1054B000E0E7020808E8020818E802082CE80208F9
:1054C00044E8020864E802089CE80208A8E8020828
:1054D000BCE80208D4E80208ECE8020808E902087F
:1054E00018E9020820E902082CE90208E4E90208A8
:1054F0001CEA020840EA02081CEA020878EA0208EC
:105500001CEA0208B0EA0208D4EA0208E4EA020847
:10551000FCEA0208D4EA02081CEB020838EB020895
:1055200054EB020868EB0208BCEB0208D4EA02085C
:10553000D8EB0208ECEB0208ECEB020807000000D5
:105540000000130000000000000015000000000033
:105550000B00000000000000070000000000130026
:105560000000000000001500000000000B0000001B
:10557000000000006E2500200400000024F3020853
:10558000A0F3020807000000000013000000000064
:1055900000001500000000000B00000000000000EB
:1055A000F4F302080024F4000700000000001300D8
:1055B0000000000000001500000000000B000000CB
:1055C000000000007CF5020800000000A40200209A
:1055D000AAAAAAAA0400000001000000000000001E
:1055E00000000000BC020020BC020020C402002019
:1055F000C4020020CC020020CC020020D4020020F3
:10560000D4020020DC020020DC020020E4020020A2
:10561000E4020020EC020020EC020020F402002052
:10562000F4020020FC020020FC0200200403002001
:10563000040300200C0300200C03002014030020AE
:10564000140300201C0300201C030020240300205E
:10565000240300202C0300202C030020340300200E
:10566000340300203C0300203C03002044030020BE
:10567000440300204C0300204C030020540300206E
:10568000540300205C0300205C030020640300201E
:10569000640300206C0300206C03002074030020CE
:1056A000740300207C0300207C030020840300207E
:1056B000840300208C0300208C030020940300202E
:1056C000940300209C0300209C030020A4030020DE
:1056D000A4030020AC030020AC030020B40300208E
:1056E000B4030020BC030020BC030020C40300203E
:1056F000C4030020CC030020CC030020D4030020EE
:10570000D4030020DC030020DC030020E40300209D
:10571000E4030020EC030020EC030020F40300204D
:10572000F4030020FC030020FC03002004040020FC
:10573000040400200C0400200C04002014040020A9
:10574000140400201C0400201C0400202404002059
:10575000240400202C0400202C0400203404002009
:10576000340400203C0400203C04002044040020B9
:10577000440400204C0400204C0400205404002069
:10578000540400205C0400205C0400206404002019
:10579000640400206C0400206C04002074040020C9
:1057A000740400207C0400207C0400208404002079
:1057B000840400208C0400208C0400209404002029
:1057C000940400209C0400209C040020A4040020D9
:1057D000A4040020AC040020AC040020B404002089
:1057E000B4040020BC040020BC040020C404002039
:1057F000C4040020CC040020CC040020D4040020E9
:10580000D4040020DC040020DC040020E404002098
:10581000E4040020EC040020EC040020F404002048
:10582000F4040020FC040020FC04002004050020F7
:10583000040500200C0500200C05002014050020A4
:10584000140500201C0500201C0500202405002054
:10585000240500202C0500202C0500203405002004
:10586000340500203C0500203C05002044050020B4
:10587000440500204C0500204C0500205405002064
:10588000540500205C0500205C0500206405002014
:10589000640500206C0500206C05002074050020C4
:1058A000740500207C0500207C0500208405002074
:1058B000840500208C0500208C0500209405002024
:1058C000940500209C0500209C050020A4050020D4
:1058D000A4050020AC050020AC050020B405002084
:1058E000B4050020BC050020BC050020C405002034
:1058F000C4050020CC050020CC050020D4050020E4
:10590000D4050020DC050020DC050020E405002093
:10591000E4050020EC050020EC050020F405002043
:10592000F4050020FC050020FC05002004060020F2
:10593000040600200C0600200C060020140600209F
:10594000140600201C0600201C060020240600204F
:10595000240600202C0600202C06002034060020FF
:10596000340600203C0600203C06002044060020AF
:10597000440600204C0600204C060020540600205F
:10598000540600205C0600205C060020640600200F
:10599000640600206C0600206C06002074060020BF
:1059A000740600207C0600207C060020840600206F
:1059B000840600208C0600208C060020940600201F
:1059C000940600209C0600209C060020A4060020CF
:1059D000A4060020AC060020AC060020B40600207F
:1059E000B4060020FFFFFFFF0000020000000000DF
:1059F00003000000BCA101204300000000000000E3
:105A00000000000000000000000000000000000096
:105A10000000000000000000430000000000000043
:105A20000000000000000000000000000000000076
:105A30000000000000000000430000000000000023
:105A40000000000000000000000000000000000056
:105A50000000000000000000430000000000000003
:105A60000000000000000000000000000000000036
:105A700000000000000000004300000000000000E3
:105A80000000000000000000000000000000000016
:105A900000000000000000004300000000000000C3
:105AA00000000000000000000000000000000000F6
:105AB00000000000000000004300000000000000A3
:105AC00000000000000000000000000000000000D6
:105AD00000000000000000001B890208218002086D
:105AE00000000000204F0408C84E04088352040838
:105AF0008352040883520408835204088352040822
:105B00008352040883520408835204088352040811
:105B1000FFFFFFFFFFFFFFFFFFFFFFFFFFFF000093
:105B2000010041534349490000000000000000000B
:105B30000000000000000000000000000000000065
:105B400000004153434949000000000000000000EC
:105B50000000000000000000000000000000000045
:105B6000000000000000000000000000BCA10120B7
:105B700024A201208CA201200000000000000000EF
:105B80000000000000000000000000000000000015
:105B90000000000000000000000000000000000005
:105BA00000000000000000000000000000000000F5
:105BB00000000000000000000000000000000000E5
:105BC00000000000000000000000000000000000D5
:105BD00000000000000000000000000000000000C5
:105BE00000000000000000000000000000000000B5
:105BF00000000000000000000000000000000000A5
:105C000001000000000000000E33CDAB34126DE641
:105C1000ECDE05000B0000000000000000000000AA
:105C20000000000000000000000000000000000074
:105C30000000000000000000000000000000000064
:105C40000000000000000000000000000000000054
:105C50000000000000000000000000000000000044
:105C60000000000000000000000000000000000034
:105C70000000000000000000000000000000000024
:105C8000000000000000000048080020FCA20120E5
:105C900080B588B000AF786039601F23FB18002200
:105CA0001A707B68BB613B687B611A4B5A69194B60
:105CB0008021C9020A435A61EFF31083FB60FB683D
:105CC0003B6172B6C0460FE07A69BB6912681A6020
:105CD0007B6904337B61BB690433BB611F217B1883
:105CE0001A787B1801321A701F23FB181B783F2B80
:105CF000EAD9C046074B1A69C0239B021340F9D169
:105D00003B69BB60BB6883F31088C046C046BD4694
:085D100008B080BD0020024034
:065D180000000000000085
:040000050801788DE9
:00000001FF
